cell,x_um,y_um,orient
INTERNAL_3,1.33,-52.72,N
INTERNAL_7,4.09,-52.72,N
INTERNAL_7,9.61,-52.72,N
INTERNAL_3,15.13,-52.72,N
INTERNAL_3,20.65,-52.72,N
INTERNAL_3,26.17,-52.72,N
INTERNAL_7,28.93,-52.72,N
INTERNAL_3,34.45,-52.72,N
INTERNAL_3,45.49,-52.72,N
INTERNAL_7,48.25,-52.72,N
INTERNAL_3,56.53,-52.72,N
INTERNAL_7,59.29,-52.72,N
INTERNAL_3,64.81,-52.72,N
INTERNAL_3,70.33,-52.72,N
INTERNAL_7,75.85,-52.72,N
INTERNAL_3,81.37,-52.72,N
INTERNAL_3,86.89,-52.72,N
INTERNAL_7,89.65,-52.72,N
INTERNAL_7,97.93,-52.72,N
INTERNAL_7,103.45,-52.72,N
INTERNAL_3,117.25,-52.72,N
INTERNAL_7,120.01,-52.72,N
INTERNAL_7,128.29,-52.72,N
INTERNAL_3,133.81,-52.72,N
INTERNAL_3,136.57,-52.72,N
INTERNAL_3,147.61,-52.72,N
INTERNAL_7,150.37,-52.72,N
INTERNAL_3,158.65,-52.72,N
INTERNAL_3,161.41,-52.72,N
INTERNAL_3,164.17,-52.72,N
INTERNAL_7,169.69,-52.72,N
INTERNAL_3,177.97,-52.72,N
INTERNAL_7,180.73,-52.72,N
INTERNAL_3,186.25,-52.72,N
INTERNAL_3,191.77,-52.72,N
INTERNAL_7,194.53,-52.72,N
VIA_M1M2_PR,167.21,9.35,N
VIA_M1M2_PR,184.23,9.35,N
VIA_M1M2_PR,160.77,9.69,N
VIA_M1M2_PR,175.49,9.69,N
VIA_M1M2_PR,177.79,9.69,N
VIA_M1M2_PR,181.93,9.69,N
VIA_M1M2_PR,161.23,10.03,N
VIA_M1M2_PR,185.61,10.03,N
VIA_M1M2_PR,174.11,10.37,N
VIA_M1M2_PR,183.77,10.37,N
sky130_fd_sc_hd__decap_3,10.12,10.88,N
sky130_fd_sc_hd__tapvpwrvgnd_1,23.0,10.88,N
VIA_via2_3_2000_480_1_6_320_320,30.14,10.88,N
VIA_via3_4_2000_480_1_5_400_400,30.14,10.88,N
VIA_via4_5_2000_480_1_5_400_400,30.14,10.88,N
sky130_fd_sc_hd__tapvpwrvgnd_1,35.88,10.88,N
sky130_fd_sc_hd__tapvpwrvgnd_1,48.76,10.88,N
VIA_via3_4_2000_480_1_5_400_400,60.14,10.88,N
VIA_via2_3_2000_480_1_6_320_320,60.14,10.88,N
VIA_via4_5_2000_480_1_5_400_400,60.14,10.88,N
sky130_fd_sc_hd__tapvpwrvgnd_1,61.64,10.88,N
sky130_fd_sc_hd__tapvpwrvgnd_1,74.52,10.88,N
sky130_fd_sc_hd__tapvpwrvgnd_1,87.4,10.88,N
VIA_via4_5_2000_480_1_5_400_400,90.14,10.88,N
VIA_via3_4_2000_480_1_5_400_400,90.14,10.88,N
VIA_via2_3_2000_480_1_6_320_320,90.14,10.88,N
sky130_fd_sc_hd__tapvpwrvgnd_1,100.28,10.88,N
sky130_fd_sc_hd__tapvpwrvgnd_1,113.16,10.88,N
VIA_via3_4_2000_480_1_5_400_400,120.14,10.88,N
VIA_via4_5_2000_480_1_5_400_400,120.14,10.88,N
VIA_via2_3_2000_480_1_6_320_320,120.14,10.88,N
sky130_fd_sc_hd__tapvpwrvgnd_1,126.04,10.88,N
sky130_fd_sc_hd__tapvpwrvgnd_1,138.92,10.88,N
VIA_via3_4_2000_480_1_5_400_400,150.14,10.88,N
VIA_via4_5_2000_480_1_5_400_400,150.14,10.88,N
VIA_via2_3_2000_480_1_6_320_320,150.14,10.88,N
sky130_fd_sc_hd__tapvpwrvgnd_1,151.8,10.88,N
sky130_fd_sc_hd__or2_2,157.78,10.88,N
sky130_fd_sc_hd__nor2_2,162.38,10.88,FN
sky130_fd_sc_hd__nand2_2,164.68,10.88,FN
sky130_fd_sc_hd__tapvpwrvgnd_1,164.68,10.88,N
sky130_fd_sc_hd__and2_2,165.14,10.88,N
sky130_fd_sc_hd__a311o_2,167.9,10.88,N
sky130_fd_sc_hd__o22a_2,175.72,10.88,FN
sky130_fd_sc_hd__inv_2,177.1,10.88,FN
sky130_fd_sc_hd__tapvpwrvgnd_1,177.56,10.88,N
sky130_fd_sc_hd__o21a_2,178.02,10.88,N
VIA_via4_5_2000_480_1_5_400_400,180.14,10.88,N
VIA_via2_3_2000_480_1_6_320_320,180.14,10.88,N
VIA_via3_4_2000_480_1_5_400_400,180.14,10.88,N
sky130_fd_sc_hd__nand2_2,181.24,10.88,N
sky130_fd_sc_hd__nor2_2,185.84,10.88,N
sky130_fd_sc_hd__or2_2,185.84,10.88,FN
sky130_fd_sc_hd__decap_3,189.98,10.88,FN
VIA_M1M2_PR,167.21,11.39,N
VIA_L1M1_PR_MR,167.21,11.39,N
VIA_M1M2_PR,170.89,11.39,N
VIA_L1M1_PR_MR,176.41,11.39,N
VIA_M1M2_PR,191.13,11.39,N
VIA_L1M1_PR_MR,158.01,11.73,N
VIA_L1M1_PR_MR,159.85,11.73,N
VIA_M1M2_PR,160.31,11.73,N
VIA_M1M2_PR,171.35,11.73,N
VIA_L1M1_PR_MR,175.03,11.73,N
VIA_M1M2_PR,181.47,11.73,N
VIA_M1M2_PR,183.77,11.73,N
VIA_L1M1_PR_MR,183.77,11.73,N
VIA_L1M1_PR_MR,184.69,11.73,N
VIA_M2M3_PR,154.79,11.9,N
VIA_M2M3_PR,166.29,11.9,N
VIA_M2M3_PR,182.85,11.9,N
VIA_L1M1_PR_MR,158.93,12.07,N
VIA_M1M2_PR,158.93,12.07,N
VIA_M1M2_PR,161.23,12.07,N
VIA_L1M1_PR_MR,161.23,12.07,N
VIA_M1M2_PR,162.15,12.07,N
VIA_L1M1_PR_MR,162.15,12.07,N
VIA_L1M1_PR_MR,163.53,12.07,N
VIA_L1M1_PR_MR,164.45,12.07,N
VIA_M1M2_PR,165.83,12.07,N
VIA_L1M1_PR_MR,166.29,12.07,N
VIA_M1M2_PR,166.29,12.07,N
VIA_L1M1_PR_MR,169.51,12.07,N
VIA_L1M1_PR_MR,169.97,12.07,N
VIA_M1M2_PR,170.43,12.07,N
VIA_L1M1_PR_MR,170.43,12.07,N
VIA_L1M1_PR_MR,170.89,12.07,N
VIA_M1M2_PR,171.81,12.07,N
VIA_L1M1_PR_MR,171.81,12.07,N
VIA_L1M1_PR_MR,172.27,12.07,N
VIA_M1M2_PR,173.65,12.07,N
VIA_L1M1_PR_MR,173.65,12.07,N
VIA_L1M1_PR_MR,174.11,12.07,N
VIA_M1M2_PR,174.11,12.07,N
VIA_M1M2_PR,175.49,12.07,N
VIA_L1M1_PR_MR,176.87,12.07,N
VIA_L1M1_PR_MR,181.01,12.07,N
VIA_M1M2_PR,181.93,12.07,N
VIA_L1M1_PR_MR,181.93,12.07,N
VIA_L1M1_PR_MR,182.85,12.07,N
VIA_M1M2_PR,185.15,12.07,N
VIA_L1M1_PR_MR,185.61,12.07,N
VIA_M1M2_PR,186.07,12.07,N
VIA_L1M1_PR_MR,186.07,12.07,N
VIA_M1M2_PR,186.99,12.07,N
VIA_L1M1_PR_MR,186.99,12.07,N
VIA_L1M1_PR_MR,160.31,12.41,N
VIA_M1M2_PR,160.31,12.41,N
VIA_L1M1_PR_MR,165.37,12.41,N
VIA_M1M2_PR,165.37,12.41,N
VIA_M1M2_PR,168.59,12.41,N
VIA_M1M2_PR,172.73,12.41,N
VIA_L1M1_PR_MR,172.73,12.41,N
VIA_M1M2_PR,179.17,12.41,N
VIA_L1M1_PR_MR,179.63,12.41,N
VIA_M1M2_PR,179.63,12.41,N
VIA_L1M1_PR_MR,187.91,12.41,N
VIA_M1M2_PR,189.75,12.41,N
VIA_M2M3_PR,163.99,12.58,N
VIA_M2M3_PR,171.35,12.58,N
VIA_M2M3_PR,172.73,12.58,N
VIA_M2M3_PR,186.53,12.58,N
VIA_L1M1_PR_MR,163.99,12.75,N
VIA_M1M2_PR,166.75,12.75,N
VIA_M1M2_PR,173.19,12.75,N
VIA_M1M2_PR,174.11,12.75,N
VIA_L1M1_PR_MR,180.55,12.75,N
VIA_M1M2_PR,159.39,13.09,N
VIA_L1M1_PR_MR,168.59,13.09,N
VIA_M1M2_PR,169.05,13.09,N
VIA_M1M2_PR,172.27,13.09,N
VIA_L1M1_PR_MR,178.71,13.09,N
VIA_M1M2_PR,181.93,13.09,N
VIA_L1M1_PR_MR,181.93,13.09,N
VIA_M2M3_PR,171.81,13.26,N
VIA_M3M4_PR,174.34,13.26,N
VIA_M2M3_PR,180.09,13.26,N
VIA_M3M4_PR,182.62,13.26,N
VIA_via3_4_2000_480_1_5_400_400,26.44,13.6,N
VIA_via2_3_2000_480_1_6_320_320,26.44,13.6,N
VIA_via4_5_2000_480_1_5_400_400,26.44,13.6,N
VIA_via2_3_2000_480_1_6_320_320,56.44,13.6,N
VIA_via3_4_2000_480_1_5_400_400,56.44,13.6,N
VIA_via4_5_2000_480_1_5_400_400,56.44,13.6,N
VIA_via4_5_2000_480_1_5_400_400,86.44,13.6,N
VIA_via3_4_2000_480_1_5_400_400,86.44,13.6,N
VIA_via2_3_2000_480_1_6_320_320,86.44,13.6,N
VIA_via4_5_2000_480_1_5_400_400,116.44,13.6,N
VIA_via3_4_2000_480_1_5_400_400,116.44,13.6,N
VIA_via2_3_2000_480_1_6_320_320,116.44,13.6,N
VIA_via2_3_2000_480_1_6_320_320,146.44,13.6,N
VIA_via3_4_2000_480_1_5_400_400,146.44,13.6,N
VIA_via4_5_2000_480_1_5_400_400,146.44,13.6,N
VIA_via2_3_2000_480_1_6_320_320,176.44,13.6,N
VIA_via3_4_2000_480_1_5_400_400,176.44,13.6,N
VIA_via4_5_2000_480_1_5_400_400,176.44,13.6,N
VIA_M2M3_PR,158.47,13.94,N
VIA_M2M3_PR,173.65,13.94,N
VIA_M2M3_PR,186.99,13.94,N
VIA_M2M3_PR,194.81,13.94,N
VIA_L1M1_PR_MR,154.79,14.11,N
VIA_M1M2_PR,154.79,14.11,N
VIA_M1M2_PR,159.85,14.11,N
VIA_L1M1_PR_MR,163.07,14.11,N
VIA_M1M2_PR,169.97,14.11,N
VIA_L1M1_PR_MR,170.89,14.11,N
VIA_M1M2_PR,171.35,14.11,N
VIA_L1M1_PR_MR,171.81,14.11,N
VIA_M1M2_PR,171.81,14.11,N
VIA_L1M1_PR_MR,172.73,14.11,N
VIA_M1M2_PR,174.57,14.11,N
VIA_M1M2_PR,183.31,14.11,N
VIA_M1M2_PR,186.07,14.11,N
VIA_M1M2_PR,162.15,14.45,N
VIA_M1M2_PR,173.65,14.45,N
VIA_L1M1_PR_MR,174.11,14.45,N
VIA_M1M2_PR,177.33,14.45,N
VIA_M1M2_PR,179.63,14.45,N
VIA_L1M1_PR_MR,184.23,14.45,N
VIA_M1M2_PR,185.15,14.45,N
VIA_M2M3_PR,173.19,14.62,N
VIA_M2M3_PR,176.41,14.62,N
VIA_M2M3_PR,180.55,14.62,N
VIA_M3M4_PR,181.7,14.62,N
VIA_L1M1_PR_MR,155.71,14.79,N
VIA_M1M2_PR,156.17,14.79,N
VIA_M1M2_PR,157.55,14.79,N
VIA_L1M1_PR_MR,159.85,14.79,N
VIA_M1M2_PR,161.23,14.79,N
VIA_M1M2_PR,167.21,14.79,N
VIA_M1M2_PR,168.13,14.79,N
VIA_L1M1_PR_MR,168.13,14.79,N
VIA_M1M2_PR,170.43,14.79,N
VIA_L1M1_PR_MR,177.79,14.79,N
VIA_L1M1_PR_MR,180.09,14.79,N
VIA_M1M2_PR,180.09,14.79,N
VIA_M1M2_PR,183.31,14.79,N
VIA_M1M2_PR,185.61,14.79,N
VIA_L1M1_PR_MR,154.33,15.13,N
VIA_M1M2_PR,154.79,15.13,N
VIA_L1M1_PR_MR,155.25,15.13,N
VIA_L1M1_PR_MR,156.63,15.13,N
VIA_L1M1_PR_MR,157.09,15.13,N
VIA_L1M1_PR_MR,158.01,15.13,N
VIA_M1M2_PR,158.47,15.13,N
VIA_L1M1_PR_MR,159.39,15.13,N
VIA_M1M2_PR,159.39,15.13,N
VIA_L1M1_PR_MR,160.31,15.13,N
VIA_M1M2_PR,161.69,15.13,N
VIA_L1M1_PR_MR,161.69,15.13,N
VIA_L1M1_PR_MR,163.07,15.13,N
VIA_L1M1_PR_MR,163.99,15.13,N
VIA_M1M2_PR,166.29,15.13,N
VIA_L1M1_PR_MR,169.05,15.13,N
VIA_M1M2_PR,172.27,15.13,N
VIA_M1M2_PR,174.11,15.13,N
VIA_L1M1_PR_MR,175.32,15.13,N
VIA_L1M1_PR_MR,175.95,15.13,N
VIA_L1M1_PR_MR,176.41,15.13,N
VIA_M1M2_PR,176.87,15.13,N
VIA_L1M1_PR_MR,177.33,15.13,N
VIA_M1M2_PR,178.25,15.13,N
VIA_L1M1_PR_MR,178.71,15.13,N
VIA_M1M2_PR,180.55,15.13,N
VIA_L1M1_PR_MR,180.55,15.13,N
VIA_L1M1_PR_MR,181.93,15.13,N
VIA_M1M2_PR,182.85,15.13,N
VIA_L1M1_PR_MR,183.77,15.13,N
VIA_L1M1_PR_MR,185.15,15.13,N
VIA_L1M1_PR_MR,186.53,15.13,N
VIA_L1M1_PR_MR,187.91,15.13,N
VIA_M1M2_PR,175.95,15.24,N
VIA_M2M3_PR,153.87,15.3,N
VIA_M2M3_PR,165.37,15.3,N
VIA_M2M3_PR,182.39,15.3,N
VIA_M1M2_PR,153.41,15.47,N
VIA_M1M2_PR,162.15,15.47,N
VIA_L1M1_PR_MR,162.15,15.47,N
VIA_M1M2_PR,163.53,15.47,N
VIA_L1M1_PR_MR,172.73,15.47,N
VIA_M1M2_PR,173.19,15.47,N
VIA_L1M1_PR_MR,173.65,15.47,N
VIA_M1M2_PR,179.17,15.47,N
VIA_M1M2_PR,184.69,15.47,N
VIA_L1M1_PR_MR,186.07,15.47,N
VIA_L1M1_PR_MR,188.37,15.47,N
VIA_M1M2_PR,190.21,15.47,N
VIA_M1M2_PR,157.09,15.81,N
VIA_M1M2_PR,161.23,15.81,N
VIA_L1M1_PR_MR,168.59,15.81,N
VIA_L1M1_PR_MR,181.47,15.81,N
VIA_M1M2_PR,182.39,15.81,N
VIA_L1M1_PR_MR,182.39,15.81,N
VIA_L1M1_PR_MR,182.85,15.81,N
VIA_M1M2_PR,182.85,15.81,N
VIA_M1M2_PR,190.67,15.81,N
VIA_M2M3_PR,158.93,15.98,N
VIA_M2M3_PR,175.49,15.98,N
sky130_fd_sc_hd__decap_3,10.12,16.32,N
sky130_fd_sc_hd__decap_3,10.12,16.32,FS
sky130_fd_sc_hd__tapvpwrvgnd_1,23.0,16.32,N
VIA_via3_4_2000_480_1_5_400_400,30.14,16.32,N
VIA_via4_5_2000_480_1_5_400_400,30.14,16.32,N
VIA_via2_3_2000_480_1_6_320_320,30.14,16.32,N
sky130_fd_sc_hd__tapvpwrvgnd_1,35.88,16.32,FS
sky130_fd_sc_hd__tapvpwrvgnd_1,48.76,16.32,N
VIA_via3_4_2000_480_1_5_400_400,60.14,16.32,N
VIA_via2_3_2000_480_1_6_320_320,60.14,16.32,N
VIA_via4_5_2000_480_1_5_400_400,60.14,16.32,N
sky130_fd_sc_hd__tapvpwrvgnd_1,61.64,16.32,FS
sky130_fd_sc_hd__tapvpwrvgnd_1,74.52,16.32,N
sky130_fd_sc_hd__tapvpwrvgnd_1,87.4,16.32,FS
VIA_via3_4_2000_480_1_5_400_400,90.14,16.32,N
VIA_via4_5_2000_480_1_5_400_400,90.14,16.32,N
VIA_via2_3_2000_480_1_6_320_320,90.14,16.32,N
sky130_fd_sc_hd__tapvpwrvgnd_1,100.28,16.32,N
sky130_fd_sc_hd__tapvpwrvgnd_1,113.16,16.32,FS
VIA_via4_5_2000_480_1_5_400_400,120.14,16.32,N
VIA_via3_4_2000_480_1_5_400_400,120.14,16.32,N
VIA_via2_3_2000_480_1_6_320_320,120.14,16.32,N
sky130_fd_sc_hd__tapvpwrvgnd_1,126.04,16.32,N
sky130_fd_sc_hd__tapvpwrvgnd_1,138.92,16.32,FS
VIA_via3_4_2000_480_1_5_400_400,150.14,16.32,N
VIA_via2_3_2000_480_1_6_320_320,150.14,16.32,N
VIA_via4_5_2000_480_1_5_400_400,150.14,16.32,N
sky130_fd_sc_hd__tapvpwrvgnd_1,151.8,16.32,N
sky130_fd_sc_hd__nor2_2,152.26,16.32,N
sky130_fd_sc_hd__or2_2,154.56,16.32,N
sky130_fd_sc_hd__nand2_2,155.48,16.32,S
sky130_fd_sc_hd__nor2_2,156.86,16.32,N
sky130_fd_sc_hd__nand2_2,157.78,16.32,S
sky130_fd_sc_hd__nor2_2,157.78,16.32,FS
sky130_fd_sc_hd__nor2_2,159.16,16.32,N
sky130_fd_sc_hd__nand2_2,160.08,16.32,FS
sky130_fd_sc_hd__nand2_2,162.38,16.32,FS
sky130_fd_sc_hd__o21a_2,164.68,16.32,FN
sky130_fd_sc_hd__o221a_2,164.68,16.32,N
sky130_fd_sc_hd__tapvpwrvgnd_1,164.68,16.32,FS
sky130_fd_sc_hd__xor2_2,168.82,16.32,N
sky130_fd_sc_hd__mux2_1,171.12,16.32,S
sky130_fd_sc_hd__and3_2,173.88,16.32,S
sky130_fd_sc_hd__or3_2,174.8,16.32,N
sky130_fd_sc_hd__o211a_2,177.56,16.32,S
sky130_fd_sc_hd__a21oi_2,177.56,16.32,FS
sky130_fd_sc_hd__tapvpwrvgnd_1,177.56,16.32,N
VIA_via2_3_2000_480_1_6_320_320,180.14,16.32,N
VIA_via3_4_2000_480_1_5_400_400,180.14,16.32,N
VIA_via4_5_2000_480_1_5_400_400,180.14,16.32,N
sky130_fd_sc_hd__a31o_2,180.78,16.32,FS
sky130_fd_sc_hd__a21bo_2,181.7,16.32,FN
sky130_fd_sc_hd__o21a_2,181.7,16.32,N
sky130_fd_sc_hd__or3_2,184.92,16.32,N
sky130_fd_sc_hd__nor2_2,186.3,16.32,FS
sky130_fd_sc_hd__or2_2,186.3,16.32,S
sky130_fd_sc_hd__decap_3,189.98,16.32,S
sky130_fd_sc_hd__decap_3,189.98,16.32,FN
VIA_M2M3_PR,173.19,16.66,N
VIA_M2M3_PR,176.87,16.66,N
VIA_M1M2_PR,159.39,16.83,N
VIA_L1M1_PR_MR,160.77,16.83,N
VIA_M1M2_PR,167.67,16.83,N
VIA_M1M2_PR,175.03,16.83,N
VIA_M1M2_PR,154.33,17.17,N
VIA_L1M1_PR_MR,154.79,17.17,N
VIA_L1M1_PR_MR,155.71,17.17,N
VIA_M1M2_PR,158.93,17.17,N
VIA_M1M2_PR,159.85,17.17,N
VIA_M1M2_PR,163.07,17.17,N
VIA_L1M1_PR_MR,168.59,17.17,N
VIA_M1M2_PR,170.43,17.17,N
VIA_M1M2_PR,173.65,17.17,N
VIA_L1M1_PR_MR,182.39,17.17,N
VIA_M2M3_PR,162.61,17.34,N
VIA_M2M3_PR,172.73,17.34,N
VIA_M2M3_PR,174.11,17.34,N
VIA_L1M1_PR_MR,165.825,17.495,N
VIA_L1M1_PR_MR,152.95,17.51,N
VIA_L1M1_PR_MR,153.87,17.51,N
VIA_M1M2_PR,155.25,17.51,N
VIA_M1M2_PR,157.55,17.51,N
VIA_L1M1_PR_MR,157.55,17.51,N
VIA_L1M1_PR_MR,158.01,17.51,N
VIA_M1M2_PR,158.47,17.51,N
VIA_L1M1_PR_MR,159.39,17.51,N
VIA_L1M1_PR_MR,160.31,17.51,N
VIA_M1M2_PR,161.23,17.51,N
VIA_L1M1_PR_MR,161.69,17.51,N
VIA_M1M2_PR,162.61,17.51,N
VIA_L1M1_PR_MR,164.91,17.51,N
VIA_L1M1_PR_MR,166.29,17.51,N
VIA_M1M2_PR,167.67,17.51,N
VIA_L1M1_PR_MR,167.67,17.51,N
VIA_M1M2_PR,172.27,17.51,N
VIA_L1M1_PR_MR,175.03,17.51,N
VIA_L1M1_PR_MR,175.95,17.51,N
VIA_M1M2_PR,175.95,17.51,N
VIA_M1M2_PR,176.41,17.51,N
VIA_M1M2_PR,179.63,17.51,N
VIA_M1M2_PR,180.09,17.51,N
VIA_L1M1_PR_MR,180.26,17.51,N
VIA_L1M1_PR_MR,183.31,17.51,N
VIA_M1M2_PR,183.77,17.51,N
VIA_L1M1_PR_MR,184.23,17.51,N
VIA_M1M2_PR,184.23,17.51,N
VIA_L1M1_PR_MR,184.69,17.51,N
VIA_M1M2_PR,184.69,17.51,N
VIA_L1M1_PR_MR,185.15,17.51,N
VIA_M1M2_PR,151.57,17.85,N
VIA_M1M2_PR,155.71,17.85,N
VIA_M1M2_PR,157.09,17.85,N
VIA_L1M1_PR_MR,158.93,17.85,N
VIA_M1M2_PR,159.85,17.85,N
VIA_M1M2_PR,160.77,17.85,N
VIA_L1M1_PR_MR,162.15,17.85,N
VIA_L1M1_PR_MR,163.07,17.85,N
VIA_M1M2_PR,163.99,17.85,N
VIA_M1M2_PR,164.45,17.85,N
VIA_M1M2_PR,166.75,17.85,N
VIA_L1M1_PR_MR,166.75,17.85,N
VIA_M1M2_PR,168.59,17.85,N
VIA_L1M1_PR_MR,170.43,17.85,N
VIA_M1M2_PR,173.65,17.85,N
VIA_M1M2_PR,174.11,17.85,N
VIA_L1M1_PR_MR,174.11,17.85,N
VIA_M1M2_PR,175.49,17.85,N
VIA_M1M2_PR,177.33,17.85,N
VIA_L1M1_PR_MR,178.25,17.85,N
VIA_L1M1_PR_MR,178.71,17.85,N
VIA_M1M2_PR,181.01,17.85,N
VIA_L1M1_PR_MR,185.61,17.85,N
VIA_M1M2_PR,188.83,17.85,N
VIA_M2M3_PR,157.55,18.02,N
VIA_M2M3_PR,161.69,18.02,N
VIA_M2M3_PR,166.75,18.02,N
VIA_M3M4_PR,167.9,18.02,N
VIA_M2M3_PR,168.59,18.02,N
VIA_M2M3_PR,175.95,18.02,N
VIA_M2M3_PR,180.55,18.02,N
VIA_M1M2_PR,152.49,18.19,N
VIA_L1M1_PR_MR,153.87,18.19,N
VIA_M1M2_PR,174.57,18.19,N
VIA_L1M1_PR_MR,181.47,18.19,N
VIA_M1M2_PR,186.53,18.19,N
VIA_L1M1_PR_MR,156.17,18.53,N
VIA_M1M2_PR,157.09,18.53,N
VIA_L1M1_PR_MR,163.99,18.53,N
VIA_M1M2_PR,165.37,18.53,N
VIA_L1M1_PR_MR,175.95,18.53,N
VIA_M1M2_PR,176.41,18.53,N
VIA_L1M1_PR_MR,176.87,18.53,N
VIA_M1M2_PR,178.25,18.53,N
VIA_M1M2_PR,182.39,18.53,N
VIA_M1M2_PR,184.69,18.53,N
VIA_L1M1_PR_MR,185.15,18.53,N
VIA_L1M1_PR_MR,186.99,18.53,N
VIA_M1M2_PR,188.37,18.53,N
VIA_M2M3_PR,159.85,18.7,N
VIA_M2M3_PR,172.27,18.7,N
VIA_M3M4_PR,178.02,18.7,N
VIA_M2M3_PR,178.25,18.7,N
VIA_via4_5_2000_480_1_5_400_400,26.44,19.04,N
VIA_via2_3_2000_480_1_6_320_320,26.44,19.04,N
VIA_via3_4_2000_480_1_5_400_400,26.44,19.04,N
VIA_via3_4_2000_480_1_5_400_400,56.44,19.04,N
VIA_via4_5_2000_480_1_5_400_400,56.44,19.04,N
VIA_via2_3_2000_480_1_6_320_320,56.44,19.04,N
VIA_via3_4_2000_480_1_5_400_400,86.44,19.04,N
VIA_via4_5_2000_480_1_5_400_400,86.44,19.04,N
VIA_via2_3_2000_480_1_6_320_320,86.44,19.04,N
VIA_via2_3_2000_480_1_6_320_320,116.44,19.04,N
VIA_via4_5_2000_480_1_5_400_400,116.44,19.04,N
VIA_via3_4_2000_480_1_5_400_400,116.44,19.04,N
VIA_via4_5_2000_480_1_5_400_400,146.44,19.04,N
VIA_via3_4_2000_480_1_5_400_400,146.44,19.04,N
VIA_via2_3_2000_480_1_6_320_320,146.44,19.04,N
VIA_via3_4_2000_480_1_5_400_400,176.44,19.04,N
VIA_via2_3_2000_480_1_6_320_320,176.44,19.04,N
VIA_via4_5_2000_480_1_5_400_400,176.44,19.04,N
VIA_M2M3_PR,161.23,19.38,N
VIA_M3M4_PR,166.06,19.38,N
VIA_M3M4_PR,184.46,19.38,N
VIA_M2M3_PR,184.69,19.38,N
VIA_L1M1_PR_MR,157.09,19.55,N
VIA_M1M2_PR,161.23,19.55,N
VIA_L1M1_PR_MR,162.15,19.55,N
VIA_L1M1_PR_MR,163.07,19.55,N
VIA_M1M2_PR,163.07,19.55,N
VIA_M1M2_PR,176.41,19.55,N
VIA_M1M2_PR,179.63,19.55,N
VIA_M1M2_PR,184.69,19.55,N
VIA_M1M2_PR,154.79,19.89,N
VIA_L1M1_PR_MR,156.63,19.89,N
VIA_M1M2_PR,157.55,19.89,N
VIA_M1M2_PR,161.69,19.89,N
VIA_M1M2_PR,167.21,19.89,N
VIA_L1M1_PR_MR,182.85,19.89,N
VIA_M1M2_PR,184.23,19.89,N
VIA_L1M1_PR_MR,186.07,19.89,N
VIA_M2M3_PR,155.25,20.06,N
VIA_M2M3_PR,158.93,20.06,N
VIA_M2M3_PR,160.31,20.06,N
VIA_M2M3_PR,184.23,20.06,N
VIA_M1M2_PR,100.51,20.23,N
VIA_L1M1_PR_MR,158.93,20.23,N
VIA_L1M1_PR_MR,160.77,20.23,N
VIA_M1M2_PR,163.53,20.23,N
VIA_M1M2_PR,163.99,20.23,N
VIA_L1M1_PR_MR,163.99,20.23,N
VIA_M1M2_PR,164.45,20.23,N
VIA_L1M1_PR_MR,166.29,20.23,N
VIA_L1M1_PR_MR,180.465,20.23,N
VIA_M1M2_PR,181.47,20.23,N
VIA_L1M1_PR_MR,181.93,20.23,N
VIA_M1M2_PR,183.31,20.23,N
VIA_L1M1_PR_MR,183.77,20.23,N
VIA_M1M2_PR,184.69,20.23,N
VIA_L1M1_PR_MR,81.65,20.57,N
VIA_L1M1_PR_MR,82.11,20.57,N
VIA_L1M1_PR_MR,83.49,20.57,N
VIA_M1M2_PR,107.87,20.57,N
VIA_L1M1_PR_MR,154.79,20.57,N
VIA_M1M2_PR,154.79,20.57,N
VIA_L1M1_PR_MR,156.17,20.57,N
VIA_M1M2_PR,157.55,20.57,N
VIA_L1M1_PR_MR,157.55,20.57,N
VIA_M1M2_PR,159.39,20.57,N
VIA_L1M1_PR_MR,159.85,20.57,N
VIA_M1M2_PR,161.23,20.57,N
VIA_L1M1_PR_MR,163.07,20.57,N
VIA_M1M2_PR,165.83,20.57,N
VIA_M1M2_PR,167.21,20.57,N
VIA_L1M1_PR_MR,168.13,20.57,N
VIA_L1M1_PR_MR,169.51,20.57,N
VIA_M1M2_PR,170.89,20.57,N
VIA_M1M2_PR,172.27,20.57,N
VIA_L1M1_PR_MR,172.73,20.57,N
VIA_M1M2_PR,173.65,20.57,N
VIA_L1M1_PR_MR,173.65,20.57,N
VIA_L1M1_PR_MR,178.25,20.57,N
VIA_M1M2_PR,178.25,20.57,N
VIA_L1M1_PR_MR,179.17,20.57,N
VIA_M1M2_PR,179.63,20.57,N
VIA_M1M2_PR,181.01,20.57,N
VIA_M1M2_PR,182.39,20.57,N
VIA_L1M1_PR_MR,182.39,20.57,N
VIA_L1M1_PR_MR,182.85,20.57,N
VIA_M1M2_PR,184.23,20.57,N
VIA_L1M1_PR_MR,186.53,20.57,N
VIA_L1M1_PR_MR,186.99,20.57,N
VIA_M2M3_PR,152.03,20.74,N
VIA_M2M3_PR,181.93,20.74,N
VIA_M1M2_PR,81.19,20.91,N
VIA_M1M2_PR,156.63,20.91,N
VIA_L1M1_PR_MR,158.47,20.91,N
VIA_M1M2_PR,162.61,20.91,N
VIA_M1M2_PR,163.53,20.91,N
VIA_L1M1_PR_MR,164.45,20.91,N
VIA_M1M2_PR,165.37,20.91,N
VIA_M1M2_PR,166.75,20.91,N
VIA_M1M2_PR,173.19,20.91,N
VIA_M1M2_PR,174.11,20.91,N
VIA_L1M1_PR_MR,177.79,20.91,N
VIA_L1M1_PR_MR,181.47,20.91,N
VIA_M1M2_PR,181.93,20.91,N
VIA_M1M2_PR,183.31,20.91,N
VIA_M1M2_PR,186.07,20.91,N
VIA_L1M1_PR_MR,80.73,21.25,N
VIA_M1M2_PR,81.65,21.25,N
VIA_L1M1_PR_MR,82.57,21.25,N
VIA_M1M2_PR,92.23,21.25,N
VIA_L1M1_PR_MR,154.79,21.25,N
VIA_M1M2_PR,154.79,21.25,N
VIA_M1M2_PR,161.69,21.25,N
VIA_M1M2_PR,179.17,21.25,N
VIA_L1M1_PR_MR,181.01,21.25,N
VIA_M1M2_PR,181.01,21.25,N
VIA_L1M1_PR_MR,184.69,21.25,N
VIA_M1M2_PR,186.99,21.25,N
sky130_fd_sc_hd__decap_3,10.12,21.76,FS
sky130_fd_sc_hd__decap_3,10.12,21.76,N
sky130_fd_sc_hd__tapvpwrvgnd_1,23.0,21.76,N
VIA_via2_3_2000_480_1_6_320_320,30.14,21.76,N
VIA_via4_5_2000_480_1_5_400_400,30.14,21.76,N
VIA_via3_4_2000_480_1_5_400_400,30.14,21.76,N
sky130_fd_sc_hd__tapvpwrvgnd_1,35.88,21.76,FS
sky130_fd_sc_hd__tapvpwrvgnd_1,48.76,21.76,N
VIA_via3_4_2000_480_1_5_400_400,60.14,21.76,N
VIA_via2_3_2000_480_1_6_320_320,60.14,21.76,N
VIA_via4_5_2000_480_1_5_400_400,60.14,21.76,N
sky130_fd_sc_hd__tapvpwrvgnd_1,61.64,21.76,FS
sky130_fd_sc_hd__tapvpwrvgnd_1,74.52,21.76,N
sky130_fd_sc_hd__and4_2,83.72,21.76,S
sky130_fd_sc_hd__tapvpwrvgnd_1,87.4,21.76,FS
VIA_via4_5_2000_480_1_5_400_400,90.14,21.76,N
VIA_via2_3_2000_480_1_6_320_320,90.14,21.76,N
VIA_via3_4_2000_480_1_5_400_400,90.14,21.76,N
sky130_fd_sc_hd__tapvpwrvgnd_1,100.28,21.76,N
sky130_fd_sc_hd__tapvpwrvgnd_1,113.16,21.76,FS
VIA_via2_3_2000_480_1_6_320_320,120.14,21.76,N
VIA_via4_5_2000_480_1_5_400_400,120.14,21.76,N
VIA_via3_4_2000_480_1_5_400_400,120.14,21.76,N
sky130_fd_sc_hd__tapvpwrvgnd_1,126.04,21.76,N
sky130_fd_sc_hd__tapvpwrvgnd_1,138.92,21.76,FS
VIA_via2_3_2000_480_1_6_320_320,150.14,21.76,N
VIA_via4_5_2000_480_1_5_400_400,150.14,21.76,N
VIA_via3_4_2000_480_1_5_400_400,150.14,21.76,N
sky130_fd_sc_hd__nor2_2,151.8,21.76,FN
sky130_fd_sc_hd__tapvpwrvgnd_1,151.8,21.76,N
sky130_fd_sc_hd__nor2_2,155.48,21.76,N
sky130_fd_sc_hd__nand2_2,155.48,21.76,FN
sky130_fd_sc_hd__nor2_2,156.4,21.76,S
sky130_fd_sc_hd__or3_2,157.78,21.76,N
sky130_fd_sc_hd__or2_2,158.7,21.76,S
sky130_fd_sc_hd__and2_2,158.7,21.76,FS
sky130_fd_sc_hd__and2b_2,163.76,21.76,FN
sky130_fd_sc_hd__a32o_2,163.76,21.76,N
sky130_fd_sc_hd__or4_2,164.68,21.76,S
sky130_fd_sc_hd__tapvpwrvgnd_1,164.68,21.76,FS
sky130_fd_sc_hd__xnor2_2,167.9,21.76,N
sky130_fd_sc_hd__xnor2_2,172.04,21.76,FS
sky130_fd_sc_hd__xnor2_2,172.04,21.76,S
sky130_fd_sc_hd__a22o_2,173.88,21.76,N
sky130_fd_sc_hd__tapvpwrvgnd_1,177.56,21.76,N
sky130_fd_sc_hd__a32o_2,178.02,21.76,FS
VIA_via3_4_2000_480_1_5_400_400,180.14,21.76,N
VIA_via2_3_2000_480_1_6_320_320,180.14,21.76,N
VIA_via4_5_2000_480_1_5_400_400,180.14,21.76,N
sky130_fd_sc_hd__o31ai_2,182.62,21.76,FN
sky130_fd_sc_hd__nand2b_2,182.62,21.76,N
sky130_fd_sc_hd__o21a_2,185.38,21.76,S
sky130_fd_sc_hd__or3_2,185.84,21.76,N
sky130_fd_sc_hd__nor2_2,187.68,21.76,S
sky130_fd_sc_hd__decap_3,189.98,21.76,FN
sky130_fd_sc_hd__decap_3,189.98,21.76,S
VIA_M2M3_PR,156.17,22.1,N
VIA_M2M3_PR,172.27,22.1,N
VIA_M2M3_PR,175.49,22.1,N
VIA_L1M1_PR_MR,157.09,22.27,N
VIA_M1M2_PR,160.77,22.27,N
VIA_M1M2_PR,161.23,22.27,N
VIA_L1M1_PR_MR,161.23,22.27,N
VIA_L1M1_PR_MR,166.75,22.27,N
VIA_M1M2_PR,166.75,22.27,N
VIA_M1M2_PR,167.21,22.27,N
VIA_L1M1_PR_MR,167.21,22.27,N
VIA_M1M2_PR,182.39,22.27,N
VIA_M1M2_PR,155.25,22.61,N
VIA_M1M2_PR,160.31,22.61,N
VIA_M1M2_PR,175.03,22.61,N
VIA_L1M1_PR_MR,175.03,22.61,N
VIA_L1M1_PR_MR,175.49,22.61,N
VIA_M1M2_PR,175.49,22.61,N
VIA_M1M2_PR,177.79,22.61,N
VIA_L1M1_PR_MR,178.25,22.61,N
VIA_M1M2_PR,178.71,22.61,N
VIA_M1M2_PR,188.83,22.61,N
VIA_M2M3_PR,148.35,22.78,N
VIA_M2M3_PR,166.75,22.78,N
VIA_M2M3_PR,174.11,22.78,N
VIA_M2M3_PR,183.31,22.78,N
VIA_L1M1_PR_MR,150.65,22.95,N
VIA_L1M1_PR_MR,151.57,22.95,N
VIA_L1M1_PR_MR,153.87,22.95,N
VIA_L1M1_PR_MR,154.79,22.95,N
VIA_M1M2_PR,154.79,22.95,N
VIA_L1M1_PR_MR,156.17,22.95,N
VIA_M1M2_PR,156.17,22.95,N
VIA_L1M1_PR_MR,157.09,22.95,N
VIA_M1M2_PR,158.01,22.95,N
VIA_L1M1_PR_MR,158.01,22.95,N
VIA_M1M2_PR,159.85,22.95,N
VIA_L1M1_PR_MR,163.53,22.95,N
VIA_L1M1_PR_MR,164.91,22.95,N
VIA_L1M1_PR_MR,167.67,22.95,N
VIA_L1M1_PR_MR,168.59,22.95,N
VIA_M1M2_PR,169.51,22.95,N
VIA_L1M1_PR_MR,169.51,22.95,N
VIA_L1M1_PR_MR,171.81,22.95,N
VIA_M1M2_PR,173.19,22.95,N
VIA_L1M1_PR_MR,174.11,22.95,N
VIA_M1M2_PR,174.11,22.95,N
VIA_L1M1_PR_MR,176.21,22.95,N
VIA_M1M2_PR,176.41,22.95,N
VIA_L1M1_PR_MR,179.63,22.95,N
VIA_L1M1_PR_MR,181.01,22.95,N
VIA_L1M1_PR_MR,181.47,22.95,N
VIA_M1M2_PR,182.85,22.95,N
VIA_L1M1_PR_MR,183.31,22.95,N
VIA_M1M2_PR,183.77,22.95,N
VIA_M1M2_PR,184.69,22.95,N
VIA_L1M1_PR_MR,184.69,22.95,N
VIA_L1M1_PR_MR,186.07,22.95,N
VIA_M1M2_PR,186.07,22.95,N
VIA_L1M1_PR_MR,186.53,22.95,N
VIA_M1M2_PR,152.03,23.29,N
VIA_L1M1_PR_MR,158.47,23.29,N
VIA_M1M2_PR,165.37,23.29,N
VIA_L1M1_PR_MR,166.19,23.29,N
VIA_M1M2_PR,166.29,23.29,N
VIA_M1M2_PR,173.65,23.29,N
VIA_L1M1_PR_MR,173.65,23.29,N
VIA_M1M2_PR,174.57,23.29,N
VIA_L1M1_PR_MR,185.15,23.29,N
VIA_M1M2_PR,187.45,23.29,N
VIA_M1M2_PR,188.83,23.29,N
VIA_M2M3_PR,152.95,23.46,N
VIA_M2M3_PR,165.37,23.46,N
VIA_M2M3_PR,190.21,23.46,N
VIA_M1M2_PR,150.19,23.63,N
VIA_L1M1_PR_MR,150.19,23.63,N
VIA_M1M2_PR,152.95,23.63,N
VIA_L1M1_PR_MR,154.79,23.63,N
VIA_M1M2_PR,159.39,23.63,N
VIA_M1M2_PR,162.15,23.63,N
VIA_L1M1_PR_MR,162.15,23.63,N
VIA_M1M2_PR,172.73,23.63,N
VIA_L1M1_PR_MR,180.09,23.63,N
VIA_M1M2_PR,184.69,23.63,N
VIA_L1M1_PR_MR,187.91,23.63,N
VIA_M1M2_PR,151.11,23.97,N
VIA_L1M1_PR_MR,158.47,23.97,N
VIA_M1M2_PR,158.47,23.97,N
VIA_M1M2_PR,159.85,23.97,N
VIA_L1M1_PR_MR,159.85,23.97,N
VIA_M1M2_PR,160.31,23.97,N
VIA_L1M1_PR_MR,163.99,23.97,N
VIA_M1M2_PR,168.59,23.97,N
VIA_L1M1_PR_MR,176.87,23.97,N
VIA_M1M2_PR,178.71,23.97,N
VIA_M1M2_PR,185.15,23.97,N
VIA_M1M2_PR,185.61,23.97,N
VIA_L1M1_PR_MR,186.07,23.97,N
VIA_M2M3_PR,164.45,24.14,N
VIA_via2_3_2000_480_1_6_320_320,26.44,24.48,N
VIA_via3_4_2000_480_1_5_400_400,26.44,24.48,N
VIA_via4_5_2000_480_1_5_400_400,26.44,24.48,N
VIA_via3_4_2000_480_1_5_400_400,56.44,24.48,N
VIA_via2_3_2000_480_1_6_320_320,56.44,24.48,N
VIA_via4_5_2000_480_1_5_400_400,56.44,24.48,N
VIA_via2_3_2000_480_1_6_320_320,86.44,24.48,N
VIA_via4_5_2000_480_1_5_400_400,86.44,24.48,N
VIA_via3_4_2000_480_1_5_400_400,86.44,24.48,N
VIA_via4_5_2000_480_1_5_400_400,116.44,24.48,N
VIA_via3_4_2000_480_1_5_400_400,116.44,24.48,N
VIA_via2_3_2000_480_1_6_320_320,116.44,24.48,N
VIA_via4_5_2000_480_1_5_400_400,146.44,24.48,N
VIA_via3_4_2000_480_1_5_400_400,146.44,24.48,N
VIA_via2_3_2000_480_1_6_320_320,146.44,24.48,N
VIA_via3_4_2000_480_1_5_400_400,176.44,24.48,N
VIA_via2_3_2000_480_1_6_320_320,176.44,24.48,N
VIA_via4_5_2000_480_1_5_400_400,176.44,24.48,N
VIA_M2M3_PR,157.09,24.82,N
VIA_M2M3_PR,183.77,24.82,N
VIA_L1M1_PR_MR,77.97,24.99,N
VIA_M1M2_PR,80.27,24.99,N
VIA_L1M1_PR_MR,80.73,24.99,N
VIA_L1M1_PR_MR,82.57,24.99,N
VIA_M1M2_PR,155.25,24.99,N
VIA_L1M1_PR_MR,155.71,24.99,N
VIA_L1M1_PR_MR,164.45,24.99,N
VIA_M1M2_PR,164.91,24.99,N
VIA_M1M2_PR,182.39,24.99,N
VIA_M1M2_PR,151.57,25.33,N
VIA_M1M2_PR,153.41,25.33,N
VIA_L1M1_PR_MR,153.41,25.33,N
VIA_M1M2_PR,168.59,25.33,N
VIA_M1M2_PR,183.31,25.33,N
VIA_M1M2_PR,185.61,25.33,N
VIA_M2M3_PR,158.01,25.5,N
VIA_M2M3_PR,166.29,25.5,N
VIA_M2M3_PR,169.05,25.5,N
VIA_M3M4_PR,169.74,25.5,N
VIA_M1M2_PR,148.81,25.67,N
VIA_L1M1_PR_MR,165.37,25.67,N
VIA_M1M2_PR,169.51,25.67,N
VIA_L1M1_PR_MR,169.51,25.67,N
VIA_L1M1_PR_MR,173.19,25.67,N
VIA_M1M2_PR,173.19,25.67,N
VIA_M1M2_PR,174.57,25.67,N
VIA_L1M1_PR_MR,178.25,25.67,N
VIA_M1M2_PR,183.77,25.67,N
VIA_L1M1_PR_MR,79.35,26.01,N
VIA_M1M2_PR,82.11,26.01,N
VIA_L1M1_PR_MR,85.33,26.01,N
VIA_M1M2_PR,108.33,26.01,N
VIA_L1M1_PR_MR,151.11,26.01,N
VIA_M1M2_PR,151.11,26.01,N
VIA_L1M1_PR_MR,151.57,26.01,N
VIA_L1M1_PR_MR,152.49,26.01,N
VIA_M1M2_PR,153.41,26.01,N
VIA_L1M1_PR_MR,153.87,26.01,N
VIA_L1M1_PR_MR,154.79,26.01,N
VIA_M1M2_PR,155.25,26.01,N
VIA_L1M1_PR_MR,155.25,26.01,N
VIA_L1M1_PR_MR,156.17,26.01,N
VIA_L1M1_PR_MR,158.01,26.01,N
VIA_M1M2_PR,158.01,26.01,N
VIA_M1M2_PR,158.47,26.01,N
VIA_L1M1_PR_MR,159.39,26.01,N
VIA_L1M1_PR_MR,160.77,26.01,N
VIA_M1M2_PR,160.77,26.01,N
VIA_M1M2_PR,161.23,26.01,N
VIA_L1M1_PR_MR,161.23,26.01,N
VIA_M1M2_PR,162.15,26.01,N
VIA_M1M2_PR,163.53,26.01,N
VIA_L1M1_PR_MR,163.99,26.01,N
VIA_M1M2_PR,164.45,26.01,N
VIA_L1M1_PR_MR,164.45,26.01,N
VIA_L1M1_PR_MR,166.29,26.01,N
VIA_M1M2_PR,166.29,26.01,N
VIA_M1M2_PR,168.59,26.01,N
VIA_M1M2_PR,177.79,26.01,N
VIA_L1M1_PR_MR,180.55,26.01,N
VIA_M1M2_PR,181.47,26.01,N
VIA_L1M1_PR_MR,181.93,26.01,N
VIA_L1M1_PR_MR,182.85,26.01,N
VIA_M1M2_PR,183.31,26.01,N
VIA_L1M1_PR_MR,183.31,26.01,N
VIA_M1M2_PR,184.69,26.01,N
VIA_L1M1_PR_MR,184.69,26.01,N
VIA_L1M1_PR_MR,185.61,26.01,N
VIA_M2M3_PR,153.41,26.18,N
VIA_M2M3_PR,156.63,26.18,N
VIA_M2M3_PR,159.85,26.18,N
VIA_M2M3_PR,177.33,26.18,N
VIA_M3M4_PR,181.7,26.18,N
VIA_M2M3_PR,183.77,26.18,N
VIA_M2M3_PR,191.13,26.18,N
VIA_M1M2_PR,77.97,26.35,N
VIA_L1M1_PR_MR,77.97,26.35,N
VIA_M1M2_PR,78.89,26.35,N
VIA_L1M1_PR_MR,78.89,26.35,N
VIA_M1M2_PR,81.65,26.35,N
VIA_L1M1_PR_MR,81.65,26.35,N
VIA_M1M2_PR,100.97,26.35,N
VIA_M1M2_PR,157.55,26.35,N
VIA_L1M1_PR_MR,159.85,26.35,N
VIA_L1M1_PR_MR,167.21,26.35,N
VIA_L1M1_PR_MR,175.49,26.35,N
VIA_M1M2_PR,176.87,26.35,N
VIA_L1M1_PR_MR,180.09,26.35,N
VIA_M1M2_PR,182.39,26.35,N
VIA_M1M2_PR,186.07,26.35,N
VIA_L1M1_PR_MR,186.53,26.35,N
VIA_M1M2_PR,187.45,26.35,N
VIA_L1M1_PR_MR,77.05,26.69,N
VIA_L1M1_PR_MR,80.73,26.69,N
VIA_L1M1_PR_MR,83.49,26.69,N
VIA_M1M2_PR,83.49,26.69,N
VIA_L1M1_PR_MR,83.95,26.69,N
VIA_M1M2_PR,83.95,26.69,N
VIA_L1M1_PR_MR,84.41,26.69,N
VIA_M1M2_PR,97.75,26.69,N
VIA_M1M2_PR,150.19,26.69,N
VIA_M1M2_PR,153.41,26.69,N
VIA_M1M2_PR,156.17,26.69,N
VIA_L1M1_PR_MR,158.01,26.69,N
VIA_L1M1_PR_MR,162.61,26.69,N
VIA_M1M2_PR,164.45,26.69,N
VIA_M1M2_PR,167.67,26.69,N
VIA_M2M3_PR,159.85,26.86,N
VIA_M2M3_PR,176.87,26.86,N
sky130_fd_sc_hd__decap_3,10.12,27.2,FS
sky130_fd_sc_hd__decap_3,10.12,27.2,N
sky130_fd_sc_hd__tapvpwrvgnd_1,23.0,27.2,N
VIA_via2_3_2000_480_1_6_320_320,30.14,27.2,N
VIA_via4_5_2000_480_1_5_400_400,30.14,27.2,N
VIA_via3_4_2000_480_1_5_400_400,30.14,27.2,N
sky130_fd_sc_hd__tapvpwrvgnd_1,35.88,27.2,FS
sky130_fd_sc_hd__tapvpwrvgnd_1,48.76,27.2,N
VIA_via3_4_2000_480_1_5_400_400,60.14,27.2,N
VIA_via4_5_2000_480_1_5_400_400,60.14,27.2,N
VIA_via2_3_2000_480_1_6_320_320,60.14,27.2,N
sky130_fd_sc_hd__tapvpwrvgnd_1,61.64,27.2,FS
sky130_fd_sc_hd__tapvpwrvgnd_1,74.52,27.2,N
sky130_fd_sc_hd__and3_2,79.12,27.2,S
sky130_fd_sc_hd__and3_2,81.88,27.2,S
sky130_fd_sc_hd__and4_2,85.56,27.2,S
sky130_fd_sc_hd__tapvpwrvgnd_1,87.4,27.2,FS
VIA_via2_3_2000_480_1_6_320_320,90.14,27.2,N
VIA_via3_4_2000_480_1_5_400_400,90.14,27.2,N
VIA_via4_5_2000_480_1_5_400_400,90.14,27.2,N
sky130_fd_sc_hd__tapvpwrvgnd_1,100.28,27.2,N
sky130_fd_sc_hd__tapvpwrvgnd_1,113.16,27.2,FS
VIA_via4_5_2000_480_1_5_400_400,120.14,27.2,N
VIA_via2_3_2000_480_1_6_320_320,120.14,27.2,N
VIA_via3_4_2000_480_1_5_400_400,120.14,27.2,N
sky130_fd_sc_hd__tapvpwrvgnd_1,126.04,27.2,N
sky130_fd_sc_hd__tapvpwrvgnd_1,138.92,27.2,FS
sky130_fd_sc_hd__nor2_2,149.5,27.2,N
VIA_via3_4_2000_480_1_5_400_400,150.14,27.2,N
VIA_via4_5_2000_480_1_5_400_400,150.14,27.2,N
VIA_via2_3_2000_480_1_6_320_320,150.14,27.2,N
sky130_fd_sc_hd__nor2_2,150.42,27.2,FS
sky130_fd_sc_hd__tapvpwrvgnd_1,151.8,27.2,N
sky130_fd_sc_hd__nand2_2,154.56,27.2,N
sky130_fd_sc_hd__nand2_2,154.56,27.2,FN
sky130_fd_sc_hd__nand2_2,155.02,27.2,FS
sky130_fd_sc_hd__nor2_2,155.02,27.2,S
sky130_fd_sc_hd__nand2_2,156.86,27.2,N
sky130_fd_sc_hd__a21oi_2,159.16,27.2,N
sky130_fd_sc_hd__nor2_2,159.62,27.2,S
sky130_fd_sc_hd__nor2_2,161.92,27.2,S
sky130_fd_sc_hd__o211a_2,162.38,27.2,N
sky130_fd_sc_hd__or3_2,164.68,27.2,S
sky130_fd_sc_hd__tapvpwrvgnd_1,164.68,27.2,FS
sky130_fd_sc_hd__and2_2,165.14,27.2,FS
sky130_fd_sc_hd__xor2_2,167.9,27.2,FS
sky130_fd_sc_hd__xor2_2,172.04,27.2,FN
sky130_fd_sc_hd__and4bb_2,176.64,27.2,FN
sky130_fd_sc_hd__tapvpwrvgnd_1,177.56,27.2,N
sky130_fd_sc_hd__xor2_2,179.86,27.2,S
VIA_via4_5_2000_480_1_5_400_400,180.14,27.2,N
VIA_via3_4_2000_480_1_5_400_400,180.14,27.2,N
VIA_via2_3_2000_480_1_6_320_320,180.14,27.2,N
sky130_fd_sc_hd__mux2_1,182.16,27.2,FN
sky130_fd_sc_hd__o21ba_2,182.16,27.2,N
sky130_fd_sc_hd__o31ai_2,184.46,27.2,S
sky130_fd_sc_hd__nand2_2,184.46,27.2,FS
sky130_fd_sc_hd__nand2_2,185.84,27.2,N
sky130_fd_sc_hd__decap_3,189.98,27.2,FN
sky130_fd_sc_hd__decap_3,189.98,27.2,S
VIA_via5_6_2000_2000_1_1_1600_1600,26.44,27.53,N
VIA_via5_6_2000_2000_1_1_1600_1600,56.44,27.53,N
VIA_via5_6_2000_2000_1_1_1600_1600,86.44,27.53,N
VIA_via5_6_2000_2000_1_1_1600_1600,116.44,27.53,N
VIA_via5_6_2000_2000_1_1_1600_1600,146.44,27.53,N
VIA_via5_6_2000_2000_1_1_1600_1600,176.44,27.53,N
VIA_M2M3_PR,163.99,27.54,N
VIA_M2M3_PR,185.15,27.54,N
VIA_M1M2_PR,83.95,27.71,N
VIA_M1M2_PR,101.89,27.71,N
VIA_L1M1_PR_MR,161.69,27.71,N
VIA_M1M2_PR,161.69,27.71,N
VIA_M1M2_PR,162.61,27.71,N
VIA_L1M1_PR_MR,173.19,27.71,N
VIA_M1M2_PR,177.33,27.71,N
VIA_L1M1_PR_MR,180.09,27.71,N
VIA_L1M1_PR_MR,181.93,27.71,N
VIA_M1M2_PR,182.39,27.71,N
VIA_L1M1_PR_MR,183.31,27.71,N
VIA_M1M2_PR,83.49,28.05,N
VIA_M1M2_PR,106.95,28.05,N
VIA_M1M2_PR,151.57,28.05,N
VIA_M1M2_PR,152.03,28.05,N
VIA_M1M2_PR,165.37,28.05,N
VIA_L1M1_PR_MR,165.83,28.05,N
VIA_M1M2_PR,167.21,28.05,N
VIA_L1M1_PR_MR,167.67,28.05,N
VIA_M1M2_PR,171.35,28.05,N
VIA_L1M1_PR_MR,173.65,28.05,N
VIA_L1M1_PR_MR,179.63,28.05,N
VIA_M1M2_PR,179.63,28.05,N
VIA_M2M3_PR,151.11,28.22,N
VIA_M2M3_PR,174.11,28.22,N
VIA_M2M3_PR,179.63,28.22,N
VIA_M3M4_PR,182.62,28.22,N
VIA_M2M3_PR,183.31,28.22,N
VIA_L1M1_PR_MR,150.19,28.39,N
VIA_M1M2_PR,151.11,28.39,N
VIA_L1M1_PR_MR,151.11,28.39,N
VIA_M1M2_PR,152.95,28.39,N
VIA_L1M1_PR_MR,152.95,28.39,N
VIA_L1M1_PR_MR,154.33,28.39,N
VIA_M1M2_PR,154.33,28.39,N
VIA_L1M1_PR_MR,154.79,28.39,N
VIA_L1M1_PR_MR,156.17,28.39,N
VIA_M1M2_PR,157.55,28.39,N
VIA_L1M1_PR_MR,157.55,28.39,N
VIA_M1M2_PR,158.01,28.39,N
VIA_L1M1_PR_MR,158.01,28.39,N
VIA_M1M2_PR,158.93,28.39,N
VIA_L1M1_PR_MR,159.39,28.39,N
VIA_M1M2_PR,159.85,28.39,N
VIA_L1M1_PR_MR,160.31,28.39,N
VIA_L1M1_PR_MR,162.095,28.39,N
VIA_M1M2_PR,162.15,28.39,N
VIA_L1M1_PR_MR,162.61,28.39,N
VIA_M1M2_PR,162.61,28.39,N
VIA_L1M1_PR_MR,163.53,28.39,N
VIA_M1M2_PR,163.53,28.39,N
VIA_L1M1_PR_MR,163.99,28.39,N
VIA_L1M1_PR_MR,164.62,28.39,N
VIA_M1M2_PR,166.75,28.39,N
VIA_L1M1_PR_MR,172.73,28.39,N
VIA_M1M2_PR,173.19,28.39,N
VIA_L1M1_PR_MR,175.49,28.39,N
VIA_L1M1_PR_MR,182.85,28.39,N
VIA_M1M2_PR,182.85,28.39,N
VIA_L1M1_PR_MR,184.69,28.39,N
VIA_L1M1_PR_MR,185.61,28.39,N
VIA_M1M2_PR,185.61,28.39,N
VIA_L1M1_PR_MR,186.07,28.39,N
VIA_L1M1_PR_MR,186.99,28.39,N
VIA_M1M2_PR,161.23,28.73,N
VIA_M1M2_PR,169.51,28.73,N
VIA_L1M1_PR_MR,170.43,28.73,N
VIA_L1M1_PR_MR,176.41,28.73,N
VIA_M1M2_PR,176.87,28.73,N
VIA_L1M1_PR_MR,179.17,28.73,N
VIA_M1M2_PR,183.77,28.73,N
VIA_M3M4_PR,165.14,28.9,N
VIA_M2M3_PR,165.37,28.9,N
VIA_M2M3_PR,182.85,28.9,N
VIA_L1M1_PR_MR,151.11,29.07,N
VIA_M1M2_PR,154.79,29.07,N
VIA_M1M2_PR,158.01,29.07,N
VIA_M1M2_PR,169.97,29.07,N
VIA_M1M2_PR,185.15,29.07,N
VIA_M1M2_PR,186.07,29.07,N
VIA_M1M2_PR,152.03,29.41,N
VIA_M1M2_PR,153.87,29.41,N
VIA_L1M1_PR_MR,153.87,29.41,N
VIA_M1M2_PR,155.25,29.41,N
VIA_L1M1_PR_MR,155.25,29.41,N
VIA_L1M1_PR_MR,157.55,29.41,N
VIA_M1M2_PR,166.29,29.41,N
VIA_M1M2_PR,166.75,29.41,N
VIA_M1M2_PR,169.51,29.41,N
VIA_M1M2_PR,175.03,29.41,N
VIA_L1M1_PR_MR,186.53,29.41,N
VIA_M2M3_PR,156.63,29.58,N
VIA_via2_3_2000_480_1_6_320_320,26.44,29.92,N
VIA_via4_5_2000_480_1_5_400_400,26.44,29.92,N
VIA_via3_4_2000_480_1_5_400_400,26.44,29.92,N
VIA_via2_3_2000_480_1_6_320_320,56.44,29.92,N
VIA_via3_4_2000_480_1_5_400_400,56.44,29.92,N
VIA_via4_5_2000_480_1_5_400_400,56.44,29.92,N
VIA_via4_5_2000_480_1_5_400_400,86.44,29.92,N
VIA_via3_4_2000_480_1_5_400_400,86.44,29.92,N
VIA_via2_3_2000_480_1_6_320_320,86.44,29.92,N
VIA_via2_3_2000_480_1_6_320_320,116.44,29.92,N
VIA_via4_5_2000_480_1_5_400_400,116.44,29.92,N
VIA_via3_4_2000_480_1_5_400_400,116.44,29.92,N
VIA_via4_5_2000_480_1_5_400_400,146.44,29.92,N
VIA_via3_4_2000_480_1_5_400_400,146.44,29.92,N
VIA_via2_3_2000_480_1_6_320_320,146.44,29.92,N
VIA_via4_5_2000_480_1_5_400_400,176.44,29.92,N
VIA_via2_3_2000_480_1_6_320_320,176.44,29.92,N
VIA_via3_4_2000_480_1_5_400_400,176.44,29.92,N
VIA_M2M3_PR,155.25,30.26,N
VIA_M2M3_PR,162.15,30.26,N
VIA_L1M1_PR_MR,158.47,30.43,N
VIA_M1M2_PR,165.37,30.43,N
VIA_M1M2_PR,165.83,30.43,N
VIA_M1M2_PR,181.93,30.43,N
VIA_M1M2_PR,186.07,30.43,N
VIA_M1M2_PR,153.87,30.77,N
VIA_M1M2_PR,157.09,30.77,N
VIA_M1M2_PR,159.85,30.77,N
VIA_M1M2_PR,161.69,30.77,N
VIA_M1M2_PR,163.53,30.77,N
VIA_M2M3_PR,155.25,30.94,N
VIA_M2M3_PR,164.91,30.94,N
VIA_L1M1_PR_MR,152.95,31.11,N
VIA_M1M2_PR,155.25,31.11,N
VIA_M1M2_PR,157.55,31.11,N
VIA_M1M2_PR,158.01,31.11,N
VIA_L1M1_PR_MR,165.37,31.11,N
VIA_L1M1_PR_MR,169.51,31.11,N
VIA_M1M2_PR,169.51,31.11,N
VIA_M1M2_PR,175.49,31.11,N
VIA_L1M1_PR_MR,176.41,31.11,N
VIA_M1M2_PR,181.93,31.11,N
VIA_via5_6_2000_2000_1_1_1600_1600,30.14,31.23,N
VIA_via5_6_2000_2000_1_1_1600_1600,60.14,31.23,N
VIA_via5_6_2000_2000_1_1_1600_1600,90.14,31.23,N
VIA_via5_6_2000_2000_1_1_1600_1600,120.14,31.23,N
VIA_via5_6_2000_2000_1_1_1600_1600,150.14,31.23,N
VIA_via5_6_2000_2000_1_1_1600_1600,180.14,31.23,N
VIA_M1M2_PR,148.81,31.45,N
VIA_L1M1_PR_MR,151.11,31.45,N
VIA_L1M1_PR_MR,152.03,31.45,N
VIA_M1M2_PR,152.49,31.45,N
VIA_L1M1_PR_MR,153.41,31.45,N
VIA_L1M1_PR_MR,154.33,31.45,N
VIA_M1M2_PR,154.33,31.45,N
VIA_L1M1_PR_MR,156.17,31.45,N
VIA_M1M2_PR,157.09,31.45,N
VIA_L1M1_PR_MR,157.09,31.45,N
VIA_L1M1_PR_MR,159.39,31.45,N
VIA_M1M2_PR,161.23,31.45,N
VIA_L1M1_PR_MR,161.23,31.45,N
VIA_M1M2_PR,162.15,31.45,N
VIA_L1M1_PR_MR,162.605,31.45,N
VIA_L1M1_PR_MR,163.07,31.45,N
VIA_M1M2_PR,163.53,31.45,N
VIA_L1M1_PR_MR,163.53,31.45,N
VIA_M1M2_PR,164.45,31.45,N
VIA_L1M1_PR_MR,164.45,31.45,N
VIA_M1M2_PR_MR,167.21,31.45,N
VIA_M1M2_PR,171.35,31.45,N
VIA_L1M1_PR_MR,171.81,31.45,N
VIA_M1M2_PR,173.19,31.45,N
VIA_M1M2_PR,177.79,31.45,N
VIA_L1M1_PR_MR,177.79,31.45,N
VIA_L1M1_PR_MR,178.71,31.45,N
VIA_L1M1_PR_MR,183.31,31.45,N
VIA_L1M1_PR_MR,183.77,31.45,N
VIA_L1M1_PR_MR,184.69,31.45,N
VIA_M1M2_PR,185.15,31.45,N
VIA_L1M1_PR_MR,185.15,31.45,N
VIA_M2M3_PR,163.99,31.62,N
VIA_M3M4_PR,184.46,31.62,N
VIA_M1M2_PR,155.25,31.79,N
VIA_L1M1_PR_MR,155.25,31.79,N
VIA_M1M2_PR,156.63,31.79,N
VIA_L1M1_PR_MR,160.31,31.79,N
VIA_M1M2_PR,160.31,31.79,N
VIA_M1M2_PR,160.77,31.79,N
VIA_L1M1_PR_MR,160.77,31.79,N
VIA_M1M2_PR,163.99,31.79,N
VIA_L1M1_PR_MR,166.75,31.79,N
VIA_M1M2_PR,166.75,31.79,N
VIA_M1M2_PR,168.13,31.79,N
VIA_M1M2_PR,174.57,31.79,N
VIA_L1M1_PR_MR,182.85,31.79,N
VIA_M1M2_PR,185.61,31.79,N
VIA_L1M1_PR_MR,156.17,32.13,N
VIA_M1M2_PR,156.17,32.13,N
VIA_M1M2_PR,161.23,32.13,N
VIA_M1M2_PR,164.91,32.13,N
VIA_M1M2_PR,165.83,32.13,N
VIA_M1M2_PR,169.51,32.13,N
VIA_M1M2_PR,171.81,32.13,N
VIA_M1M2_PR,176.41,32.13,N
VIA_M1M2_PR,184.23,32.13,N
VIA_L1M1_PR_MR,186.07,32.13,N
VIA_M1M2_PR,186.07,32.13,N
VIA_M2M3_PR,152.03,32.3,N
VIA_M2M3_PR,163.53,32.3,N
VIA_M2M3_PR,173.65,32.3,N
VIA_M2M3_PR,177.33,32.3,N
sky130_fd_sc_hd__decap_3,10.12,32.64,FS
sky130_fd_sc_hd__decap_3,10.12,32.64,N
sky130_fd_sc_hd__tapvpwrvgnd_1,23.0,32.64,N
VIA_via3_4_2000_480_1_5_400_400,30.14,32.64,N
VIA_via2_3_2000_480_1_6_320_320,30.14,32.64,N
VIA_via4_5_2000_480_1_5_400_400,30.14,32.64,N
sky130_fd_sc_hd__tapvpwrvgnd_1,35.88,32.64,FS
sky130_fd_sc_hd__tapvpwrvgnd_1,48.76,32.64,N
VIA_via2_3_2000_480_1_6_320_320,60.14,32.64,N
VIA_via3_4_2000_480_1_5_400_400,60.14,32.64,N
VIA_via4_5_2000_480_1_5_400_400,60.14,32.64,N
sky130_fd_sc_hd__tapvpwrvgnd_1,61.64,32.64,FS
sky130_fd_sc_hd__tapvpwrvgnd_1,74.52,32.64,N
sky130_fd_sc_hd__and2b_2,81.88,32.64,N
sky130_fd_sc_hd__tapvpwrvgnd_1,87.4,32.64,FS
VIA_via3_4_2000_480_1_5_400_400,90.14,32.64,N
VIA_via4_5_2000_480_1_5_400_400,90.14,32.64,N
VIA_via2_3_2000_480_1_6_320_320,90.14,32.64,N
sky130_fd_sc_hd__tapvpwrvgnd_1,100.28,32.64,N
sky130_fd_sc_hd__tapvpwrvgnd_1,113.16,32.64,FS
VIA_via4_5_2000_480_1_5_400_400,120.14,32.64,N
VIA_via2_3_2000_480_1_6_320_320,120.14,32.64,N
VIA_via3_4_2000_480_1_5_400_400,120.14,32.64,N
sky130_fd_sc_hd__tapvpwrvgnd_1,126.04,32.64,N
sky130_fd_sc_hd__tapvpwrvgnd_1,138.92,32.64,FS
VIA_via4_5_2000_480_1_5_400_400,150.14,32.64,N
VIA_via3_4_2000_480_1_5_400_400,150.14,32.64,N
VIA_via2_3_2000_480_1_6_320_320,150.14,32.64,N
sky130_fd_sc_hd__nor2_2,150.88,32.64,FS
sky130_fd_sc_hd__tapvpwrvgnd_1,151.8,32.64,N
sky130_fd_sc_hd__nand2_2,153.18,32.64,FS
sky130_fd_sc_hd__nand2_2,155.48,32.64,FN
sky130_fd_sc_hd__a21oi_2,155.48,32.64,N
sky130_fd_sc_hd__nor2_2,155.48,32.64,FS
sky130_fd_sc_hd__a21o_2,157.78,32.64,FS
sky130_fd_sc_hd__o311a_2,161.92,32.64,N
sky130_fd_sc_hd__a31o_2,161.92,32.64,FN
sky130_fd_sc_hd__o211a_2,164.68,32.64,S
sky130_fd_sc_hd__tapvpwrvgnd_1,164.68,32.64,FS
sky130_fd_sc_hd__xnor2_2,170.2,32.64,N
sky130_fd_sc_hd__o2bb2a_2,170.2,32.64,FN
sky130_fd_sc_hd__xor2_2,171.12,32.64,FS
sky130_fd_sc_hd__xor2_2,171.12,32.64,S
sky130_fd_sc_hd__inv_2,176.18,32.64,N
sky130_fd_sc_hd__xnor2_2,177.1,32.64,FS
sky130_fd_sc_hd__tapvpwrvgnd_1,177.56,32.64,N
VIA_via3_4_2000_480_1_5_400_400,180.14,32.64,N
VIA_via2_3_2000_480_1_6_320_320,180.14,32.64,N
VIA_via4_5_2000_480_1_5_400_400,180.14,32.64,N
sky130_fd_sc_hd__mux2_1,182.62,32.64,N
sky130_fd_sc_hd__o22ai_2,182.62,32.64,FN
sky130_fd_sc_hd__a211o_2,186.76,32.64,S
sky130_fd_sc_hd__decap_3,189.98,32.64,S
sky130_fd_sc_hd__decap_3,189.98,32.64,FN
VIA_M2M3_PR,152.49,32.98,N
VIA_M2M3_PR,160.31,32.98,N
VIA_M2M3_PR,163.07,32.98,N
VIA_M2M3_PR,163.99,32.98,N
VIA_M2M3_PR,165.83,32.98,N
VIA_M2M3_PR,175.95,32.98,N
VIA_L1M1_PR_MR,84.41,33.15,N
VIA_M1M2_PR,84.41,33.15,N
VIA_M1M2_PR,135.01,33.15,N
VIA_M1M2_PR,154.33,33.15,N
VIA_M1M2_PR,157.55,33.15,N
VIA_L1M1_PR_MR,159.85,33.15,N
VIA_M1M2_PR,160.31,33.15,N
VIA_L1M1_PR_MR,160.31,33.15,N
VIA_M1M2_PR,161.69,33.15,N
VIA_M1M2_PR,162.61,33.15,N
VIA_M1M2_PR,164.45,33.15,N
VIA_L1M1_PR_MR,168.59,33.15,N
VIA_M1M2_PR,168.59,33.15,N
VIA_L1M1_PR_MR,169.51,33.15,N
VIA_M1M2_PR,169.97,33.15,N
VIA_M1M2_PR,172.27,33.15,N
VIA_M1M2_PR,184.69,33.15,N
VIA_L1M1_PR_MR,184.69,33.15,N
VIA_L1M1_PR_MR,185.15,33.15,N
VIA_M1M2_PR,185.61,33.15,N
VIA_M1M2_PR,158.01,33.49,N
VIA_M1M2_PR,160.77,33.49,N
VIA_L1M1_PR_MR,160.77,33.49,N
VIA_M1M2_PR,175.03,33.49,N
VIA_M2M3_PR,162.61,33.66,N
VIA_M3M4_PR,181.7,33.66,N
VIA_M3M4_PR,184.46,33.66,N
VIA_M2M3_PR,184.69,33.66,N
VIA_M1M2_PR,77.97,33.83,N
VIA_M1M2_PR,100.05,33.83,N
VIA_L1M1_PR_MR,154.33,33.83,N
VIA_M1M2_PR,154.79,33.83,N
VIA_L1M1_PR_MR,155.25,33.83,N
VIA_L1M1_PR_MR,155.71,33.83,N
VIA_L1M1_PR_MR,156.63,33.83,N
VIA_M1M2_PR,157.55,33.83,N
VIA_L1M1_PR_MR,158.47,33.83,N
VIA_M1M2_PR,158.47,33.83,N
VIA_L1M1_PR_MR,158.93,33.83,N
VIA_M1M2_PR,159.39,33.83,N
VIA_M1M2_PR,160.31,33.83,N
VIA_L1M1_PR_MR,161.69,33.83,N
VIA_L1M1_PR_MR,162.61,33.83,N
VIA_M1M2_PR,162.61,33.83,N
VIA_M1M2_PR,163.53,33.83,N
VIA_L1M1_PR_MR,163.53,33.83,N
VIA_M1M2_PR,163.99,33.83,N
VIA_L1M1_PR_MR,164.91,33.83,N
VIA_L1M1_PR_MR,165.83,33.83,N
VIA_M1M2_PR,166.29,33.83,N
VIA_L1M1_PR_MR,166.29,33.83,N
VIA_M1M2_PR,168.59,33.83,N
VIA_L1M1_PR_MR,168.6,33.83,N
VIA_M1M2_PR,171.35,33.83,N
VIA_L1M1_PR_MR,172.27,33.83,N
VIA_M1M2_PR,174.11,33.83,N
VIA_L1M1_PR_MR,176.41,33.83,N
VIA_M1M2_PR,176.41,33.83,N
VIA_L1M1_PR_MR,178.71,33.83,N
VIA_L1M1_PR_MR,179.63,33.83,N
VIA_L1M1_PR_MR,181.01,33.83,N
VIA_L1M1_PR_MR,182.39,33.83,N
VIA_M1M2_PR,188.37,33.83,N
VIA_M1M2_PR,73.37,34.17,N
VIA_L1M1_PR_MR,82.11,34.17,N
VIA_M1M2_PR,87.63,34.17,N
VIA_M1M2_PR,153.41,34.17,N
VIA_L1M1_PR_MR,158.01,34.17,N
VIA_M1M2_PR,169.51,34.17,N
VIA_M1M2_PR,171.81,34.17,N
VIA_L1M1_PR_MR,171.81,34.17,N
VIA_L1M1_PR_MR,175.95,34.17,N
VIA_M1M2_PR,175.95,34.17,N
VIA_L1M1_PR_MR,176.87,34.17,N
VIA_M1M2_PR,176.87,34.17,N
VIA_M1M2_PR,177.33,34.17,N
VIA_L1M1_PR_MR,180.09,34.17,N
VIA_M1M2_PR,184.23,34.17,N
VIA_L1M1_PR_MR,186.07,34.17,N
VIA_M1M2_PR,188.83,34.17,N
VIA_M2M3_PR,134.55,34.34,N
VIA_M2M3_PR,168.59,34.34,N
VIA_M3M4_PR,170.66,34.34,N
VIA_M2M3_PR,173.19,34.34,N
VIA_M2M3_PR,176.87,34.34,N
VIA_M2M3_PR,189.29,34.34,N
VIA_L1M1_PR_MR,83.95,34.51,N
VIA_M1M2_PR,158.47,34.51,N
VIA_M1M2_PR,160.77,34.51,N
VIA_M1M2_PR,163.07,34.51,N
VIA_L1M1_PR_MR,163.99,34.51,N
VIA_L1M1_PR_MR,164.45,34.51,N
VIA_L1M1_PR_MR,166.75,34.51,N
VIA_M1M2_PR,167.21,34.51,N
VIA_M1M2_PR,169.05,34.51,N
VIA_L1M1_PR_MR,182.85,34.51,N
VIA_L1M1_PR_MR,154.79,34.85,N
VIA_M1M2_PR,157.09,34.85,N
VIA_M1M2_PR,157.55,34.85,N
VIA_M1M2_PR,172.27,34.85,N
VIA_M1M2_PR,175.95,34.85,N
VIA_M1M2_PR,185.61,34.85,N
VIA_M2M3_PR,155.71,35.02,N
VIA_M2M3_PR,171.81,35.02,N
VIA_M3M4_PR,178.02,35.02,N
VIA_M2M3_PR,179.17,35.02,N
VIA_M2M3_PR,181.47,35.02,N
VIA_M3M4_PR,182.62,35.02,N
VIA_via2_3_2000_480_1_6_320_320,26.44,35.36,N
VIA_via4_5_2000_480_1_5_400_400,26.44,35.36,N
VIA_via3_4_2000_480_1_5_400_400,26.44,35.36,N
VIA_via3_4_2000_480_1_5_400_400,56.44,35.36,N
VIA_via2_3_2000_480_1_6_320_320,56.44,35.36,N
VIA_via4_5_2000_480_1_5_400_400,56.44,35.36,N
VIA_via2_3_2000_480_1_6_320_320,86.44,35.36,N
VIA_via4_5_2000_480_1_5_400_400,86.44,35.36,N
VIA_via3_4_2000_480_1_5_400_400,86.44,35.36,N
VIA_via4_5_2000_480_1_5_400_400,116.44,35.36,N
VIA_via3_4_2000_480_1_5_400_400,116.44,35.36,N
VIA_via2_3_2000_480_1_6_320_320,116.44,35.36,N
VIA_via2_3_2000_480_1_6_320_320,146.44,35.36,N
VIA_via3_4_2000_480_1_5_400_400,146.44,35.36,N
VIA_via4_5_2000_480_1_5_400_400,146.44,35.36,N
VIA_via2_3_2000_480_1_6_320_320,176.44,35.36,N
VIA_via4_5_2000_480_1_5_400_400,176.44,35.36,N
VIA_via3_4_2000_480_1_5_400_400,176.44,35.36,N
VIA_M2M3_PR,163.07,35.7,N
VIA_M2M3_PR,174.57,35.7,N
VIA_L1M1_PR_MR,152.95,35.87,N
VIA_M1M2_PR,158.01,35.87,N
VIA_M1M2_PR,161.23,35.87,N
VIA_M1M2_PR,163.99,35.87,N
VIA_M1M2_PR,169.05,35.87,N
VIA_M1M2_PR,169.51,35.87,N
VIA_M1M2_PR,175.03,35.87,N
VIA_M1M2_PR,179.17,35.87,N
VIA_L1M1_PR_MR,155.25,36.21,N
VIA_M1M2_PR,155.71,36.21,N
VIA_L1M1_PR_MR,156.17,36.21,N
VIA_M1M2_PR,158.93,36.21,N
VIA_M1M2_PR,159.85,36.21,N
VIA_M1M2_PR,168.13,36.21,N
VIA_M1M2_PR,178.71,36.21,N
VIA_M1M2_PR,179.63,36.21,N
VIA_M1M2_PR,183.31,36.21,N
VIA_M1M2_PR,184.69,36.21,N
VIA_L1M1_PR_MR,186.07,36.21,N
VIA_M2M3_PR,162.15,36.38,N
VIA_M1M2_PR,154.79,36.55,N
VIA_L1M1_PR_MR,158.01,36.55,N
VIA_M1M2_PR,158.47,36.55,N
VIA_M1M2_PR,160.31,36.55,N
VIA_L1M1_PR_MR,160.77,36.55,N
VIA_M1M2_PR,161.69,36.55,N
VIA_M1M2_PR,165.83,36.55,N
VIA_M1M2_PR,166.75,36.55,N
VIA_L1M1_PR_MR,169.51,36.55,N
VIA_M1M2_PR,169.51,36.55,N
VIA_L1M1_PR_MR,177.79,36.55,N
VIA_L1M1_PR_MR,182.39,36.55,N
VIA_L1M1_PR_MR,182.85,36.55,N
VIA_M1M2_PR,185.61,36.55,N
VIA_L1M1_PR_MR,185.61,36.55,N
VIA_L1M1_PR_MR,188.37,36.55,N
VIA_L1M1_PR_MR,77.97,36.89,N
VIA_M1M2_PR,77.97,36.89,N
VIA_M1M2_PR,152.49,36.89,N
VIA_L1M1_PR_MR,152.49,36.89,N
VIA_L1M1_PR_MR,153.41,36.89,N
VIA_M1M2_PR,153.41,36.89,N
VIA_L1M1_PR_MR,158.93,36.89,N
VIA_M1M2_PR,162.15,36.89,N
VIA_L1M1_PR_MR,162.61,36.89,N
VIA_M1M2_PR,163.07,36.89,N
VIA_L1M1_PR_MR,163.07,36.89,N
VIA_L1M1_PR_MR,163.99,36.89,N
VIA_L1M1_PR_MR,164.45,36.89,N
VIA_M1M2_PR,171.35,36.89,N
VIA_L1M1_PR_MR,171.81,36.89,N
VIA_M1M2_PR_MR,172.27,36.89,N
VIA_L1M1_PR_MR,176.87,36.89,N
VIA_M1M2_PR,177.33,36.89,N
VIA_L1M1_PR_MR,178.71,36.89,N
VIA_M1M2_PR,181.47,36.89,N
VIA_L1M1_PR_MR,181.47,36.89,N
VIA_L1M1_PR_MR,183.31,36.89,N
VIA_L1M1_PR_MR,183.77,36.89,N
VIA_L1M1_PR_MR,187.45,36.89,N
VIA_M2M3_PR,152.95,37.06,N
VIA_M2M3_PR,179.63,37.06,N
VIA_M2M3_PR,185.61,37.06,N
VIA_L1M1_PR_MR,79.35,37.23,N
VIA_M1M2_PR,79.81,37.23,N
VIA_M1M2_PR,83.03,37.23,N
VIA_L1M1_PR_MR,157.55,37.23,N
VIA_M1M2_PR,157.55,37.23,N
VIA_M1M2_PR,165.83,37.23,N
VIA_M1M2_PR,166.29,37.23,N
VIA_L1M1_PR_MR,166.75,37.23,N
VIA_M1M2_PR,167.67,37.23,N
VIA_M1M2_PR,176.41,37.23,N
VIA_L1M1_PR_MR,179.17,37.23,N
VIA_M1M2_PR,185.61,37.23,N
VIA_M1M2_PR,82.57,37.57,N
VIA_L1M1_PR_MR,86.71,37.57,N
VIA_M1M2_PR,88.55,37.57,N
VIA_L1M1_PR_MR,160.31,37.57,N
VIA_M1M2_PR,160.77,37.57,N
VIA_L1M1_PR_MR,161.69,37.57,N
VIA_M1M2_PR,169.05,37.57,N
VIA_M1M2_PR,169.97,37.57,N
VIA_M1M2_PR,171.81,37.57,N
VIA_M1M2_PR,176.87,37.57,N
VIA_M1M2_PR,181.01,37.57,N
VIA_L1M1_PR_MR,181.01,37.57,N
VIA_M1M2_PR,181.93,37.57,N
VIA_L1M1_PR_MR,184.69,37.57,N
VIA_M1M2_PR,187.91,37.57,N
VIA_M2M3_PR,188.37,37.74,N
sky130_fd_sc_hd__decap_3,10.12,38.08,FS
sky130_fd_sc_hd__decap_3,10.12,38.08,N
sky130_fd_sc_hd__tapvpwrvgnd_1,23.0,38.08,N
VIA_via3_4_2000_480_1_5_400_400,30.14,38.08,N
VIA_via2_3_2000_480_1_6_320_320,30.14,38.08,N
VIA_via4_5_2000_480_1_5_400_400,30.14,38.08,N
sky130_fd_sc_hd__tapvpwrvgnd_1,35.88,38.08,FS
sky130_fd_sc_hd__tapvpwrvgnd_1,48.76,38.08,N
VIA_via4_5_2000_480_1_5_400_400,60.14,38.08,N
VIA_via3_4_2000_480_1_5_400_400,60.14,38.08,N
VIA_via2_3_2000_480_1_6_320_320,60.14,38.08,N
sky130_fd_sc_hd__tapvpwrvgnd_1,61.64,38.08,FS
sky130_fd_sc_hd__tapvpwrvgnd_1,74.52,38.08,N
sky130_fd_sc_hd__nand2_2,74.98,38.08,N
sky130_fd_sc_hd__and4_2,77.28,38.08,N
sky130_fd_sc_hd__dfrtp_2,77.74,38.08,FS
sky130_fd_sc_hd__tapvpwrvgnd_1,87.4,38.08,FS
VIA_via4_5_2000_480_1_5_400_400,90.14,38.08,N
VIA_via3_4_2000_480_1_5_400_400,90.14,38.08,N
VIA_via2_3_2000_480_1_6_320_320,90.14,38.08,N
sky130_fd_sc_hd__dfrtp_2,90.62,38.08,FN
sky130_fd_sc_hd__tapvpwrvgnd_1,100.28,38.08,N
sky130_fd_sc_hd__tapvpwrvgnd_1,113.16,38.08,FS
VIA_via4_5_2000_480_1_5_400_400,120.14,38.08,N
VIA_via2_3_2000_480_1_6_320_320,120.14,38.08,N
VIA_via3_4_2000_480_1_5_400_400,120.14,38.08,N
sky130_fd_sc_hd__tapvpwrvgnd_1,126.04,38.08,N
sky130_fd_sc_hd__tapvpwrvgnd_1,138.92,38.08,FS
VIA_via4_5_2000_480_1_5_400_400,150.14,38.08,N
VIA_via3_4_2000_480_1_5_400_400,150.14,38.08,N
VIA_via2_3_2000_480_1_6_320_320,150.14,38.08,N
sky130_fd_sc_hd__tapvpwrvgnd_1,151.8,38.08,N
sky130_fd_sc_hd__nand2_2,152.26,38.08,FS
sky130_fd_sc_hd__and3_2,154.56,38.08,N
sky130_fd_sc_hd__nor2_2,154.56,38.08,FN
sky130_fd_sc_hd__a21oi_2,157.32,38.08,N
sky130_fd_sc_hd__and2b_2,157.78,38.08,S
sky130_fd_sc_hd__a21oi_2,157.78,38.08,FS
sky130_fd_sc_hd__o22ai_2,160.54,38.08,N
sky130_fd_sc_hd__a211o_2,161.0,38.08,FS
sky130_fd_sc_hd__tapvpwrvgnd_1,164.68,38.08,FS
sky130_fd_sc_hd__xnor2_2,171.12,38.08,N
sky130_fd_sc_hd__xor2_2,171.12,38.08,FS
sky130_fd_sc_hd__xnor2_2,171.12,38.08,FN
sky130_fd_sc_hd__xor2_2,171.12,38.08,S
sky130_fd_sc_hd__tapvpwrvgnd_1,177.56,38.08,N
sky130_fd_sc_hd__o211ai_2,178.02,38.08,N
VIA_via4_5_2000_480_1_5_400_400,180.14,38.08,N
VIA_via2_3_2000_480_1_6_320_320,180.14,38.08,N
VIA_via3_4_2000_480_1_5_400_400,180.14,38.08,N
sky130_fd_sc_hd__mux2_1,181.24,38.08,S
sky130_fd_sc_hd__o32a_2,185.38,38.08,S
sky130_fd_sc_hd__or2_2,186.3,38.08,N
sky130_fd_sc_hd__a21bo_2,186.3,38.08,FN
sky130_fd_sc_hd__a21oi_2,188.6,38.08,S
sky130_fd_sc_hd__decap_3,189.98,38.08,FN
sky130_fd_sc_hd__decap_3,189.98,38.08,S
VIA_M1M2_PR,76.13,38.59,N
VIA_L1M1_PR_MR,78.43,38.59,N
VIA_M1M2_PR,79.35,38.59,N
VIA_M1M2_PR,157.09,38.59,N
VIA_M1M2_PR,164.45,38.59,N
VIA_M1M2_PR,169.51,38.59,N
VIA_L1M1_PR_MR,176.87,38.59,N
VIA_M1M2_PR,177.79,38.59,N
VIA_M1M2_PR,72.45,38.93,N
VIA_L1M1_PR_MR,77.51,38.93,N
VIA_L1M1_PR_MR,78.89,38.93,N
VIA_M1M2_PR,82.57,38.93,N
VIA_L1M1_PR_MR,89.01,38.93,N
VIA_M1M2_PR,91.77,38.93,N
VIA_L1M1_PR_MR,154.79,38.93,N
VIA_M1M2_PR,155.25,38.93,N
VIA_L1M1_PR_MR,155.71,38.93,N
VIA_L1M1_PR_MR,165.37,38.93,N
VIA_M1M2_PR,169.97,38.93,N
VIA_M1M2_PR,177.33,38.93,N
VIA_L1M1_PR_MR,182.39,38.93,N
VIA_M1M2_PR,184.23,38.93,N
VIA_L1M1_PR_MR,186.53,38.93,N
VIA_M1M2_PR,186.99,38.93,N
VIA_M1M2_PR,188.37,38.93,N
VIA_L1M1_PR_MR,188.37,38.93,N
VIA_M2M3_PR,176.41,39.1,N
VIA_L1M1_PR_MR,75.67,39.27,N
VIA_M1M2_PR,75.67,39.27,N
VIA_L1M1_PR_MR,76.13,39.27,N
VIA_M1M2_PR,76.13,39.27,N
VIA_M1M2_PR,76.59,39.27,N
VIA_L1M1_PR_MR,79.35,39.27,N
VIA_L1M1_PR_MR,153.41,39.27,N
VIA_L1M1_PR_MR,154.33,39.27,N
VIA_L1M1_PR_MR,157.55,39.27,N
VIA_M1M2_PR,158.01,39.27,N
VIA_M1M2_PR,158.47,39.27,N
VIA_L1M1_PR_MR,158.47,39.27,N
VIA_M1M2_PR,159.39,39.27,N
VIA_L1M1_PR_MR,160.31,39.27,N
VIA_L1M1_PR_MR,160.77,39.27,N
VIA_M1M2_PR,160.77,39.27,N
VIA_L1M1_PR_MR,162.15,39.27,N
VIA_M1M2_PR,162.15,39.27,N
VIA_L1M1_PR_MR,163.53,39.27,N
VIA_L1M1_PR_MR,164.45,39.27,N
VIA_M1M2_PR,165.83,39.27,N
VIA_L1M1_PR_MR,167.21,39.27,N
VIA_L1M1_PR_MR,168.59,39.27,N
VIA_M1M2_PR,169.51,39.27,N
VIA_M1M2_PR,171.81,39.27,N
VIA_L1M1_PR_MR,171.81,39.27,N
VIA_L1M1_PR_MR,172.73,39.27,N
VIA_M1M2_PR,174.57,39.27,N
VIA_L1M1_PR_MR,178.71,39.27,N
VIA_L1M1_PR_MR,179.17,39.27,N
VIA_M1M2_PR,181.01,39.27,N
VIA_L1M1_PR_MR,181.01,39.27,N
VIA_M1M2_PR,182.85,39.27,N
VIA_L1M1_PR_MR,182.85,39.27,N
VIA_L1M1_PR_MR,185.145,39.27,N
VIA_M1M2_PR,186.07,39.27,N
VIA_L1M1_PR_MR,187.45,39.27,N
VIA_M1M2_PR,190.21,39.27,N
VIA_M1M2_PR,74.29,39.61,N
VIA_M1M2_PR,77.05,39.61,N
VIA_L1M1_PR_MR,77.05,39.61,N
VIA_L1M1_PR_MR,77.51,39.61,N
VIA_L1M1_PR_MR,81.65,39.61,N
VIA_M1M2_PR,82.11,39.61,N
VIA_M1M2_PR,83.03,39.61,N
VIA_L1M1_PR_MR,90.39,39.61,N
VIA_M1M2_PR,91.31,39.61,N
VIA_M1M2_PR,161.23,39.61,N
VIA_L1M1_PR_MR,162.61,39.61,N
VIA_M1M2_PR,169.05,39.61,N
VIA_M1M2_PR,181.93,39.61,N
VIA_L1M1_PR_MR,183.31,39.61,N
VIA_M3M4_PR,174.34,39.78,N
VIA_M2M3_PR,188.37,39.78,N
VIA_M1M2_PR,73.83,39.95,N
VIA_L1M1_PR_MR,152.95,39.95,N
VIA_L1M1_PR_MR,159.85,39.95,N
VIA_M1M2_PR,160.77,39.95,N
VIA_M1M2_PR,177.79,39.95,N
VIA_L1M1_PR_MR,178.25,39.95,N
VIA_L1M1_PR_MR,80.27,40.29,N
VIA_M1M2_PR,80.27,40.29,N
VIA_M1M2_PR,154.79,40.29,N
VIA_L1M1_PR_MR,155.71,40.29,N
VIA_M1M2_PR,155.71,40.29,N
VIA_L1M1_PR_MR,156.63,40.29,N
VIA_M1M2_PR,159.39,40.29,N
VIA_M1M2_PR,163.07,40.29,N
VIA_M1M2_PR,176.87,40.29,N
VIA_M1M2_PR,179.17,40.29,N
VIA_M1M2_PR,185.15,40.29,N
VIA_L1M1_PR_MR,185.61,40.29,N
VIA_M2M3_PR,80.27,40.46,N
VIA_M3M4_PR,80.5,40.46,N
VIA_via3_4_2000_480_1_5_400_400,26.44,40.8,N
VIA_via2_3_2000_480_1_6_320_320,26.44,40.8,N
VIA_via4_5_2000_480_1_5_400_400,26.44,40.8,N
VIA_via2_3_2000_480_1_6_320_320,56.44,40.8,N
VIA_via4_5_2000_480_1_5_400_400,56.44,40.8,N
VIA_via3_4_2000_480_1_5_400_400,56.44,40.8,N
VIA_via2_3_2000_480_1_6_320_320,86.44,40.8,N
VIA_via4_5_2000_480_1_5_400_400,86.44,40.8,N
VIA_via3_4_2000_480_1_5_400_400,86.44,40.8,N
VIA_via2_3_2000_480_1_6_320_320,116.44,40.8,N
VIA_via3_4_2000_480_1_5_400_400,116.44,40.8,N
VIA_via4_5_2000_480_1_5_400_400,116.44,40.8,N
VIA_via4_5_2000_480_1_5_400_400,146.44,40.8,N
VIA_via3_4_2000_480_1_5_400_400,146.44,40.8,N
VIA_via2_3_2000_480_1_6_320_320,146.44,40.8,N
VIA_via4_5_2000_480_1_5_400_400,176.44,40.8,N
VIA_via2_3_2000_480_1_6_320_320,176.44,40.8,N
VIA_via3_4_2000_480_1_5_400_400,176.44,40.8,N
VIA_M2M3_PR,158.01,41.14,N
VIA_M2M3_PR,161.69,41.14,N
VIA_M2M3_PR,180.09,41.14,N
VIA_M3M4_PR,182.62,41.14,N
VIA_M2M3_PR,188.83,41.14,N
VIA_M1M2_PR,58.65,41.31,N
VIA_M1M2_PR,73.83,41.31,N
VIA_M1M2_PR,76.59,41.31,N
VIA_M1M2_PR,155.71,41.31,N
VIA_M1M2_PR,157.09,41.31,N
VIA_M1M2_PR,167.21,41.31,N
VIA_M1M2_PR,180.09,41.31,N
VIA_M1M2_PR,189.75,41.31,N
VIA_M1M2_PR,76.13,41.65,N
VIA_L1M1_PR_MR,76.13,41.65,N
VIA_L1M1_PR_MR,88.09,41.65,N
VIA_M1M2_PR,92.23,41.65,N
VIA_M1M2_PR,109.71,41.65,N
VIA_M1M2_PR,156.63,41.65,N
VIA_L1M1_PR_MR,156.63,41.65,N
VIA_M1M2_PR,162.15,41.65,N
VIA_M1M2_PR,182.85,41.65,N
VIA_M2M3_PR,153.87,41.82,N
VIA_M2M3_PR,162.15,41.82,N
VIA_M3M4_PR,181.7,41.82,N
VIA_M2M3_PR,182.85,41.82,N
VIA_M1M2_PR,75.21,41.99,N
VIA_L1M1_PR_MR,75.21,41.99,N
VIA_L1M1_PR_MR,84.87,41.99,N
VIA_M1M2_PR,88.55,41.99,N
VIA_M1M2_PR,157.55,41.99,N
VIA_L1M1_PR_MR,158.47,41.99,N
VIA_M1M2_PR,160.77,41.99,N
VIA_L1M1_PR_MR,161.23,41.99,N
VIA_M1M2_PR,162.61,41.99,N
VIA_L1M1_PR_MR,166.29,41.99,N
VIA_M1M2_PR,166.29,41.99,N
VIA_M1M2_PR,168.13,41.99,N
VIA_M1M2_PR,169.05,41.99,N
VIA_L1M1_PR_MR,178.25,41.99,N
VIA_L1M1_PR_MR,178.71,41.99,N
VIA_M1M2_PR,179.17,41.99,N
VIA_L1M1_PR_MR,179.17,41.99,N
VIA_L1M1_PR_MR,179.63,41.99,N
VIA_M1M2_PR,181.93,41.99,N
VIA_L1M1_PR_MR,184.69,41.99,N
VIA_M1M2_PR,185.61,41.99,N
VIA_L1M1_PR_MR,183.315,42.28,N
VIA_L1M1_PR_MR,74.29,42.33,N
VIA_L1M1_PR_MR,76.59,42.33,N
VIA_M1M2_PR,77.05,42.33,N
VIA_L1M1_PR_MR,86.25,42.33,N
VIA_L1M1_PR_MR,89.47,42.33,N
VIA_M1M2_PR,89.47,42.33,N
VIA_L1M1_PR_MR,89.93,42.33,N
VIA_L1M1_PR_MR,91.77,42.33,N
VIA_M1M2_PR,92.23,42.33,N
VIA_M1M2_PR,92.69,42.33,N
VIA_L1M1_PR_MR,92.69,42.33,N
VIA_M1M2_PR,157.09,42.33,N
VIA_L1M1_PR_MR,157.09,42.33,N
VIA_M1M2_PR,158.01,42.33,N
VIA_L1M1_PR_MR,158.01,42.33,N
VIA_L1M1_PR_MR,160.31,42.33,N
VIA_L1M1_PR_MR,161.69,42.33,N
VIA_M1M2_PR,162.15,42.33,N
VIA_L1M1_PR_MR,162.15,42.33,N
VIA_M1M2_PR,163.07,42.33,N
VIA_L1M1_PR_MR,163.07,42.33,N
VIA_M1M2_PR,164.45,42.33,N
VIA_L1M1_PR_MR,166.75,42.33,N
VIA_M1M2_PR,167.21,42.33,N
VIA_M1M2_PR,171.81,42.33,N
VIA_L1M1_PR_MR,171.81,42.33,N
VIA_M1M2_PR,173.19,42.33,N
VIA_L1M1_PR_MR,177.33,42.33,N
VIA_L1M1_PR_MR,181.47,42.33,N
VIA_M1M2_PR,181.47,42.33,N
VIA_L1M1_PR_MR,182.39,42.33,N
VIA_L1M1_PR_MR,182.85,42.33,N
VIA_M1M2_PR,182.85,42.33,N
VIA_L1M1_PR_MR,185.15,42.33,N
VIA_M1M2_PR,185.15,42.33,N
VIA_L1M1_PR_MR,186.53,42.33,N
VIA_M1M2_PR,186.99,42.33,N
VIA_M2M3_PR,89.47,42.5,N
VIA_M3M4_PR,128.34,42.5,N
VIA_M2M3_PR,170.89,42.5,N
VIA_M2M3_PR,181.93,42.5,N
VIA_M1M2_PR,159.85,42.67,N
VIA_L1M1_PR_MR,163.99,42.67,N
VIA_M1M2_PR,176.87,42.67,N
VIA_L1M1_PR_MR,176.87,42.67,N
VIA_M1M2_PR,183.31,42.67,N
VIA_L1M1_PR_MR,187.45,42.67,N
VIA_M1M2_PR,70.15,43.01,N
VIA_M1M2_PR,72.91,43.01,N
VIA_M1M2_PR,75.67,43.01,N
VIA_L1M1_PR_MR,77.51,43.01,N
VIA_M1M2_PR,83.03,43.01,N
VIA_M1M2_PR,83.95,43.01,N
VIA_M1M2_PR,159.39,43.01,N
VIA_L1M1_PR_MR,160.31,43.01,N
VIA_M1M2_PR,167.21,43.01,N
VIA_M1M2_PR,170.89,43.01,N
VIA_L1M1_PR_MR,170.89,43.01,N
VIA_M1M2_PR,171.35,43.01,N
VIA_M1M2_PR,178.71,43.01,N
VIA_L1M1_PR_MR,180.55,43.01,N
VIA_M1M2_PR,184.23,43.01,N
VIA_L1M1_PR_MR,185.61,43.01,N
sky130_fd_sc_hd__decap_3,10.12,43.52,FS
sky130_fd_sc_hd__decap_3,10.12,43.52,N
sky130_fd_sc_hd__tapvpwrvgnd_1,23.0,43.52,N
VIA_via3_4_2000_480_1_5_400_400,30.14,43.52,N
VIA_via4_5_2000_480_1_5_400_400,30.14,43.52,N
VIA_via2_3_2000_480_1_6_320_320,30.14,43.52,N
sky130_fd_sc_hd__tapvpwrvgnd_1,35.88,43.52,FS
sky130_fd_sc_hd__tapvpwrvgnd_1,48.76,43.52,N
VIA_via3_4_2000_480_1_5_400_400,60.14,43.52,N
VIA_via4_5_2000_480_1_5_400_400,60.14,43.52,N
VIA_via2_3_2000_480_1_6_320_320,60.14,43.52,N
sky130_fd_sc_hd__tapvpwrvgnd_1,61.64,43.52,FS
sky130_fd_sc_hd__and2_2,71.3,43.52,FN
sky130_fd_sc_hd__o21a_2,71.3,43.52,N
sky130_fd_sc_hd__o21a_2,73.6,43.52,FS
sky130_fd_sc_hd__tapvpwrvgnd_1,74.52,43.52,N
sky130_fd_sc_hd__inv_2,75.44,43.52,N
sky130_fd_sc_hd__xnor2_2,76.82,43.52,N
sky130_fd_sc_hd__dfrtp_2,82.8,43.52,N
sky130_fd_sc_hd__dfrtp_2,86.48,43.52,S
sky130_fd_sc_hd__tapvpwrvgnd_1,87.4,43.52,FS
VIA_via4_5_2000_480_1_5_400_400,90.14,43.52,N
VIA_via2_3_2000_480_1_6_320_320,90.14,43.52,N
VIA_via3_4_2000_480_1_5_400_400,90.14,43.52,N
sky130_fd_sc_hd__nor4b_2,93.38,43.52,S
sky130_fd_sc_hd__tapvpwrvgnd_1,100.28,43.52,N
sky130_fd_sc_hd__tapvpwrvgnd_1,113.16,43.52,FS
sky130_fd_sc_hd__nand2b_2,120.06,43.52,FN
VIA_via3_4_2000_480_1_5_400_400,120.14,43.52,N
VIA_via2_3_2000_480_1_6_320_320,120.14,43.52,N
VIA_via4_5_2000_480_1_5_400_400,120.14,43.52,N
sky130_fd_sc_hd__tapvpwrvgnd_1,126.04,43.52,N
sky130_fd_sc_hd__tapvpwrvgnd_1,138.92,43.52,FS
VIA_via2_3_2000_480_1_6_320_320,150.14,43.52,N
VIA_via3_4_2000_480_1_5_400_400,150.14,43.52,N
VIA_via4_5_2000_480_1_5_400_400,150.14,43.52,N
sky130_fd_sc_hd__tapvpwrvgnd_1,151.8,43.52,N
sky130_fd_sc_hd__nor2_2,158.24,43.52,S
sky130_fd_sc_hd__nor2_2,158.7,43.52,N
sky130_fd_sc_hd__or3_2,161.0,43.52,N
sky130_fd_sc_hd__a21oi_2,161.46,43.52,S
sky130_fd_sc_hd__nand2b_2,163.76,43.52,N
sky130_fd_sc_hd__a21o_2,164.68,43.52,S
sky130_fd_sc_hd__tapvpwrvgnd_1,164.68,43.52,FS
sky130_fd_sc_hd__xnor2_2,165.14,43.52,FS
sky130_fd_sc_hd__xnor2_2,166.98,43.52,N
sky130_fd_sc_hd__xor2_2,171.12,43.52,FS
sky130_fd_sc_hd__a221o_2,177.56,43.52,FN
sky130_fd_sc_hd__tapvpwrvgnd_1,177.56,43.52,N
sky130_fd_sc_hd__mux2_1,178.02,43.52,N
VIA_via3_4_2000_480_1_5_400_400,180.14,43.52,N
VIA_via4_5_2000_480_1_5_400_400,180.14,43.52,N
VIA_via2_3_2000_480_1_6_320_320,180.14,43.52,N
sky130_fd_sc_hd__o211a_2,181.24,43.52,FS
sky130_fd_sc_hd__o32a_2,181.24,43.52,S
sky130_fd_sc_hd__a21oi_2,182.16,43.52,N
sky130_fd_sc_hd__and3_2,185.38,43.52,N
sky130_fd_sc_hd__a21o_2,188.14,43.52,S
sky130_fd_sc_hd__decap_3,189.98,43.52,FN
sky130_fd_sc_hd__decap_3,189.98,43.52,S
VIA_M1M2_PR,70.61,44.03,N
VIA_M1M2_PR,73.37,44.03,N
VIA_M1M2_PR,79.81,44.03,N
VIA_L1M1_PR_MR,82.57,44.03,N
VIA_M1M2_PR,158.01,44.03,N
VIA_M1M2_PR,169.97,44.03,N
VIA_M1M2_PR,175.03,44.03,N
VIA_M1M2_PR,178.71,44.03,N
VIA_L1M1_PR_MR,180.09,44.03,N
VIA_L1M1_PR_MR,180.55,44.03,N
VIA_M1M2_PR,181.93,44.03,N
VIA_L1M1_PR_MR,183.31,44.03,N
VIA_L1M1_PR_MR,187.45,44.03,N
VIA_M1M2_PR,188.37,44.03,N
VIA_M1M2_PR,76.13,44.37,N
VIA_M1M2_PR,77.97,44.37,N
VIA_M1M2_PR,83.95,44.37,N
VIA_L1M1_PR_MR,84.41,44.37,N
VIA_M1M2_PR,84.41,44.37,N
VIA_M1M2_PR,88.09,44.37,N
VIA_M1M2_PR,157.09,44.37,N
VIA_M1M2_PR,168.13,44.37,N
VIA_M1M2_PR,169.51,44.37,N
VIA_L1M1_PR_MR,175.49,44.37,N
VIA_L1M1_PR_MR,185.61,44.37,N
VIA_M1M2_PR,186.07,44.37,N
VIA_L1M1_PR_MR,186.53,44.37,N
VIA_M1M2_PR,190.67,44.37,N
VIA_M2M3_PR,71.07,44.54,N
VIA_M2M3_PR,74.29,44.54,N
VIA_M2M3_PR,78.43,44.54,N
VIA_M2M3_PR,175.03,44.54,N
VIA_M2M3_PR,181.93,44.54,N
VIA_M2M3_PR,185.15,44.54,N
VIA_L1M1_PR_MR,70.15,44.71,N
VIA_M1M2_PR,70.15,44.71,N
VIA_L1M1_PR_MR,71.07,44.71,N
VIA_M1M2_PR,71.07,44.71,N
VIA_M1M2_PR,73.37,44.71,N
VIA_L1M1_PR_MR,73.83,44.71,N
VIA_L1M1_PR_MR,74.29,44.71,N
VIA_M1M2_PR,74.75,44.71,N
VIA_L1M1_PR_MR,75.67,44.71,N
VIA_L1M1_PR_MR,77.51,44.71,N
VIA_L1M1_PR_MR,78.43,44.71,N
VIA_M1M2_PR,78.43,44.71,N
VIA_L1M1_PR_MR,83.03,44.71,N
VIA_M1M2_PR,118.45,44.71,N
VIA_M1M2_PR,118.91,44.71,N
VIA_L1M1_PR_MR,119.37,44.71,N
VIA_L1M1_PR_MR,159.39,44.71,N
VIA_M1M2_PR,159.39,44.71,N
VIA_L1M1_PR_MR,159.85,44.71,N
VIA_M1M2_PR,159.85,44.71,N
VIA_M1M2_PR,160.31,44.71,N
VIA_L1M1_PR_MR,161.23,44.71,N
VIA_M1M2_PR,162.15,44.71,N
VIA_L1M1_PR_MR,164.45,44.71,N
VIA_M1M2_PR,164.45,44.71,N
VIA_L1M1_PR_MR,166.29,44.71,N
VIA_M1M2_PR,166.29,44.71,N
VIA_M1M2_PR,166.75,44.71,N
VIA_L1M1_PR_MR,168.59,44.71,N
VIA_L1M1_PR_MR,170.89,44.71,N
VIA_M1M2_PR,170.89,44.71,N
VIA_M1M2_PR,173.65,44.71,N
VIA_L1M1_PR_MR,174.8,44.71,N
VIA_L1M1_PR_MR,175.95,44.71,N
VIA_L1M1_PR_MR,176.865,44.71,N
VIA_L1M1_PR_MR,177.33,44.71,N
VIA_M1M2_PR,177.79,44.71,N
VIA_M1M2_PR,182.39,44.71,N
VIA_L1M1_PR_MR,182.39,44.71,N
VIA_L1M1_PR_MR,183.31,44.71,N
VIA_M1M2_PR,184.23,44.71,N
VIA_L1M1_PR_MR,185.15,44.71,N
VIA_M1M2_PR,185.15,44.71,N
VIA_M1M2_PR,68.77,45.05,N
VIA_L1M1_PR_MR,72.91,45.05,N
VIA_M1M2_PR,79.81,45.05,N
VIA_L1M1_PR_MR,91.77,45.05,N
VIA_M1M2_PR,92.23,45.05,N
VIA_M1M2_PR,93.61,45.05,N
VIA_L1M1_PR_MR,117.99,45.05,N
VIA_M1M2_PR,117.99,45.05,N
VIA_M1M2_PR,156.17,45.05,N
VIA_L1M1_PR_MR,161.69,45.05,N
VIA_M1M2_PR,165.83,45.05,N
VIA_L1M1_PR_MR,168.13,45.05,N
VIA_M1M2_PR,169.97,45.05,N
VIA_L1M1_PR_MR,172.27,45.05,N
VIA_M1M2_PR,179.63,45.05,N
VIA_L1M1_PR_MR,181.47,45.05,N
VIA_M2M3_PR,170.89,45.22,N
VIA_M2M3_PR,183.31,45.22,N
VIA_L1M1_PR_MR,69.23,45.39,N
VIA_M1M2_PR,73.37,45.39,N
VIA_L1M1_PR_MR,76.13,45.39,N
VIA_M1M2_PR,82.57,45.39,N
VIA_L1M1_PR_MR,160.31,45.39,N
VIA_M1M2_PR,160.31,45.39,N
VIA_L1M1_PR_MR,165.37,45.39,N
VIA_M1M2_PR,167.21,45.39,N
VIA_M1M2_PR,172.73,45.39,N
VIA_M1M2_PR,176.87,45.39,N
VIA_M1M2_PR,180.09,45.39,N
VIA_M1M2_PR,187.45,45.39,N
VIA_M1M2_PR,71.99,45.73,N
VIA_L1M1_PR_MR,71.99,45.73,N
VIA_M1M2_PR,78.43,45.73,N
VIA_M1M2_PR,83.49,45.73,N
VIA_M1M2_PR,92.23,45.73,N
VIA_L1M1_PR_MR,118.91,45.73,N
VIA_M1M2_PR,119.83,45.73,N
VIA_M1M2_PR,161.23,45.73,N
VIA_L1M1_PR_MR,161.23,45.73,N
VIA_M1M2_PR,162.61,45.73,N
VIA_L1M1_PR_MR,163.07,45.73,N
VIA_M1M2_PR,166.29,45.73,N
VIA_M1M2_PR,173.65,45.73,N
VIA_L1M1_PR_MR,174.11,45.73,N
VIA_M1M2_PR,175.03,45.73,N
VIA_L1M1_PR_MR,178.25,45.73,N
VIA_M1M2_PR,182.39,45.73,N
VIA_L1M1_PR_MR,186.53,45.73,N
VIA_M1M2_PR,189.29,45.73,N
VIA_via3_4_2000_480_1_5_400_400,26.44,46.24,N
VIA_via2_3_2000_480_1_6_320_320,26.44,46.24,N
VIA_via4_5_2000_480_1_5_400_400,26.44,46.24,N
VIA_via4_5_2000_480_1_5_400_400,56.44,46.24,N
VIA_via2_3_2000_480_1_6_320_320,56.44,46.24,N
VIA_via3_4_2000_480_1_5_400_400,56.44,46.24,N
VIA_via3_4_2000_480_1_5_400_400,86.44,46.24,N
VIA_via2_3_2000_480_1_6_320_320,86.44,46.24,N
VIA_via4_5_2000_480_1_5_400_400,86.44,46.24,N
VIA_via3_4_2000_480_1_5_400_400,116.44,46.24,N
VIA_via2_3_2000_480_1_6_320_320,116.44,46.24,N
VIA_via4_5_2000_480_1_5_400_400,116.44,46.24,N
VIA_via4_5_2000_480_1_5_400_400,146.44,46.24,N
VIA_via3_4_2000_480_1_5_400_400,146.44,46.24,N
VIA_via2_3_2000_480_1_6_320_320,146.44,46.24,N
VIA_via3_4_2000_480_1_5_400_400,176.44,46.24,N
VIA_via2_3_2000_480_1_6_320_320,176.44,46.24,N
VIA_via4_5_2000_480_1_5_400_400,176.44,46.24,N
VIA_M1M2_PR,68.77,46.75,N
VIA_L1M1_PR_MR,68.77,46.75,N
VIA_L1M1_PR_MR,70.15,46.75,N
VIA_M1M2_PR,70.61,46.75,N
VIA_L1M1_PR_MR,71.07,46.75,N
VIA_M1M2_PR,74.75,46.75,N
VIA_M1M2_PR,77.97,46.75,N
VIA_M1M2_PR,87.63,46.75,N
VIA_M1M2_PR,91.77,46.75,N
VIA_L1M1_PR_MR,91.77,46.75,N
VIA_M1M2_PR,118.91,46.75,N
VIA_M1M2_PR,122.13,46.75,N
VIA_M1M2_PR,123.05,46.75,N
VIA_L1M1_PR_MR,163.53,46.75,N
VIA_M1M2_PR,163.53,46.75,N
VIA_M1M2_PR,165.37,46.75,N
VIA_M1M2_PR,178.71,46.75,N
VIA_L1M1_PR_MR,179.17,46.75,N
VIA_M1M2_PR,179.63,46.75,N
VIA_L1M1_PR_MR,184.69,46.75,N
VIA_M1M2_PR,71.99,47.09,N
VIA_M1M2_PR,74.29,47.09,N
VIA_M1M2_PR,82.57,47.09,N
VIA_L1M1_PR_MR,94.53,47.09,N
VIA_L1M1_PR_MR,117.53,47.09,N
VIA_M1M2_PR,117.99,47.09,N
VIA_L1M1_PR_MR,166.75,47.09,N
VIA_M1M2_PR,170.89,47.09,N
VIA_M1M2_PR,171.81,47.09,N
VIA_M1M2_PR,177.79,47.09,N
VIA_M2M3_PR,74.75,47.26,N
VIA_M2M3_PR,79.81,47.26,N
VIA_M2M3_PR,170.43,47.26,N
VIA_M2M3_PR,176.87,47.26,N
VIA_M1M2_PR,79.35,47.43,N
VIA_L1M1_PR_MR,84.87,47.43,N
VIA_L1M1_PR_MR,89.55,47.43,N
VIA_M1M2_PR,119.83,47.43,N
VIA_L1M1_PR_MR,119.83,47.43,N
VIA_M1M2_PR,122.13,47.43,N
VIA_L1M1_PR_MR,127.19,47.43,N
VIA_L1M1_PR_MR,173.19,47.43,N
VIA_M1M2_PR,173.19,47.43,N
VIA_M1M2_PR,175.95,47.43,N
VIA_L1M1_PR_MR,175.95,47.43,N
VIA_L1M1_PR_MR,68.31,47.77,N
VIA_L1M1_PR_MR,68.77,47.77,N
VIA_M1M2_PR,69.69,47.77,N
VIA_L1M1_PR_MR,72.91,47.77,N
VIA_M1M2_PR,72.91,47.77,N
VIA_L1M1_PR_MR,74.29,47.77,N
VIA_M1M2_PR,74.75,47.77,N
VIA_L1M1_PR_MR,74.75,47.77,N
VIA_L1M1_PR_MR,76.13,47.77,N
VIA_M1M2_PR,83.03,47.77,N
VIA_M1M2_PR,88.09,47.77,N
VIA_L1M1_PR_MR,88.09,47.77,N
VIA_M1M2_PR,92.23,47.77,N
VIA_L1M1_PR_MR,92.23,47.77,N
VIA_M1M2_PR,92.69,47.77,N
VIA_L1M1_PR_MR,92.69,47.77,N
VIA_M1M2_PR,93.61,47.77,N
VIA_L1M1_PR_MR,93.61,47.77,N
VIA_M1M2_PR,115.23,47.77,N
VIA_L1M1_PR_MR,116.61,47.77,N
VIA_L1M1_PR_MR,117.99,47.77,N
VIA_M1M2_PR,118.45,47.77,N
VIA_L1M1_PR_MR,118.45,47.77,N
VIA_L1M1_PR_MR,162.15,47.77,N
VIA_M1M2_PR,162.15,47.77,N
VIA_M1M2_PR,166.29,47.77,N
VIA_L1M1_PR_MR,168.59,47.77,N
VIA_L1M1_PR_MR,169.05,47.77,N
VIA_L1M1_PR_MR,169.97,47.77,N
VIA_M1M2_PR,171.35,47.77,N
VIA_L1M1_PR_MR,171.81,47.77,N
VIA_L1M1_PR_MR,176.41,47.77,N
VIA_L1M1_PR_MR,176.87,47.77,N
VIA_M1M2_PR,176.87,47.77,N
VIA_L1M1_PR_MR,177.79,47.77,N
VIA_M1M2_PR,177.79,47.77,N
VIA_L1M1_PR_MR,178.25,47.77,N
VIA_M1M2_PR,178.25,47.77,N
VIA_L1M1_PR_MR,180.09,47.77,N
VIA_M1M2_PR,180.09,47.77,N
VIA_L1M1_PR_MR,181.93,47.77,N
VIA_M1M2_PR,182.39,47.77,N
VIA_L1M1_PR_MR,182.85,47.77,N
VIA_M1M2_PR,182.85,47.77,N
VIA_L1M1_PR_MR,183.31,47.77,N
VIA_L1M1_PR_MR,184.23,47.77,N
VIA_M1M2_PR,184.23,47.77,N
VIA_L1M1_PR_MR,168.125,47.8,N
VIA_M2M3_PR,174.57,47.94,N
VIA_M2M3_PR,177.33,47.94,N
VIA_L1M1_PR_MR,71.99,48.11,N
VIA_M1M2_PR,72.45,48.11,N
VIA_M1M2_PR,75.67,48.11,N
VIA_L1M1_PR_MR,75.67,48.11,N
VIA_M1M2_PR,77.05,48.11,N
VIA_L1M1_PR_MR,77.51,48.11,N
VIA_M1M2_PR,85.79,48.11,N
VIA_L1M1_PR_MR,88.55,48.11,N
VIA_L1M1_PR_MR,90.85,48.11,N
VIA_M1M2_PR,123.51,48.11,N
VIA_L1M1_PR_MR,163.53,48.11,N
VIA_L1M1_PR_MR,164.45,48.11,N
VIA_M1M2_PR,167.21,48.11,N
VIA_M1M2_PR,177.33,48.11,N
VIA_L1M1_PR_MR,180.92,48.11,N
VIA_L1M1_PR_MR,71.07,48.45,N
VIA_M1M2_PR,73.83,48.45,N
VIA_M1M2_PR,79.35,48.45,N
VIA_M1M2_PR,82.57,48.45,N
VIA_M1M2_PR,87.63,48.45,N
VIA_L1M1_PR_MR,89.01,48.45,N
VIA_M1M2_PR,91.77,48.45,N
VIA_L1M1_PR_MR,115.69,48.45,N
VIA_M1M2_PR,116.61,48.45,N
VIA_M1M2_PR,172.73,48.45,N
VIA_M1M2_PR,177.79,48.45,N
VIA_L1M1_PR_MR,181.465,48.45,N
VIA_M1M2_PR,186.53,48.45,N
VIA_M3M4_PR,169.74,48.62,N
VIA_M2M3_PR,172.27,48.62,N
sky130_fd_sc_hd__decap_3,10.12,48.96,FS
sky130_fd_sc_hd__decap_3,10.12,48.96,N
sky130_fd_sc_hd__tapvpwrvgnd_1,23.0,48.96,N
VIA_via2_3_2000_480_1_6_320_320,30.14,48.96,N
VIA_via4_5_2000_480_1_5_400_400,30.14,48.96,N
VIA_via3_4_2000_480_1_5_400_400,30.14,48.96,N
sky130_fd_sc_hd__tapvpwrvgnd_1,35.88,48.96,FS
sky130_fd_sc_hd__tapvpwrvgnd_1,48.76,48.96,N
VIA_via2_3_2000_480_1_6_320_320,60.14,48.96,N
VIA_via4_5_2000_480_1_5_400_400,60.14,48.96,N
VIA_via3_4_2000_480_1_5_400_400,60.14,48.96,N
sky130_fd_sc_hd__tapvpwrvgnd_1,61.64,48.96,FS
sky130_fd_sc_hd__nand2_2,69.46,48.96,S
sky130_fd_sc_hd__nor3_2,72.22,48.96,FS
sky130_fd_sc_hd__and3_2,72.22,48.96,S
sky130_fd_sc_hd__a31o_2,74.52,48.96,FN
sky130_fd_sc_hd__tapvpwrvgnd_1,74.52,48.96,N
sky130_fd_sc_hd__nor2_2,74.98,48.96,N
sky130_fd_sc_hd__dfrtp_2,75.9,48.96,FS
sky130_fd_sc_hd__dfrtp_2,81.88,48.96,N
sky130_fd_sc_hd__and4bb_2,81.88,48.96,FN
sky130_fd_sc_hd__tapvpwrvgnd_1,87.4,48.96,FS
VIA_via4_5_2000_480_1_5_400_400,90.14,48.96,N
VIA_via2_3_2000_480_1_6_320_320,90.14,48.96,N
VIA_via3_4_2000_480_1_5_400_400,90.14,48.96,N
sky130_fd_sc_hd__a32o_2,92.0,48.96,S
sky130_fd_sc_hd__and3_2,94.3,48.96,FN
sky130_fd_sc_hd__a21o_2,95.22,48.96,S
sky130_fd_sc_hd__tapvpwrvgnd_1,100.28,48.96,N
sky130_fd_sc_hd__tapvpwrvgnd_1,113.16,48.96,FS
sky130_fd_sc_hd__dfrtp_2,115.0,48.96,N
sky130_fd_sc_hd__o21a_2,115.0,48.96,FS
sky130_fd_sc_hd__dfrtp_2,118.22,48.96,FS
VIA_via4_5_2000_480_1_5_400_400,120.14,48.96,N
VIA_via2_3_2000_480_1_6_320_320,120.14,48.96,N
VIA_via3_4_2000_480_1_5_400_400,120.14,48.96,N
sky130_fd_sc_hd__tapvpwrvgnd_1,126.04,48.96,N
sky130_fd_sc_hd__tapvpwrvgnd_1,138.92,48.96,FS
VIA_via2_3_2000_480_1_6_320_320,150.14,48.96,N
VIA_via4_5_2000_480_1_5_400_400,150.14,48.96,N
VIA_via3_4_2000_480_1_5_400_400,150.14,48.96,N
sky130_fd_sc_hd__tapvpwrvgnd_1,151.8,48.96,N
sky130_fd_sc_hd__and3_2,164.68,48.96,S
sky130_fd_sc_hd__tapvpwrvgnd_1,164.68,48.96,FS
sky130_fd_sc_hd__nand2_2,166.06,48.96,FN
sky130_fd_sc_hd__a21oi_2,169.28,48.96,FN
sky130_fd_sc_hd__xnor2_2,170.2,48.96,FS
sky130_fd_sc_hd__o211a_2,170.2,48.96,S
sky130_fd_sc_hd__or3_2,174.8,48.96,N
sky130_fd_sc_hd__o211a_2,174.8,48.96,FN
sky130_fd_sc_hd__tapvpwrvgnd_1,177.56,48.96,N
sky130_fd_sc_hd__a211o_2,179.86,48.96,S
VIA_via3_4_2000_480_1_5_400_400,180.14,48.96,N
VIA_via2_3_2000_480_1_6_320_320,180.14,48.96,N
VIA_via4_5_2000_480_1_5_400_400,180.14,48.96,N
sky130_fd_sc_hd__o21ai_2,181.24,48.96,FN
sky130_fd_sc_hd__a31o_2,183.08,48.96,S
sky130_fd_sc_hd__or2_2,183.08,48.96,FS
sky130_fd_sc_hd__decap_3,189.98,48.96,S
sky130_fd_sc_hd__decap_3,189.98,48.96,FN
VIA_M3M4_PR,166.06,49.3,N
VIA_M2M3_PR,170.89,49.3,N
VIA_M1M2_PR,71.07,49.47,N
VIA_L1M1_PR_MR,72.45,49.47,N
VIA_L1M1_PR_MR,72.91,49.47,N
VIA_L1M1_PR_MR,73.83,49.47,N
VIA_M1M2_PR,75.21,49.47,N
VIA_M1M2_PR,78.43,49.47,N
VIA_L1M1_PR_MR,78.43,49.47,N
VIA_L1M1_PR_MR,90.85,49.47,N
VIA_L1M1_PR_MR,93.15,49.47,N
VIA_M1M2_PR,168.59,49.47,N
VIA_M1M2_PR,170.43,49.47,N
VIA_L1M1_PR_MR,176.87,49.47,N
VIA_M1M2_PR,181.47,49.47,N
VIA_M1M2_PR,74.29,49.81,N
VIA_L1M1_PR_MR,83.49,49.81,N
VIA_M1M2_PR,85.79,49.81,N
VIA_M1M2_PR,88.55,49.81,N
VIA_M1M2_PR,92.69,49.81,N
VIA_L1M1_PR_MR,94.07,49.81,N
VIA_M1M2_PR,116.61,49.81,N
VIA_L1M1_PR_MR,116.61,49.81,N
VIA_M1M2_PR,118.91,49.81,N
VIA_M1M2_PR,123.51,49.81,N
VIA_M1M2_PR,163.53,49.81,N
VIA_L1M1_PR_MR,163.99,49.81,N
VIA_M1M2_PR,171.35,49.81,N
VIA_L1M1_PR_MR,178.25,49.81,N
VIA_M1M2_PR,181.93,49.81,N
VIA_M2M3_PR,179.63,49.98,N
VIA_M3M4_PR,184.46,49.98,N
VIA_L1M1_PR_MR,71.53,50.15,N
VIA_M1M2_PR,72.91,50.15,N
VIA_L1M1_PR_MR,73.37,50.15,N
VIA_M1M2_PR,73.83,50.15,N
VIA_L1M1_PR_MR,75.21,50.15,N
VIA_M1M2_PR,75.21,50.15,N
VIA_M1M2_PR,76.59,50.15,N
VIA_L1M1_PR_MR,76.59,50.15,N
VIA_L1M1_PR_MR,77.97,50.15,N
VIA_L1M1_PR_MR,78.89,50.15,N
VIA_M1M2_PR,79.35,50.15,N
VIA_M1M2_PR,79.81,50.15,N
VIA_L1M1_PR_MR,81.65,50.15,N
VIA_M1M2_PR,135.47,50.15,N
VIA_L1M1_PR_MR,164.91,50.15,N
VIA_M1M2_PR,165.37,50.15,N
VIA_M1M2_PR,165.83,50.15,N
VIA_L1M1_PR_MR,165.83,50.15,N
VIA_M1M2_PR,166.29,50.15,N
VIA_L1M1_PR_MR,166.29,50.15,N
VIA_M1M2_PR,167.21,50.15,N
VIA_L1M1_PR_MR,168.13,50.15,N
VIA_L1M1_PR_MR,169.05,50.15,N
VIA_L1M1_PR_MR,172.725,50.15,N
VIA_M1M2_PR,172.73,50.15,N
VIA_M1M2_PR,173.19,50.15,N
VIA_L1M1_PR_MR,173.19,50.15,N
VIA_L1M1_PR_MR,173.65,50.15,N
VIA_M1M2_PR,173.65,50.15,N
VIA_L1M1_PR_MR,174.57,50.15,N
VIA_L1M1_PR_MR,175.03,50.15,N
VIA_L1M1_PR_MR,175.95,50.15,N
VIA_M1M2_PR,175.95,50.15,N
VIA_L1M1_PR_MR,179.17,50.15,N
VIA_M1M2_PR,179.63,50.15,N
VIA_L1M1_PR_MR,180.09,50.15,N
VIA_M1M2_PR,188.37,50.15,N
VIA_M1M2_PR,69.69,50.49,N
VIA_M1M2_PR,80.73,50.49,N
VIA_L1M1_PR_MR,80.73,50.49,N
VIA_L1M1_PR_MR,82.11,50.49,N
VIA_M1M2_PR,83.95,50.49,N
VIA_L1M1_PR_MR,115.23,50.49,N
VIA_M1M2_PR,118.45,50.49,N
VIA_M1M2_PR,124.43,50.49,N
VIA_L1M1_PR_MR,166.75,50.49,N
VIA_M1M2_PR,167.67,50.49,N
VIA_M1M2_PR,174.11,50.49,N
VIA_M1M2_PR,184.69,50.49,N
VIA_M1M2_PR,76.13,50.83,N
VIA_L1M1_PR_MR,76.59,50.83,N
VIA_M1M2_PR,77.51,50.83,N
VIA_L1M1_PR_MR,171.35,50.83,N
VIA_M1M2_PR,172.73,50.83,N
VIA_L1M1_PR_MR,178.71,50.83,N
VIA_M1M2_PR,75.67,51.17,N
VIA_L1M1_PR_MR,92.23,51.17,N
VIA_L1M1_PR_MR,93.15,51.17,N
VIA_M1M2_PR,93.61,51.17,N
VIA_M1M2_PR,114.77,51.17,N
VIA_M1M2_PR,123.97,51.17,N
VIA_L1M1_PR_MR,123.97,51.17,N
VIA_M1M2_PR,164.91,51.17,N
VIA_L1M1_PR_MR,175.03,51.17,N
VIA_via3_4_2000_480_1_5_400_400,26.44,51.68,N
VIA_via2_3_2000_480_1_6_320_320,26.44,51.68,N
VIA_via4_5_2000_480_1_5_400_400,26.44,51.68,N
VIA_via4_5_2000_480_1_5_400_400,56.44,51.68,N
VIA_via2_3_2000_480_1_6_320_320,56.44,51.68,N
VIA_via3_4_2000_480_1_5_400_400,56.44,51.68,N
VIA_via4_5_2000_480_1_5_400_400,86.44,51.68,N
VIA_via3_4_2000_480_1_5_400_400,86.44,51.68,N
VIA_via2_3_2000_480_1_6_320_320,86.44,51.68,N
VIA_via3_4_2000_480_1_5_400_400,116.44,51.68,N
VIA_via2_3_2000_480_1_6_320_320,116.44,51.68,N
VIA_via4_5_2000_480_1_5_400_400,116.44,51.68,N
VIA_via3_4_2000_480_1_5_400_400,146.44,51.68,N
VIA_via2_3_2000_480_1_6_320_320,146.44,51.68,N
VIA_via4_5_2000_480_1_5_400_400,146.44,51.68,N
VIA_via4_5_2000_480_1_5_400_400,176.44,51.68,N
VIA_via2_3_2000_480_1_6_320_320,176.44,51.68,N
VIA_via3_4_2000_480_1_5_400_400,176.44,51.68,N
VIA_L1M1_PR_MR,86.71,52.19,N
VIA_M1M2_PR,88.09,52.19,N
VIA_L1M1_PR_MR,89.01,52.19,N
VIA_M1M2_PR,117.99,52.19,N
VIA_L1M1_PR_MR,117.99,52.19,N
VIA_M1M2_PR,171.81,52.19,N
VIA_L1M1_PR_MR,172.27,52.19,N
VIA_M1M2_PR,173.19,52.19,N
VIA_L1M1_PR_MR,177.33,52.19,N
VIA_M1M2_PR,74.29,52.53,N
VIA_L1M1_PR_MR,77.97,52.53,N
VIA_M1M2_PR,79.81,52.53,N
VIA_M1M2_PR,81.65,52.53,N
VIA_M1M2_PR,83.49,52.53,N
VIA_M1M2_PR,85.79,52.53,N
VIA_L1M1_PR_MR,85.79,52.53,N
VIA_M1M2_PR,97.75,52.53,N
VIA_L1M1_PR_MR,121.21,52.53,N
VIA_L1M1_PR_MR,122.13,52.53,N
VIA_M1M2_PR,122.13,52.53,N
VIA_M1M2_PR,122.59,52.53,N
VIA_M1M2_PR,162.15,52.53,N
VIA_M1M2_PR,178.71,52.53,N
VIA_M2M3_PR,169.97,52.7,N
VIA_M3M4_PR,170.66,52.7,N
VIA_M1M2_PR,75.21,52.87,N
VIA_M1M2_PR,80.73,52.87,N
VIA_M1M2_PR,83.03,52.87,N
VIA_L1M1_PR_MR,84.41,52.87,N
VIA_L1M1_PR_MR,123.51,52.87,N
VIA_M1M2_PR,123.97,52.87,N
VIA_M1M2_PR,163.99,52.87,N
VIA_L1M1_PR_MR,165.37,52.87,N
VIA_L1M1_PR_MR,173.19,52.87,N
VIA_M1M2_PR,177.79,52.87,N
VIA_L1M1_PR_MR,177.79,52.87,N
VIA_L1M1_PR_MR,73.14,53.21,N
VIA_L1M1_PR_MR,74.29,53.21,N
VIA_M1M2_PR,74.29,53.21,N
VIA_M1M2_PR,75.67,53.21,N
VIA_L1M1_PR_MR,76.13,53.21,N
VIA_L1M1_PR_MR,76.59,53.21,N
VIA_M1M2_PR,77.51,53.21,N
VIA_L1M1_PR_MR,78.89,53.21,N
VIA_M1M2_PR,115.69,53.21,N
VIA_L1M1_PR_MR,116.15,53.21,N
VIA_M1M2_PR,116.61,53.21,N
VIA_L1M1_PR_MR,117.53,53.21,N
VIA_M1M2_PR,117.99,53.21,N
VIA_L1M1_PR_MR,119.37,53.21,N
VIA_L1M1_PR_MR,119.83,53.21,N
VIA_L1M1_PR_MR,166.29,53.21,N
VIA_M1M2_PR,167.21,53.21,N
VIA_L1M1_PR_MR,167.21,53.21,N
VIA_L1M1_PR_MR,167.67,53.21,N
VIA_M1M2_PR,167.67,53.21,N
VIA_L1M1_PR_MR,168.59,53.21,N
VIA_L1M1_PR_MR,169.51,53.21,N
VIA_L1M1_PR_MR,169.97,53.21,N
VIA_M1M2_PR,169.97,53.21,N
VIA_L1M1_PR_MR,170.43,53.21,N
VIA_M1M2_PR,170.43,53.21,N
VIA_L1M1_PR_MR,171.35,53.21,N
VIA_M1M2_PR,174.11,53.21,N
VIA_L1M1_PR_MR,174.565,53.21,N
VIA_L1M1_PR_MR,175.03,53.21,N
VIA_M1M2_PR,175.03,53.21,N
VIA_L1M1_PR_MR,175.49,53.21,N
VIA_L1M1_PR_MR,176.41,53.21,N
VIA_L1M1_PR_MR,178.71,53.21,N
VIA_M1M2_PR,187.91,53.21,N
VIA_M2M3_PR,83.03,53.38,N
VIA_M2M3_PR,87.63,53.38,N
VIA_L1M1_PR_MR,72.45,53.55,N
VIA_M1M2_PR,75.21,53.55,N
VIA_L1M1_PR_MR,75.21,53.55,N
VIA_L1M1_PR_MR,83.95,53.55,N
VIA_M1M2_PR,84.41,53.55,N
VIA_L1M1_PR_MR,88.09,53.55,N
VIA_M1M2_PR,118.91,53.55,N
VIA_M1M2_PR,171.81,53.55,N
VIA_L1M1_PR_MR,176.87,53.55,N
VIA_M1M2_PR,71.99,53.89,N
VIA_L1M1_PR_MR,71.99,53.89,N
VIA_L1M1_PR_MR,73.37,53.89,N
VIA_M1M2_PR,73.37,53.89,N
VIA_L1M1_PR_MR,77.05,53.89,N
VIA_L1M1_PR_MR,89.01,53.89,N
VIA_L1M1_PR_MR,89.93,53.89,N
VIA_M1M2_PR,92.23,53.89,N
VIA_M1M2_PR,169.51,53.89,N
VIA_M1M2_PR,170.89,53.89,N
sky130_fd_sc_hd__decap_3,10.12,54.4,N
sky130_fd_sc_hd__decap_3,10.12,54.4,FS
sky130_fd_sc_hd__tapvpwrvgnd_1,23.0,54.4,N
VIA_via4_5_2000_480_1_5_400_400,30.14,54.4,N
VIA_via3_4_2000_480_1_5_400_400,30.14,54.4,N
VIA_via2_3_2000_480_1_6_320_320,30.14,54.4,N
sky130_fd_sc_hd__tapvpwrvgnd_1,35.88,54.4,FS
sky130_fd_sc_hd__tapvpwrvgnd_1,48.76,54.4,N
VIA_via2_3_2000_480_1_6_320_320,60.14,54.4,N
VIA_via3_4_2000_480_1_5_400_400,60.14,54.4,N
VIA_via4_5_2000_480_1_5_400_400,60.14,54.4,N
sky130_fd_sc_hd__tapvpwrvgnd_1,61.64,54.4,FS
sky130_fd_sc_hd__a31o_2,71.3,54.4,FS
sky130_fd_sc_hd__tapvpwrvgnd_1,74.52,54.4,N
sky130_fd_sc_hd__or3_2,77.74,54.4,FN
sky130_fd_sc_hd__and4_2,78.2,54.4,S
sky130_fd_sc_hd__xor2_2,78.2,54.4,FS
sky130_fd_sc_hd__a21oi_2,80.96,54.4,FN
sky130_fd_sc_hd__and2b_2,84.18,54.4,FS
sky130_fd_sc_hd__tapvpwrvgnd_1,87.4,54.4,FS
sky130_fd_sc_hd__and3_2,87.86,54.4,FS
VIA_via2_3_2000_480_1_6_320_320,90.14,54.4,N
VIA_via3_4_2000_480_1_5_400_400,90.14,54.4,N
VIA_via4_5_2000_480_1_5_400_400,90.14,54.4,N
sky130_fd_sc_hd__dfrtp_2,90.62,54.4,FN
sky130_fd_sc_hd__tapvpwrvgnd_1,100.28,54.4,N
sky130_fd_sc_hd__tapvpwrvgnd_1,113.16,54.4,FS
sky130_fd_sc_hd__a31o_2,115.0,54.4,N
VIA_via3_4_2000_480_1_5_400_400,120.14,54.4,N
VIA_via2_3_2000_480_1_6_320_320,120.14,54.4,N
VIA_via4_5_2000_480_1_5_400_400,120.14,54.4,N
sky130_fd_sc_hd__nand4_2,120.52,54.4,S
sky130_fd_sc_hd__and2b_2,123.74,54.4,S
sky130_fd_sc_hd__tapvpwrvgnd_1,126.04,54.4,N
sky130_fd_sc_hd__tapvpwrvgnd_1,138.92,54.4,FS
VIA_via2_3_2000_480_1_6_320_320,150.14,54.4,N
VIA_via4_5_2000_480_1_5_400_400,150.14,54.4,N
VIA_via3_4_2000_480_1_5_400_400,150.14,54.4,N
sky130_fd_sc_hd__tapvpwrvgnd_1,151.8,54.4,N
sky130_fd_sc_hd__tapvpwrvgnd_1,164.68,54.4,FS
sky130_fd_sc_hd__nor2_2,167.44,54.4,FS
sky130_fd_sc_hd__nand2_2,167.44,54.4,S
sky130_fd_sc_hd__nor2_2,168.82,54.4,N
sky130_fd_sc_hd__and3_2,171.12,54.4,N
sky130_fd_sc_hd__a21o_2,172.96,54.4,S
sky130_fd_sc_hd__o211a_2,176.64,54.4,S
sky130_fd_sc_hd__o21ai_2,177.1,54.4,FN
sky130_fd_sc_hd__tapvpwrvgnd_1,177.56,54.4,N
sky130_fd_sc_hd__o21ai_2,179.86,54.4,S
VIA_via4_5_2000_480_1_5_400_400,180.14,54.4,N
VIA_via2_3_2000_480_1_6_320_320,180.14,54.4,N
VIA_via3_4_2000_480_1_5_400_400,180.14,54.4,N
sky130_fd_sc_hd__decap_3,189.98,54.4,S
sky130_fd_sc_hd__decap_3,189.98,54.4,FN
VIA_M1M2_PR,76.59,54.91,N
VIA_L1M1_PR_MR,78.43,54.91,N
VIA_M1M2_PR,112.93,54.91,N
VIA_L1M1_PR_MR,116.61,54.91,N
VIA_M1M2_PR,116.61,54.91,N
VIA_L1M1_PR_MR,117.07,54.91,N
VIA_M1M2_PR,169.05,54.91,N
VIA_M1M2_PR,88.55,55.25,N
VIA_L1M1_PR_MR,115.23,55.25,N
VIA_M1M2_PR,115.23,55.25,N
VIA_M1M2_PR,115.69,55.25,N
VIA_L1M1_PR_MR,117.99,55.25,N
VIA_M1M2_PR,117.99,55.25,N
VIA_M1M2_PR,165.37,55.25,N
VIA_L1M1_PR_MR,171.35,55.25,N
VIA_L1M1_PR_MR,172.27,55.25,N
VIA_M1M2_PR,172.73,55.25,N
VIA_L1M1_PR_MR,174.11,55.25,N
VIA_M1M2_PR,181.93,55.25,N
VIA_M3M4_PR,165.14,55.42,N
VIA_M2M3_PR,165.37,55.42,N
VIA_M3M4_PR,167.9,55.42,N
VIA_M2M3_PR,168.13,55.42,N
VIA_L1M1_PR_MR,77.51,55.59,N
VIA_M1M2_PR,77.51,55.59,N
VIA_L1M1_PR_MR,79.12,55.59,N
VIA_M1M2_PR,79.35,55.59,N
VIA_M1M2_PR,79.81,55.59,N
VIA_L1M1_PR_MR,79.81,55.59,N
VIA_M1M2_PR,82.57,55.59,N
VIA_M1M2_PR,83.49,55.59,N
VIA_L1M1_PR_MR,90.39,55.59,N
VIA_M1M2_PR,91.31,55.59,N
VIA_M1M2_PR,113.39,55.59,N
VIA_L1M1_PR_MR,116.15,55.59,N
VIA_M1M2_PR,118.91,55.59,N
VIA_M1M2_PR,160.31,55.59,N
VIA_L1M1_PR_MR,169.05,55.59,N
VIA_L1M1_PR_MR,169.97,55.59,N
VIA_L1M1_PR_MR,170.89,55.59,N
VIA_M1M2_PR,171.81,55.59,N
VIA_L1M1_PR_MR,175.95,55.59,N
VIA_M1M2_PR,191.13,55.59,N
VIA_L1M1_PR_MR,77.05,55.93,N
VIA_L1M1_PR_MR,77.97,55.93,N
VIA_L1M1_PR_MR,81.65,55.93,N
VIA_M1M2_PR,83.03,55.93,N
VIA_M1M2_PR,85.79,55.93,N
VIA_M1M2_PR,168.13,55.93,N
VIA_L1M1_PR_MR,174.57,55.93,N
VIA_L1M1_PR_MR,176.87,55.93,N
VIA_M1M2_PR,183.77,55.93,N
VIA_M1M2_PR,74.75,56.27,N
VIA_L1M1_PR_MR,75.67,56.27,N
VIA_M1M2_PR,76.13,56.27,N
VIA_L1M1_PR_MR,173.19,56.27,N
VIA_M1M2_PR,186.99,56.27,N
VIA_L1M1_PR_MR,77.51,56.61,N
VIA_M1M2_PR,77.97,56.61,N
VIA_L1M1_PR_MR,89.07,56.61,N
VIA_M1M2_PR,172.27,56.61,N
VIA_L1M1_PR_MR,172.27,56.61,N
VIA_via3_4_2000_480_1_5_400_400,26.44,57.12,N
VIA_via4_5_2000_480_1_5_400_400,26.44,57.12,N
VIA_via2_3_2000_480_1_6_320_320,26.44,57.12,N
VIA_via3_4_2000_480_1_5_400_400,56.44,57.12,N
VIA_via2_3_2000_480_1_6_320_320,56.44,57.12,N
VIA_via4_5_2000_480_1_5_400_400,56.44,57.12,N
VIA_via2_3_2000_480_1_6_320_320,86.44,57.12,N
VIA_via4_5_2000_480_1_5_400_400,86.44,57.12,N
VIA_via3_4_2000_480_1_5_400_400,86.44,57.12,N
VIA_via2_3_2000_480_1_6_320_320,116.44,57.12,N
VIA_via4_5_2000_480_1_5_400_400,116.44,57.12,N
VIA_via3_4_2000_480_1_5_400_400,116.44,57.12,N
VIA_via3_4_2000_480_1_5_400_400,146.44,57.12,N
VIA_via2_3_2000_480_1_6_320_320,146.44,57.12,N
VIA_via4_5_2000_480_1_5_400_400,146.44,57.12,N
VIA_via4_5_2000_480_1_5_400_400,176.44,57.12,N
VIA_via2_3_2000_480_1_6_320_320,176.44,57.12,N
VIA_via3_4_2000_480_1_5_400_400,176.44,57.12,N
VIA_via5_6_2000_2000_1_1_1600_1600,26.44,57.53,N
VIA_via5_6_2000_2000_1_1_1600_1600,56.44,57.53,N
VIA_via5_6_2000_2000_1_1_1600_1600,86.44,57.53,N
VIA_via5_6_2000_2000_1_1_1600_1600,116.44,57.53,N
VIA_via5_6_2000_2000_1_1_1600_1600,146.44,57.53,N
VIA_via5_6_2000_2000_1_1_1600_1600,176.44,57.53,N
VIA_M1M2_PR,77.05,57.63,N
VIA_L1M1_PR_MR,77.05,57.63,N
VIA_M1M2_PR,77.51,57.63,N
VIA_L1M1_PR_MR,78.43,57.63,N
VIA_M1M2_PR,122.59,57.63,N
VIA_M1M2_PR,71.99,57.97,N
VIA_L1M1_PR_MR,76.13,57.97,N
VIA_M1M2_PR,108.79,57.97,N
VIA_L1M1_PR_MR,74.75,58.31,N
VIA_M1M2_PR,75.21,58.31,N
VIA_L1M1_PR_MR,87.17,58.31,N
VIA_M1M2_PR,91.31,58.31,N
VIA_M1M2_PR,122.13,58.31,N
VIA_M1M2_PR,114.77,58.65,N
VIA_L1M1_PR_MR,116.61,58.65,N
VIA_M1M2_PR,117.07,58.65,N
VIA_L1M1_PR_MR,117.99,58.65,N
VIA_L1M1_PR_MR,118.91,58.65,N
VIA_L1M1_PR_MR,120.29,58.65,N
VIA_M1M2_PR,123.05,58.65,N
VIA_M1M2_PR,83.49,58.99,N
VIA_M1M2_PR,84.41,58.99,N
VIA_L1M1_PR_MR,85.79,58.99,N
VIA_M1M2_PR,188.83,58.99,N
VIA_M1M2_PR,118.91,59.33,N
VIA_L1M1_PR_MR,118.91,59.33,N
sky130_fd_sc_hd__decap_3,10.12,59.84,N
sky130_fd_sc_hd__decap_3,10.12,59.84,FS
sky130_fd_sc_hd__tapvpwrvgnd_1,23.0,59.84,N
VIA_via2_3_2000_480_1_6_320_320,30.14,59.84,N
VIA_via4_5_2000_480_1_5_400_400,30.14,59.84,N
VIA_via3_4_2000_480_1_5_400_400,30.14,59.84,N
sky130_fd_sc_hd__tapvpwrvgnd_1,35.88,59.84,FS
sky130_fd_sc_hd__tapvpwrvgnd_1,48.76,59.84,N
VIA_via2_3_2000_480_1_6_320_320,60.14,59.84,N
VIA_via4_5_2000_480_1_5_400_400,60.14,59.84,N
VIA_via3_4_2000_480_1_5_400_400,60.14,59.84,N
sky130_fd_sc_hd__tapvpwrvgnd_1,61.64,59.84,FS
sky130_fd_sc_hd__and2b_2,74.52,59.84,FS
sky130_fd_sc_hd__tapvpwrvgnd_1,74.52,59.84,N
sky130_fd_sc_hd__and3_2,82.8,59.84,FN
sky130_fd_sc_hd__tapvpwrvgnd_1,87.4,59.84,FS
sky130_fd_sc_hd__dfrtp_2,87.4,59.84,S
VIA_via2_3_2000_480_1_6_320_320,90.14,59.84,N
VIA_via3_4_2000_480_1_5_400_400,90.14,59.84,N
VIA_via4_5_2000_480_1_5_400_400,90.14,59.84,N
sky130_fd_sc_hd__tapvpwrvgnd_1,100.28,59.84,N
sky130_fd_sc_hd__nand2_2,112.7,59.84,N
sky130_fd_sc_hd__tapvpwrvgnd_1,113.16,59.84,FS
sky130_fd_sc_hd__or4_2,115.0,59.84,N
VIA_via4_5_2000_480_1_5_400_400,120.14,59.84,N
VIA_via2_3_2000_480_1_6_320_320,120.14,59.84,N
VIA_via3_4_2000_480_1_5_400_400,120.14,59.84,N
sky130_fd_sc_hd__nor4_2,120.52,59.84,S
sky130_fd_sc_hd__or4b_2,121.9,59.84,FN
sky130_fd_sc_hd__diode_2,122.82,59.84,FN
sky130_fd_sc_hd__tapvpwrvgnd_1,126.04,59.84,N
sky130_fd_sc_hd__tapvpwrvgnd_1,138.92,59.84,FS
VIA_via3_4_2000_480_1_5_400_400,150.14,59.84,N
VIA_via4_5_2000_480_1_5_400_400,150.14,59.84,N
VIA_via2_3_2000_480_1_6_320_320,150.14,59.84,N
sky130_fd_sc_hd__tapvpwrvgnd_1,151.8,59.84,N
sky130_fd_sc_hd__tapvpwrvgnd_1,164.68,59.84,FS
sky130_fd_sc_hd__tapvpwrvgnd_1,177.56,59.84,N
VIA_via4_5_2000_480_1_5_400_400,180.14,59.84,N
VIA_via2_3_2000_480_1_6_320_320,180.14,59.84,N
VIA_via3_4_2000_480_1_5_400_400,180.14,59.84,N
sky130_fd_sc_hd__decap_3,189.98,59.84,FN
sky130_fd_sc_hd__decap_3,189.98,59.84,S
VIA_M1M2_PR,80.27,60.35,N
VIA_M1M2_PR,110.63,60.35,N
VIA_M1M2_PR,113.39,60.35,N
VIA_L1M1_PR_MR,120.75,60.35,N
VIA_M1M2_PR,121.67,60.35,N
VIA_L1M1_PR_MR,122.59,60.35,N
VIA_M1M2_PR,185.61,60.35,N
VIA_M1M2_PR,79.35,60.69,N
VIA_L1M1_PR_MR,81.65,60.69,N
VIA_L1M1_PR_MR,82.57,60.69,N
VIA_M1M2_PR,83.03,60.69,N
VIA_M1M2_PR,123.05,60.69,N
VIA_L1M1_PR_MR,80.27,61.03,N
VIA_M1M2_PR,91.77,61.03,N
VIA_L1M1_PR_MR,112.93,61.03,N
VIA_M1M2_PR,112.93,61.03,N
VIA_L1M1_PR_MR,113.85,61.03,N
VIA_L1M1_PR_MR,114.77,61.03,N
VIA_M1M2_PR,115.23,61.03,N
VIA_L1M1_PR_MR,115.23,61.03,N
VIA_L1M1_PR_MR,116.15,61.03,N
VIA_L1M1_PR_MR,116.61,61.03,N
VIA_M1M2_PR,117.07,61.03,N
VIA_L1M1_PR_MR,118.45,61.03,N
VIA_M1M2_PR,118.91,61.03,N
VIA_L1M1_PR_MR,119.83,61.03,N
VIA_L1M1_PR_MR,121.67,61.03,N
VIA_L1M1_PR_MR,122.13,61.03,N
VIA_via5_6_2000_2000_1_1_1600_1600,30.14,61.23,N
VIA_via5_6_2000_2000_1_1_1600_1600,60.14,61.23,N
VIA_via5_6_2000_2000_1_1_1600_1600,90.14,61.23,N
VIA_via5_6_2000_2000_1_1_1600_1600,120.14,61.23,N
VIA_via5_6_2000_2000_1_1_1600_1600,150.14,61.23,N
VIA_via5_6_2000_2000_1_1_1600_1600,180.14,61.23,N
VIA_M1M2_PR,81.65,61.37,N
VIA_M1M2_PR,80.27,61.71,N
VIA_M1M2_PR,113.85,61.71,N
VIA_M1M2_PR,118.45,61.71,N
VIA_L1M1_PR_MR,122.13,61.71,N
VIA_M1M2_PR,122.13,61.71,N
VIA_M1M2_PR,76.59,62.05,N
VIA_L1M1_PR_MR,81.65,62.05,N
VIA_M1M2_PR,113.39,62.05,N
VIA_L1M1_PR_MR,115.23,62.05,N
VIA_L1M1_PR_MR,117.53,62.05,N
VIA_M1M2_PR,117.99,62.05,N
VIA_L1M1_PR_MR,119.83,62.05,N
VIA_M1M2_PR,122.59,62.05,N
VIA_via2_3_2000_480_1_6_320_320,26.44,62.56,N
VIA_via3_4_2000_480_1_5_400_400,26.44,62.56,N
VIA_via4_5_2000_480_1_5_400_400,26.44,62.56,N
VIA_via3_4_2000_480_1_5_400_400,56.44,62.56,N
VIA_via2_3_2000_480_1_6_320_320,56.44,62.56,N
VIA_via4_5_2000_480_1_5_400_400,56.44,62.56,N
VIA_via4_5_2000_480_1_5_400_400,86.44,62.56,N
VIA_via2_3_2000_480_1_6_320_320,86.44,62.56,N
VIA_via3_4_2000_480_1_5_400_400,86.44,62.56,N
VIA_via2_3_2000_480_1_6_320_320,116.44,62.56,N
VIA_via4_5_2000_480_1_5_400_400,116.44,62.56,N
VIA_via3_4_2000_480_1_5_400_400,116.44,62.56,N
VIA_via3_4_2000_480_1_5_400_400,146.44,62.56,N
VIA_via2_3_2000_480_1_6_320_320,146.44,62.56,N
VIA_via4_5_2000_480_1_5_400_400,146.44,62.56,N
VIA_via4_5_2000_480_1_5_400_400,176.44,62.56,N
VIA_via3_4_2000_480_1_5_400_400,176.44,62.56,N
VIA_via2_3_2000_480_1_6_320_320,176.44,62.56,N
VIA_M1M2_PR,108.33,63.07,N
VIA_L1M1_PR_MR,111.09,63.07,N
VIA_L1M1_PR_MR,112.93,63.75,N
VIA_M1M2_PR,113.85,63.75,N
VIA_L1M1_PR_MR,123.05,63.75,N
VIA_L1M1_PR_MR,112.01,64.09,N
VIA_M1M2_PR,113.39,64.09,N
VIA_L1M1_PR_MR,114.31,64.09,N
VIA_L1M1_PR_MR,115.69,64.43,N
VIA_M1M2_PR,123.51,64.43,N
VIA_M1M2_PR,112.01,64.77,N
VIA_M1M2_PR,112.47,64.77,N
sky130_fd_sc_hd__decap_3,10.12,65.28,N
sky130_fd_sc_hd__decap_3,10.12,65.28,FS
sky130_fd_sc_hd__tapvpwrvgnd_1,23.0,65.28,N
VIA_via4_5_2000_480_1_5_400_400,30.14,65.28,N
VIA_via2_3_2000_480_1_6_320_320,30.14,65.28,N
VIA_via3_4_2000_480_1_5_400_400,30.14,65.28,N
sky130_fd_sc_hd__tapvpwrvgnd_1,35.88,65.28,FS
sky130_fd_sc_hd__tapvpwrvgnd_1,48.76,65.28,N
VIA_via4_5_2000_480_1_5_400_400,60.14,65.28,N
VIA_via3_4_2000_480_1_5_400_400,60.14,65.28,N
VIA_via2_3_2000_480_1_6_320_320,60.14,65.28,N
sky130_fd_sc_hd__tapvpwrvgnd_1,61.64,65.28,FS
sky130_fd_sc_hd__tapvpwrvgnd_1,74.52,65.28,N
sky130_fd_sc_hd__tapvpwrvgnd_1,87.4,65.28,FS
VIA_via2_3_2000_480_1_6_320_320,90.14,65.28,N
VIA_via3_4_2000_480_1_5_400_400,90.14,65.28,N
VIA_via4_5_2000_480_1_5_400_400,90.14,65.28,N
sky130_fd_sc_hd__tapvpwrvgnd_1,100.28,65.28,N
sky130_fd_sc_hd__a21o_2,111.78,65.28,N
sky130_fd_sc_hd__and2_2,113.16,65.28,S
sky130_fd_sc_hd__tapvpwrvgnd_1,113.16,65.28,FS
sky130_fd_sc_hd__dfrtp_2,114.08,65.28,FS
sky130_fd_sc_hd__o21a_2,118.22,65.28,FN
VIA_via4_5_2000_480_1_5_400_400,120.14,65.28,N
VIA_via3_4_2000_480_1_5_400_400,120.14,65.28,N
VIA_via2_3_2000_480_1_6_320_320,120.14,65.28,N
sky130_fd_sc_hd__o21a_2,121.44,65.28,FN
sky130_fd_sc_hd__nor2_2,121.44,65.28,N
sky130_fd_sc_hd__tapvpwrvgnd_1,126.04,65.28,N
sky130_fd_sc_hd__tapvpwrvgnd_1,138.92,65.28,FS
VIA_via3_4_2000_480_1_5_400_400,150.14,65.28,N
VIA_via4_5_2000_480_1_5_400_400,150.14,65.28,N
VIA_via2_3_2000_480_1_6_320_320,150.14,65.28,N
sky130_fd_sc_hd__tapvpwrvgnd_1,151.8,65.28,N
sky130_fd_sc_hd__tapvpwrvgnd_1,164.68,65.28,FS
sky130_fd_sc_hd__tapvpwrvgnd_1,177.56,65.28,N
VIA_via2_3_2000_480_1_6_320_320,180.14,65.28,N
VIA_via4_5_2000_480_1_5_400_400,180.14,65.28,N
VIA_via3_4_2000_480_1_5_400_400,180.14,65.28,N
sky130_fd_sc_hd__decap_3,189.98,65.28,S
sky130_fd_sc_hd__decap_3,189.98,65.28,FN
VIA_M1M2_PR,115.23,65.79,N
VIA_M1M2_PR,112.47,66.13,N
VIA_L1M1_PR_MR,112.47,66.13,N
VIA_L1M1_PR_MR,114.77,66.13,N
VIA_L1M1_PR_MR,113.39,66.47,N
VIA_M1M2_PR,113.85,66.47,N
VIA_M1M2_PR,114.31,66.47,N
VIA_L1M1_PR_MR,114.31,66.47,N
VIA_M1M2_PR,116.15,66.47,N
VIA_L1M1_PR_MR,118.45,66.47,N
VIA_L1M1_PR_MR,118.91,66.47,N
VIA_M1M2_PR,121.67,66.47,N
VIA_L1M1_PR_MR,121.67,66.47,N
VIA_L1M1_PR_MR,122.59,66.47,N
VIA_L1M1_PR_MR,115.23,66.64,N
VIA_M1M2_PR,116.61,66.81,N
VIA_L1M1_PR_MR,116.61,66.81,N
VIA_M1M2_PR,117.99,66.81,N
VIA_L1M1_PR_MR,119.83,66.81,N
VIA_L1M1_PR_MR,123.05,66.81,N
VIA_M2M3_PR,107.41,66.98,N
VIA_M2M3_PR,116.61,66.98,N
VIA_M1M2_PR,112.47,67.15,N
VIA_L1M1_PR_MR,115.69,67.15,N
VIA_L1M1_PR_MR,118.91,67.15,N
VIA_M1M2_PR,111.55,67.49,N
VIA_L1M1_PR_MR,117.53,67.49,N
VIA_M1M2_PR,117.99,67.49,N
VIA_L1M1_PR_MR,120.75,67.49,N
VIA_M1M2_PR,123.05,67.49,N
VIA_via3_4_2000_480_1_5_400_400,26.44,68.0,N
VIA_via2_3_2000_480_1_6_320_320,26.44,68.0,N
VIA_via4_5_2000_480_1_5_400_400,26.44,68.0,N
VIA_via3_4_2000_480_1_5_400_400,56.44,68.0,N
VIA_via4_5_2000_480_1_5_400_400,56.44,68.0,N
VIA_via2_3_2000_480_1_6_320_320,56.44,68.0,N
VIA_via2_3_2000_480_1_6_320_320,86.44,68.0,N
VIA_via4_5_2000_480_1_5_400_400,86.44,68.0,N
VIA_via3_4_2000_480_1_5_400_400,86.44,68.0,N
VIA_via4_5_2000_480_1_5_400_400,116.44,68.0,N
VIA_via2_3_2000_480_1_6_320_320,116.44,68.0,N
VIA_via3_4_2000_480_1_5_400_400,116.44,68.0,N
VIA_via3_4_2000_480_1_5_400_400,146.44,68.0,N
VIA_via2_3_2000_480_1_6_320_320,146.44,68.0,N
VIA_via4_5_2000_480_1_5_400_400,146.44,68.0,N
VIA_via4_5_2000_480_1_5_400_400,176.44,68.0,N
VIA_via2_3_2000_480_1_6_320_320,176.44,68.0,N
VIA_via3_4_2000_480_1_5_400_400,176.44,68.0,N
VIA_M2M3_PR,198.49,68.34,N
VIA_M1M2_PR,113.39,68.51,N
VIA_L1M1_PR_MR,114.31,68.51,N
VIA_M1M2_PR,112.01,68.85,N
VIA_M1M2_PR,115.23,68.85,N
VIA_M1M2_PR,122.59,68.85,N
VIA_M1M2_PR,110.63,69.19,N
VIA_M1M2_PR,111.09,69.19,N
VIA_M1M2_PR,113.85,69.19,N
VIA_L1M1_PR_MR,115.69,69.19,N
VIA_M1M2_PR,118.45,69.19,N
VIA_L1M1_PR_MR,111.55,69.53,N
VIA_L1M1_PR_MR,112.93,69.53,N
VIA_M1M2_PR,112.93,69.53,N
VIA_M1M2_PR,114.77,69.53,N
VIA_L1M1_PR_MR,114.77,69.53,N
VIA_L1M1_PR_MR,115.23,69.53,N
VIA_L1M1_PR_MR,116.61,69.53,N
VIA_M1M2_PR,117.07,69.53,N
VIA_M1M2_PR,118.91,69.53,N
VIA_L1M1_PR_MR,118.91,69.53,N
VIA_L1M1_PR_MR,119.37,69.53,N
VIA_L1M1_PR_MR,119.83,69.53,N
VIA_M1M2_PR,121.67,69.53,N
VIA_M1M2_PR,122.59,69.53,N
VIA_L1M1_PR_MR,122.59,69.53,N
VIA_M1M2_PR,110.63,69.87,N
VIA_L1M1_PR_MR,111.09,69.87,N
VIA_M1M2_PR,112.01,69.87,N
VIA_M1M2_PR,124.89,69.87,N
VIA_M1M2_PR,113.39,70.21,N
VIA_L1M1_PR_MR,117.53,70.21,N
VIA_M1M2_PR,118.45,70.21,N
VIA_M1M2_PR,118.91,70.21,N
VIA_L1M1_PR_MR,119.37,70.21,N
VIA_L1M1_PR_MR,121.67,70.21,N
VIA_M1M2_PR,123.97,70.21,N
sky130_fd_sc_hd__decap_3,10.12,70.72,N
sky130_fd_sc_hd__decap_3,10.12,70.72,FS
sky130_fd_sc_hd__tapvpwrvgnd_1,23.0,70.72,N
VIA_via4_5_2000_480_1_5_400_400,30.14,70.72,N
VIA_via3_4_2000_480_1_5_400_400,30.14,70.72,N
VIA_via2_3_2000_480_1_6_320_320,30.14,70.72,N
sky130_fd_sc_hd__tapvpwrvgnd_1,35.88,70.72,FS
sky130_fd_sc_hd__tapvpwrvgnd_1,48.76,70.72,N
VIA_via4_5_2000_480_1_5_400_400,60.14,70.72,N
VIA_via3_4_2000_480_1_5_400_400,60.14,70.72,N
VIA_via2_3_2000_480_1_6_320_320,60.14,70.72,N
sky130_fd_sc_hd__tapvpwrvgnd_1,61.64,70.72,FS
sky130_fd_sc_hd__tapvpwrvgnd_1,74.52,70.72,N
sky130_fd_sc_hd__tapvpwrvgnd_1,87.4,70.72,FS
VIA_via3_4_2000_480_1_5_400_400,90.14,70.72,N
VIA_via2_3_2000_480_1_6_320_320,90.14,70.72,N
VIA_via4_5_2000_480_1_5_400_400,90.14,70.72,N
sky130_fd_sc_hd__clkbuf_4,97.52,70.72,N
sky130_fd_sc_hd__tapvpwrvgnd_1,100.28,70.72,N
sky130_fd_sc_hd__nor2_2,109.02,70.72,N
sky130_fd_sc_hd__or4b_2,111.32,70.72,N
sky130_fd_sc_hd__nand2_2,113.16,70.72,S
sky130_fd_sc_hd__tapvpwrvgnd_1,113.16,70.72,FS
sky130_fd_sc_hd__inv_2,115.0,70.72,S
sky130_fd_sc_hd__o21a_2,118.22,70.72,S
VIA_via3_4_2000_480_1_5_400_400,120.14,70.72,N
VIA_via2_3_2000_480_1_6_320_320,120.14,70.72,N
VIA_via4_5_2000_480_1_5_400_400,120.14,70.72,N
sky130_fd_sc_hd__and4bb_2,122.82,70.72,S
sky130_fd_sc_hd__dfrtp_2,124.66,70.72,FN
sky130_fd_sc_hd__tapvpwrvgnd_1,126.04,70.72,N
sky130_fd_sc_hd__tapvpwrvgnd_1,138.92,70.72,FS
VIA_via3_4_2000_480_1_5_400_400,150.14,70.72,N
VIA_via4_5_2000_480_1_5_400_400,150.14,70.72,N
VIA_via2_3_2000_480_1_6_320_320,150.14,70.72,N
sky130_fd_sc_hd__tapvpwrvgnd_1,151.8,70.72,N
sky130_fd_sc_hd__tapvpwrvgnd_1,164.68,70.72,FS
sky130_fd_sc_hd__tapvpwrvgnd_1,177.56,70.72,N
VIA_via4_5_2000_480_1_5_400_400,180.14,70.72,N
VIA_via2_3_2000_480_1_6_320_320,180.14,70.72,N
VIA_via3_4_2000_480_1_5_400_400,180.14,70.72,N
sky130_fd_sc_hd__decap_3,189.98,70.72,FN
sky130_fd_sc_hd__decap_3,189.98,70.72,S
VIA_M1M2_PR,81.65,71.23,N
VIA_M1M2_PR,94.99,71.23,N
VIA_L1M1_PR_MR,110.63,71.23,N
VIA_M1M2_PR,111.55,71.23,N
VIA_M1M2_PR,112.93,71.23,N
VIA_M1M2_PR,114.77,71.23,N
VIA_L1M1_PR_MR,115.69,71.23,N
VIA_M1M2_PR,123.51,71.23,N
VIA_M1M2_PR,91.31,71.57,N
VIA_M1M2_PR,96.37,71.57,N
VIA_L1M1_PR_MR,98.21,71.57,N
VIA_M1M2_PR,115.23,71.57,N
VIA_M1M2_PR,119.83,71.57,N
VIA_M1M2_PR,123.05,71.57,N
VIA_L1M1_PR_MR,123.05,71.57,N
VIA_M1M2_PR,109.25,71.91,N
VIA_L1M1_PR_MR,109.25,71.91,N
VIA_L1M1_PR_MR,110.63,71.91,N
VIA_M1M2_PR,110.63,71.91,N
VIA_L1M1_PR_MR,111.55,71.91,N
VIA_L1M1_PR_MR,113.39,71.91,N
VIA_L1M1_PR_MR,114.77,71.91,N
VIA_M1M2_PR,114.77,71.91,N
VIA_M1M2_PR,116.61,71.91,N
VIA_L1M1_PR_MR,112.34,72.25,N
VIA_M1M2_PR,121.21,72.25,N
VIA_L1M1_PR_MR,124.43,72.25,N
VIA_M1M2_PR,124.43,72.25,N
VIA_M2M3_PR,33.81,72.42,N
VIA_M2M3_PR,153.41,72.42,N
VIA_L1M1_PR_MR,113.39,72.93,N
VIA_M1M2_PR,113.39,72.93,N
VIA_M1M2_PR,119.37,72.93,N
VIA_via2_3_2000_480_1_6_320_320,26.44,73.44,N
VIA_via3_4_2000_480_1_5_400_400,26.44,73.44,N
VIA_via4_5_2000_480_1_5_400_400,26.44,73.44,N
VIA_via4_5_2000_480_1_5_400_400,56.44,73.44,N
VIA_via3_4_2000_480_1_5_400_400,56.44,73.44,N
VIA_via2_3_2000_480_1_6_320_320,56.44,73.44,N
VIA_via2_3_2000_480_1_6_320_320,86.44,73.44,N
VIA_via4_5_2000_480_1_5_400_400,86.44,73.44,N
VIA_via3_4_2000_480_1_5_400_400,86.44,73.44,N
VIA_via4_5_2000_480_1_5_400_400,116.44,73.44,N
VIA_via3_4_2000_480_1_5_400_400,116.44,73.44,N
VIA_via2_3_2000_480_1_6_320_320,116.44,73.44,N
VIA_via3_4_2000_480_1_5_400_400,146.44,73.44,N
VIA_via2_3_2000_480_1_6_320_320,146.44,73.44,N
VIA_via4_5_2000_480_1_5_400_400,146.44,73.44,N
VIA_via2_3_2000_480_1_6_320_320,176.44,73.44,N
VIA_via4_5_2000_480_1_5_400_400,176.44,73.44,N
VIA_via3_4_2000_480_1_5_400_400,176.44,73.44,N
VIA_M1M2_PR,107.41,73.95,N
VIA_L1M1_PR_MR,107.41,73.95,N
VIA_L1M1_PR_MR,109.71,73.95,N
VIA_L1M1_PR_MR,110.63,73.95,N
VIA_M1M2_PR,121.67,73.95,N
VIA_M1M2_PR,124.89,74.29,N
VIA_L1M1_PR_MR,124.89,74.29,N
VIA_M1M2_PR,96.37,74.63,N
VIA_L1M1_PR_MR,98.21,74.63,N
VIA_L1M1_PR_MR,109.25,74.63,N
VIA_M1M2_PR,109.25,74.63,N
VIA_M1M2_PR,113.39,74.63,N
VIA_L1M1_PR_MR,114.31,74.63,N
VIA_L1M1_PR_MR,116.61,74.63,N
VIA_M1M2_PR,118.45,74.63,N
VIA_M1M2_PR,123.51,74.63,N
VIA_L1M1_PR_MR,123.97,74.63,N
VIA_L1M1_PR_MR,108.33,74.97,N
VIA_L1M1_PR_MR,109.71,74.97,N
VIA_M1M2_PR,110.63,74.97,N
VIA_L1M1_PR_MR,111.55,74.97,N
VIA_M1M2_PR,112.93,74.97,N
VIA_L1M1_PR_MR,112.93,74.97,N
VIA_L1M1_PR_MR,114.77,74.97,N
VIA_L1M1_PR_MR,115.23,74.97,N
VIA_M1M2_PR,115.23,74.97,N
VIA_L1M1_PR_MR,127.65,74.97,N
VIA_M2M3_PR,111.55,75.14,N
VIA_M2M3_PR,126.73,75.14,N
VIA_M1M2_PR,93.61,75.31,N
VIA_L1M1_PR_MR,102.35,75.31,N
VIA_M1M2_PR,114.31,75.31,N
VIA_M1M2_PR,119.83,75.31,N
VIA_M1M2_PR,123.05,75.31,N
VIA_M1M2_PR,123.97,75.31,N
VIA_L1M1_PR_MR,125.81,75.31,N
VIA_M1M2_PR,112.47,75.65,N
VIA_L1M1_PR_MR,112.47,75.65,N
VIA_M1M2_PR,124.89,75.65,N
VIA_M1M2_PR,125.35,75.65,N
VIA_L1M1_PR_MR,126.27,75.65,N
VIA_L1M1_PR_MR,126.73,75.65,N
VIA_M1M2_PR,126.73,75.65,N
sky130_fd_sc_hd__decap_3,10.12,76.16,FS
sky130_fd_sc_hd__decap_3,10.12,76.16,N
sky130_fd_sc_hd__tapvpwrvgnd_1,23.0,76.16,N
VIA_via3_4_2000_480_1_5_400_400,30.14,76.16,N
VIA_via2_3_2000_480_1_6_320_320,30.14,76.16,N
VIA_via4_5_2000_480_1_5_400_400,30.14,76.16,N
sky130_fd_sc_hd__tapvpwrvgnd_1,35.88,76.16,FS
sky130_fd_sc_hd__tapvpwrvgnd_1,48.76,76.16,N
VIA_via3_4_2000_480_1_5_400_400,60.14,76.16,N
VIA_via4_5_2000_480_1_5_400_400,60.14,76.16,N
VIA_via2_3_2000_480_1_6_320_320,60.14,76.16,N
sky130_fd_sc_hd__tapvpwrvgnd_1,61.64,76.16,FS
sky130_fd_sc_hd__tapvpwrvgnd_1,74.52,76.16,N
sky130_fd_sc_hd__clkbuf_4,83.26,76.16,N
sky130_fd_sc_hd__tapvpwrvgnd_1,87.4,76.16,FS
VIA_via3_4_2000_480_1_5_400_400,90.14,76.16,N
VIA_via2_3_2000_480_1_6_320_320,90.14,76.16,N
VIA_via4_5_2000_480_1_5_400_400,90.14,76.16,N
sky130_fd_sc_hd__clkbuf_8,91.08,76.16,FN
sky130_fd_sc_hd__tapvpwrvgnd_1,100.28,76.16,N
sky130_fd_sc_hd__clkbuf_8,102.58,76.16,S
sky130_fd_sc_hd__a21o_2,109.94,76.16,FS
sky130_fd_sc_hd__or4_2,109.94,76.16,S
sky130_fd_sc_hd__and2b_2,111.32,76.16,FN
sky130_fd_sc_hd__tapvpwrvgnd_1,113.16,76.16,FS
sky130_fd_sc_hd__dfrtp_2,115.0,76.16,FS
sky130_fd_sc_hd__inv_2,115.0,76.16,S
sky130_fd_sc_hd__dfrtp_2,115.92,76.16,N
sky130_fd_sc_hd__nand4_2,115.92,76.16,FN
VIA_via3_4_2000_480_1_5_400_400,120.14,76.16,N
VIA_via2_3_2000_480_1_6_320_320,120.14,76.16,N
VIA_via4_5_2000_480_1_5_400_400,120.14,76.16,N
sky130_fd_sc_hd__a31o_2,124.66,76.16,FS
sky130_fd_sc_hd__tapvpwrvgnd_1,126.04,76.16,N
sky130_fd_sc_hd__tapvpwrvgnd_1,138.92,76.16,FS
VIA_via3_4_2000_480_1_5_400_400,150.14,76.16,N
VIA_via4_5_2000_480_1_5_400_400,150.14,76.16,N
VIA_via2_3_2000_480_1_6_320_320,150.14,76.16,N
sky130_fd_sc_hd__tapvpwrvgnd_1,151.8,76.16,N
sky130_fd_sc_hd__tapvpwrvgnd_1,164.68,76.16,FS
sky130_fd_sc_hd__tapvpwrvgnd_1,177.56,76.16,N
VIA_via4_5_2000_480_1_5_400_400,180.14,76.16,N
VIA_via2_3_2000_480_1_6_320_320,180.14,76.16,N
VIA_via3_4_2000_480_1_5_400_400,180.14,76.16,N
sky130_fd_sc_hd__decap_3,189.98,76.16,S
sky130_fd_sc_hd__decap_3,189.98,76.16,FN
VIA_M1M2_PR,101.89,76.67,N
VIA_L1M1_PR_MR,108.79,76.67,N
VIA_M1M2_PR,123.97,76.67,N
VIA_M1M2_PR,124.89,76.67,N
VIA_L1M1_PR_MR,124.89,76.67,N
VIA_L1M1_PR_MR,111.09,77.01,N
VIA_L1M1_PR_MR,117.53,77.01,N
VIA_M1M2_PR,117.99,77.01,N
VIA_M1M2_PR,120.29,77.01,N
VIA_L1M1_PR_MR,83.95,77.35,N
VIA_M1M2_PR,83.95,77.35,N
VIA_L1M1_PR_MR,86.71,77.35,N
VIA_L1M1_PR_MR,90.85,77.35,N
VIA_M1M2_PR,93.61,77.35,N
VIA_M1M2_PR,110.63,77.35,N
VIA_L1M1_PR_MR,111.55,77.35,N
VIA_M1M2_PR,111.55,77.35,N
VIA_L1M1_PR_MR,112.93,77.35,N
VIA_L1M1_PR_MR,114.31,77.35,N
VIA_L1M1_PR_MR,115.69,77.35,N
VIA_M1M2_PR,123.05,77.35,N
VIA_M1M2_PR,111.09,77.69,N
VIA_M1M2_PR,113.85,77.69,N
VIA_L1M1_PR_MR,113.85,77.69,N
VIA_L1M1_PR_MR,116.15,77.69,N
VIA_M1M2_PR,124.43,77.69,N
VIA_L1M1_PR_MR,109.71,78.03,N
VIA_M1M2_PR,110.63,78.03,N
VIA_M1M2_PR,112.01,78.03,N
VIA_M1M2_PR,123.51,78.37,N
VIA_via3_4_2000_480_1_5_400_400,26.44,78.88,N
VIA_via4_5_2000_480_1_5_400_400,26.44,78.88,N
VIA_via2_3_2000_480_1_6_320_320,26.44,78.88,N
VIA_via2_3_2000_480_1_6_320_320,56.44,78.88,N
VIA_via3_4_2000_480_1_5_400_400,56.44,78.88,N
VIA_via4_5_2000_480_1_5_400_400,56.44,78.88,N
VIA_via4_5_2000_480_1_5_400_400,86.44,78.88,N
VIA_via3_4_2000_480_1_5_400_400,86.44,78.88,N
VIA_via2_3_2000_480_1_6_320_320,86.44,78.88,N
VIA_via2_3_2000_480_1_6_320_320,116.44,78.88,N
VIA_via4_5_2000_480_1_5_400_400,116.44,78.88,N
VIA_via3_4_2000_480_1_5_400_400,116.44,78.88,N
VIA_via3_4_2000_480_1_5_400_400,146.44,78.88,N
VIA_via2_3_2000_480_1_6_320_320,146.44,78.88,N
VIA_via4_5_2000_480_1_5_400_400,146.44,78.88,N
VIA_via4_5_2000_480_1_5_400_400,176.44,78.88,N
VIA_via3_4_2000_480_1_5_400_400,176.44,78.88,N
VIA_via2_3_2000_480_1_6_320_320,176.44,78.88,N
VIA_M1M2_PR,111.09,79.39,N
VIA_M1M2_PR,125.35,79.39,N
VIA_M2M3_PR,76.59,79.9,N
VIA_M1M2_PR,112.47,80.07,N
VIA_L1M1_PR_MR,112.47,80.07,N
VIA_L1M1_PR_MR,121.67,80.07,N
VIA_M1M2_PR,121.67,80.07,N
VIA_M1M2_PR,123.05,80.07,N
VIA_L1M1_PR_MR,123.05,80.07,N
VIA_M1M2_PR,124.43,80.07,N
VIA_L1M1_PR_MR,110.63,80.41,N
VIA_M1M2_PR,110.63,80.41,N
VIA_L1M1_PR_MR,112.93,80.41,N
VIA_M1M2_PR,113.85,80.41,N
VIA_M1M2_PR,118.91,80.75,N
VIA_M1M2_PR,120.29,80.75,N
VIA_M1M2_PR,114.31,81.09,N
VIA_L1M1_PR_MR,114.31,81.09,N
sky130_fd_sc_hd__decap_3,10.12,81.6,N
sky130_fd_sc_hd__decap_3,10.12,81.6,FS
sky130_fd_sc_hd__tapvpwrvgnd_1,23.0,81.6,N
VIA_via4_5_2000_480_1_5_400_400,30.14,81.6,N
VIA_via3_4_2000_480_1_5_400_400,30.14,81.6,N
VIA_via2_3_2000_480_1_6_320_320,30.14,81.6,N
sky130_fd_sc_hd__tapvpwrvgnd_1,35.88,81.6,FS
sky130_fd_sc_hd__tapvpwrvgnd_1,48.76,81.6,N
VIA_via3_4_2000_480_1_5_400_400,60.14,81.6,N
VIA_via4_5_2000_480_1_5_400_400,60.14,81.6,N
VIA_via2_3_2000_480_1_6_320_320,60.14,81.6,N
sky130_fd_sc_hd__tapvpwrvgnd_1,61.64,81.6,FS
sky130_fd_sc_hd__tapvpwrvgnd_1,74.52,81.6,N
sky130_fd_sc_hd__tapvpwrvgnd_1,87.4,81.6,FS
VIA_via3_4_2000_480_1_5_400_400,90.14,81.6,N
VIA_via4_5_2000_480_1_5_400_400,90.14,81.6,N
VIA_via2_3_2000_480_1_6_320_320,90.14,81.6,N
sky130_fd_sc_hd__tapvpwrvgnd_1,100.28,81.6,N
sky130_fd_sc_hd__nand2b_2,109.94,81.6,FS
sky130_fd_sc_hd__tapvpwrvgnd_1,113.16,81.6,FS
sky130_fd_sc_hd__and2_2,115.0,81.6,FN
sky130_fd_sc_hd__dfrtp_2,115.0,81.6,N
VIA_via3_4_2000_480_1_5_400_400,120.14,81.6,N
VIA_via4_5_2000_480_1_5_400_400,120.14,81.6,N
VIA_via2_3_2000_480_1_6_320_320,120.14,81.6,N
sky130_fd_sc_hd__dfrtp_2,123.28,81.6,S
sky130_fd_sc_hd__tapvpwrvgnd_1,126.04,81.6,N
sky130_fd_sc_hd__tapvpwrvgnd_1,138.92,81.6,FS
VIA_via3_4_2000_480_1_5_400_400,150.14,81.6,N
VIA_via2_3_2000_480_1_6_320_320,150.14,81.6,N
VIA_via4_5_2000_480_1_5_400_400,150.14,81.6,N
sky130_fd_sc_hd__tapvpwrvgnd_1,151.8,81.6,N
sky130_fd_sc_hd__tapvpwrvgnd_1,164.68,81.6,FS
sky130_fd_sc_hd__and2b_2,172.04,81.6,N
sky130_fd_sc_hd__tapvpwrvgnd_1,177.56,81.6,N
VIA_via3_4_2000_480_1_5_400_400,180.14,81.6,N
VIA_via2_3_2000_480_1_6_320_320,180.14,81.6,N
VIA_via4_5_2000_480_1_5_400_400,180.14,81.6,N
sky130_fd_sc_hd__decap_3,189.98,81.6,FN
sky130_fd_sc_hd__decap_3,189.98,81.6,S
VIA_M1M2_PR,110.63,82.11,N
VIA_L1M1_PR_MR,123.97,82.11,N
VIA_M1M2_PR,112.47,82.45,N
VIA_L1M1_PR_MR,116.61,82.45,N
VIA_M1M2_PR,118.91,82.45,N
VIA_M1M2_PR,79.81,82.79,N
VIA_M1M2_PR,101.43,82.79,N
VIA_M1M2_PR,113.39,82.79,N
VIA_L1M1_PR_MR,113.85,82.79,N
VIA_M1M2_PR,114.31,82.79,N
VIA_L1M1_PR_MR,114.31,82.79,N
VIA_M1M2_PR,122.13,82.79,N
VIA_M1M2_PR,106.95,83.13,N
VIA_L1M1_PR_MR,112.93,83.13,N
VIA_M1M2_PR,115.23,83.13,N
VIA_L1M1_PR_MR,115.23,83.13,N
VIA_M1M2_PR,167.67,83.13,N
VIA_L1M1_PR_MR,172.27,83.13,N
VIA_M1M2_PR,172.73,83.47,N
VIA_L1M1_PR_MR,173.65,83.47,N
VIA_L1M1_PR_MR,174.57,83.81,N
VIA_M1M2_PR,174.57,83.81,N
VIA_via3_4_2000_480_1_5_400_400,26.44,84.32,N
VIA_via4_5_2000_480_1_5_400_400,26.44,84.32,N
VIA_via2_3_2000_480_1_6_320_320,26.44,84.32,N
VIA_via2_3_2000_480_1_6_320_320,56.44,84.32,N
VIA_via3_4_2000_480_1_5_400_400,56.44,84.32,N
VIA_via4_5_2000_480_1_5_400_400,56.44,84.32,N
VIA_via3_4_2000_480_1_5_400_400,86.44,84.32,N
VIA_via4_5_2000_480_1_5_400_400,86.44,84.32,N
VIA_via2_3_2000_480_1_6_320_320,86.44,84.32,N
VIA_via2_3_2000_480_1_6_320_320,116.44,84.32,N
VIA_via3_4_2000_480_1_5_400_400,116.44,84.32,N
VIA_via4_5_2000_480_1_5_400_400,116.44,84.32,N
VIA_via2_3_2000_480_1_6_320_320,146.44,84.32,N
VIA_via4_5_2000_480_1_5_400_400,146.44,84.32,N
VIA_via3_4_2000_480_1_5_400_400,146.44,84.32,N
VIA_via2_3_2000_480_1_6_320_320,176.44,84.32,N
VIA_via3_4_2000_480_1_5_400_400,176.44,84.32,N
VIA_via4_5_2000_480_1_5_400_400,176.44,84.32,N
VIA_M1M2_PR,112.47,84.83,N
VIA_L1M1_PR_MR,116.61,84.83,N
VIA_M1M2_PR,121.67,84.83,N
VIA_M1M2_PR,93.61,85.17,N
VIA_M1M2_PR,110.63,85.17,N
VIA_M1M2_PR,122.59,85.17,N
VIA_M1M2_PR,114.77,85.51,N
VIA_M1M2_PR,118.91,85.51,N
VIA_M1M2_PR,123.05,85.51,N
VIA_L1M1_PR_MR,123.05,85.51,N
VIA_L1M1_PR_MR,167.21,85.51,N
VIA_M1M2_PR,169.05,85.51,N
VIA_L1M1_PR_MR,170.43,85.51,N
VIA_M1M2_PR,174.11,85.51,N
VIA_L1M1_PR_MR,175.49,85.51,N
VIA_L1M1_PR_MR,118.45,85.69,N
VIA_L1M1_PR_MR,115.69,85.85,N
VIA_L1M1_PR_MR,116.61,85.85,N
VIA_M1M2_PR,117.99,85.85,N
VIA_M1M2_PR,136.39,85.85,N
VIA_L1M1_PR_MR,166.75,85.85,N
VIA_M1M2_PR,167.67,85.85,N
VIA_L1M1_PR_MR,168.13,85.85,N
VIA_L1M1_PR_MR,169.97,85.85,N
VIA_M1M2_PR,169.97,85.85,N
VIA_L1M1_PR_MR,172.27,85.85,N
VIA_M1M2_PR,172.27,85.85,N
VIA_L1M1_PR_MR,174.57,85.85,N
VIA_M1M2_PR,174.57,85.85,N
VIA_L1M1_PR_MR,175.03,85.85,N
VIA_M1M2_PR,175.03,85.85,N
VIA_L1M1_PR_MR,175.95,85.85,N
VIA_M1M2_PR,181.47,85.85,N
VIA_M2M3_PR,110.63,86.02,N
VIA_M2M3_PR,119.83,86.02,N
VIA_M2M3_PR,125.81,86.02,N
VIA_M1M2_PR,80.27,86.19,N
VIA_M1M2_PR,97.29,86.19,N
VIA_L1M1_PR_MR,118.91,86.19,N
VIA_M1M2_PR,119.83,86.19,N
VIA_L1M1_PR_MR,124.43,86.19,N
VIA_M1M2_PR,124.43,86.19,N
VIA_M1M2_PR,133.63,86.19,N
VIA_L1M1_PR_MR,173.65,86.19,N
VIA_M1M2_PR,176.41,86.19,N
VIA_L1M1_PR_MR,117.53,86.53,N
VIA_M1M2_PR,117.53,86.53,N
VIA_M1M2_PR,117.99,86.53,N
VIA_L1M1_PR_MR,169.05,86.53,N
VIA_M1M2_PR,174.57,86.53,N
sky130_fd_sc_hd__decap_3,10.12,87.04,N
sky130_fd_sc_hd__decap_3,10.12,87.04,FS
sky130_fd_sc_hd__tapvpwrvgnd_1,23.0,87.04,N
VIA_via3_4_2000_480_1_5_400_400,30.14,87.04,N
VIA_via4_5_2000_480_1_5_400_400,30.14,87.04,N
VIA_via2_3_2000_480_1_6_320_320,30.14,87.04,N
sky130_fd_sc_hd__tapvpwrvgnd_1,35.88,87.04,FS
sky130_fd_sc_hd__tapvpwrvgnd_1,48.76,87.04,N
VIA_via4_5_2000_480_1_5_400_400,60.14,87.04,N
VIA_via3_4_2000_480_1_5_400_400,60.14,87.04,N
VIA_via2_3_2000_480_1_6_320_320,60.14,87.04,N
sky130_fd_sc_hd__tapvpwrvgnd_1,61.64,87.04,FS
sky130_fd_sc_hd__tapvpwrvgnd_1,74.52,87.04,N
sky130_fd_sc_hd__tapvpwrvgnd_1,87.4,87.04,FS
VIA_via2_3_2000_480_1_6_320_320,90.14,87.04,N
VIA_via4_5_2000_480_1_5_400_400,90.14,87.04,N
VIA_via3_4_2000_480_1_5_400_400,90.14,87.04,N
sky130_fd_sc_hd__tapvpwrvgnd_1,100.28,87.04,N
sky130_fd_sc_hd__tapvpwrvgnd_1,113.16,87.04,FS
sky130_fd_sc_hd__and4bb_2,115.92,87.04,N
sky130_fd_sc_hd__nor2_2,115.92,87.04,FN
sky130_fd_sc_hd__clkbuf_8,118.68,87.04,FS
sky130_fd_sc_hd__or4b_2,118.68,87.04,S
VIA_via2_3_2000_480_1_6_320_320,120.14,87.04,N
VIA_via3_4_2000_480_1_5_400_400,120.14,87.04,N
VIA_via4_5_2000_480_1_5_400_400,120.14,87.04,N
sky130_fd_sc_hd__or4_2,120.52,87.04,N
sky130_fd_sc_hd__clkbuf_4,123.74,87.04,FS
sky130_fd_sc_hd__tapvpwrvgnd_1,126.04,87.04,N
sky130_fd_sc_hd__tapvpwrvgnd_1,138.92,87.04,FS
VIA_via2_3_2000_480_1_6_320_320,150.14,87.04,N
VIA_via3_4_2000_480_1_5_400_400,150.14,87.04,N
VIA_via4_5_2000_480_1_5_400_400,150.14,87.04,N
sky130_fd_sc_hd__tapvpwrvgnd_1,151.8,87.04,N
sky130_fd_sc_hd__tapvpwrvgnd_1,164.68,87.04,FS
sky130_fd_sc_hd__conb_1,165.6,87.04,FS
sky130_fd_sc_hd__and2_2,165.6,87.04,N
sky130_fd_sc_hd__and2_2,166.98,87.04,FS
sky130_fd_sc_hd__and2b_2,168.36,87.04,N
sky130_fd_sc_hd__o32ai_2,171.58,87.04,N
sky130_fd_sc_hd__o31a_2,172.96,87.04,FS
sky130_fd_sc_hd__nand2b_2,172.96,87.04,S
sky130_fd_sc_hd__tapvpwrvgnd_1,177.56,87.04,N
VIA_via3_4_2000_480_1_5_400_400,180.14,87.04,N
VIA_via4_5_2000_480_1_5_400_400,180.14,87.04,N
VIA_via2_3_2000_480_1_6_320_320,180.14,87.04,N
sky130_fd_sc_hd__decap_3,189.98,87.04,FN
sky130_fd_sc_hd__decap_3,189.98,87.04,S
VIA_via5_6_2000_2000_1_1_1600_1600,26.44,87.53,N
VIA_via5_6_2000_2000_1_1_1600_1600,56.44,87.53,N
VIA_via5_6_2000_2000_1_1_1600_1600,86.44,87.53,N
VIA_via5_6_2000_2000_1_1_1600_1600,116.44,87.53,N
VIA_via5_6_2000_2000_1_1_1600_1600,146.44,87.53,N
VIA_via5_6_2000_2000_1_1_1600_1600,176.44,87.53,N
VIA_M1M2_PR,114.31,87.55,N
VIA_L1M1_PR_MR,117.07,87.55,N
VIA_L1M1_PR_MR,119.37,87.55,N
VIA_M1M2_PR,121.67,87.55,N
VIA_M1M2_PR,172.27,87.55,N
VIA_M1M2_PR,117.53,87.89,N
VIA_M1M2_PR,117.99,87.89,N
VIA_L1M1_PR_MR,119.83,87.89,N
VIA_L1M1_PR_MR,168.59,87.89,N
VIA_M1M2_PR,169.97,87.89,N
VIA_M1M2_PR,113.39,88.23,N
VIA_L1M1_PR_MR,114.31,88.23,N
VIA_L1M1_PR_MR,115.69,88.23,N
VIA_L1M1_PR_MR,116.15,88.23,N
VIA_M1M2_PR,118.45,88.23,N
VIA_L1M1_PR_MR,118.91,88.23,N
VIA_M1M2_PR,118.91,88.23,N
VIA_L1M1_PR_MR,120.75,88.23,N
VIA_M1M2_PR,121.67,88.23,N
VIA_L1M1_PR_MR,122.13,88.23,N
VIA_M1M2_PR,123.05,88.23,N
VIA_L1M1_PR_MR,166.75,88.23,N
VIA_M1M2_PR,170.89,88.23,N
VIA_L1M1_PR_MR,171.81,88.23,N
VIA_M1M2_PR,172.73,88.23,N
VIA_L1M1_PR_MR,172.73,88.23,N
VIA_L1M1_PR_MR,174.11,88.23,N
VIA_L1M1_PR_MR,175.03,88.23,N
VIA_M1M2_PR,175.03,88.23,N
VIA_L1M1_PR_MR,176.41,88.23,N
VIA_M1M2_PR,176.41,88.23,N
VIA_L1M1_PR_MR,113.85,88.57,N
VIA_M1M2_PR,113.85,88.57,N
VIA_L1M1_PR_MR,121.21,88.57,N
VIA_M1M2_PR,121.21,88.57,N
VIA_L1M1_PR_MR,165.83,88.57,N
VIA_M1M2_PR,167.21,88.57,N
VIA_L1M1_PR_MR,167.67,88.57,N
VIA_M1M2_PR,173.65,88.57,N
VIA_L1M1_PR_MR,173.65,88.57,N
VIA_M2M3_PR,117.53,88.74,N
VIA_M2M3_PR,121.21,88.74,N
VIA_M3M4_PR,143.98,88.74,N
VIA_M2M3_PR,173.65,88.74,N
VIA_M1M2_PR,111.09,88.91,N
VIA_L1M1_PR_MR,123.05,88.91,N
VIA_L1M1_PR_MR,169.97,88.91,N
VIA_M1M2_PR,169.97,88.91,N
VIA_M1M2_PR,117.99,89.25,N
VIA_L1M1_PR_MR,120.75,89.25,N
VIA_L1M1_PR_MR,170.89,89.25,N
VIA_M1M2_PR,178.71,89.25,N
VIA_M3M4_PR,118.22,89.42,N
VIA_M2M3_PR,118.45,89.42,N
VIA_via4_5_2000_480_1_5_400_400,26.44,89.76,N
VIA_via2_3_2000_480_1_6_320_320,26.44,89.76,N
VIA_via3_4_2000_480_1_5_400_400,26.44,89.76,N
VIA_via4_5_2000_480_1_5_400_400,56.44,89.76,N
VIA_via2_3_2000_480_1_6_320_320,56.44,89.76,N
VIA_via3_4_2000_480_1_5_400_400,56.44,89.76,N
VIA_via3_4_2000_480_1_5_400_400,86.44,89.76,N
VIA_via4_5_2000_480_1_5_400_400,86.44,89.76,N
VIA_via2_3_2000_480_1_6_320_320,86.44,89.76,N
VIA_via3_4_2000_480_1_5_400_400,116.44,89.76,N
VIA_via4_5_2000_480_1_5_400_400,116.44,89.76,N
VIA_via2_3_2000_480_1_6_320_320,116.44,89.76,N
VIA_via2_3_2000_480_1_6_320_320,146.44,89.76,N
VIA_via3_4_2000_480_1_5_400_400,146.44,89.76,N
VIA_via4_5_2000_480_1_5_400_400,146.44,89.76,N
VIA_via3_4_2000_480_1_5_400_400,176.44,89.76,N
VIA_via2_3_2000_480_1_6_320_320,176.44,89.76,N
VIA_via4_5_2000_480_1_5_400_400,176.44,89.76,N
VIA_L1M1_PR_MR,170.89,90.27,N
VIA_M1M2_PR,170.89,90.27,N
VIA_L1M1_PR_MR,181.01,90.27,N
VIA_M1M2_PR,181.47,90.27,N
VIA_M1M2_PR,111.55,90.61,N
VIA_L1M1_PR_MR,169.97,90.61,N
VIA_M1M2_PR,170.43,90.61,N
VIA_M1M2_PR,179.17,90.61,N
VIA_L1M1_PR_MR,112.93,90.95,N
VIA_M1M2_PR,113.39,90.95,N
VIA_M1M2_PR,170.89,90.95,N
VIA_L1M1_PR_MR,174.11,90.95,N
VIA_M1M2_PR,175.03,90.95,N
VIA_L1M1_PR_MR,175.49,90.95,N
VIA_L1M1_PR_MR,177.33,90.95,N
VIA_via5_6_2000_2000_1_1_1600_1600,30.14,91.23,N
VIA_via5_6_2000_2000_1_1_1600_1600,60.14,91.23,N
VIA_via5_6_2000_2000_1_1_1600_1600,90.14,91.23,N
VIA_via5_6_2000_2000_1_1_1600_1600,120.14,91.23,N
VIA_via5_6_2000_2000_1_1_1600_1600,150.14,91.23,N
VIA_via5_6_2000_2000_1_1_1600_1600,180.14,91.23,N
VIA_M1M2_PR,110.63,91.29,N
VIA_M1M2_PR,111.55,91.29,N
VIA_L1M1_PR_MR,111.55,91.29,N
VIA_L1M1_PR_MR,112.01,91.29,N
VIA_M1M2_PR,112.01,91.29,N
VIA_M1M2_PR,114.31,91.29,N
VIA_L1M1_PR_MR,115.23,91.29,N
VIA_L1M1_PR_MR,116.15,91.29,N
VIA_L1M1_PR_MR,117.53,91.29,N
VIA_M1M2_PR,118.45,91.29,N
VIA_L1M1_PR_MR,118.45,91.29,N
VIA_L1M1_PR_MR,119.37,91.29,N
VIA_L1M1_PR_MR,125.81,91.29,N
VIA_M1M2_PR,125.81,91.29,N
VIA_M1M2_PR,167.67,91.29,N
VIA_L1M1_PR_MR,167.67,91.29,N
VIA_L1M1_PR_MR,168.59,91.29,N
VIA_M1M2_PR,169.05,91.29,N
VIA_L1M1_PR_MR,169.05,91.29,N
VIA_L1M1_PR_MR,172.73,91.29,N
VIA_M1M2_PR,173.19,91.29,N
VIA_L1M1_PR_MR,173.65,91.29,N
VIA_L1M1_PR_MR,174.57,91.29,N
VIA_M1M2_PR,174.57,91.29,N
VIA_L1M1_PR_MR,176.41,91.29,N
VIA_M1M2_PR,176.41,91.29,N
VIA_M1M2_PR,177.79,91.29,N
VIA_L1M1_PR_MR,177.79,91.29,N
VIA_L1M1_PR_MR,178.71,91.29,N
VIA_M1M2_PR,178.71,91.29,N
VIA_M1M2_PR,179.17,91.29,N
VIA_L1M1_PR_MR,179.17,91.29,N
VIA_L1M1_PR_MR,180.09,91.29,N
VIA_M1M2_PR,182.85,91.29,N
VIA_M1M2_PR,113.39,91.63,N
VIA_L1M1_PR_MR,122.13,91.63,N
VIA_L1M1_PR_MR,126.73,91.63,N
VIA_L1M1_PR_MR,166.75,91.63,N
VIA_M1M2_PR,167.21,91.63,N
VIA_L1M1_PR_MR,170.845,91.63,N
VIA_L1M1_PR_MR,179.63,91.63,N
VIA_M1M2_PR,124.43,91.97,N
VIA_M1M2_PR,172.73,91.97,N
VIA_M1M2_PR,176.41,91.97,N
VIA_M1M2_PR,178.71,91.97,N
sky130_fd_sc_hd__decap_3,10.12,92.48,N
sky130_fd_sc_hd__decap_3,10.12,92.48,FS
sky130_fd_sc_hd__tapvpwrvgnd_1,23.0,92.48,N
sky130_fd_sc_hd__nor2_2,29.9,92.48,N
VIA_via3_4_2000_480_1_5_400_400,30.14,92.48,N
VIA_via4_5_2000_480_1_5_400_400,30.14,92.48,N
VIA_via2_3_2000_480_1_6_320_320,30.14,92.48,N
sky130_fd_sc_hd__tapvpwrvgnd_1,35.88,92.48,FS
sky130_fd_sc_hd__dfrtp_2,41.86,92.48,FN
sky130_fd_sc_hd__tapvpwrvgnd_1,48.76,92.48,N
VIA_via4_5_2000_480_1_5_400_400,60.14,92.48,N
VIA_via3_4_2000_480_1_5_400_400,60.14,92.48,N
VIA_via2_3_2000_480_1_6_320_320,60.14,92.48,N
sky130_fd_sc_hd__tapvpwrvgnd_1,61.64,92.48,FS
sky130_fd_sc_hd__tapvpwrvgnd_1,74.52,92.48,N
sky130_fd_sc_hd__inv_2,80.5,92.48,FN
sky130_fd_sc_hd__dfrtp_2,80.96,92.48,N
sky130_fd_sc_hd__tapvpwrvgnd_1,87.4,92.48,FS
VIA_via4_5_2000_480_1_5_400_400,90.14,92.48,N
VIA_via3_4_2000_480_1_5_400_400,90.14,92.48,N
VIA_via2_3_2000_480_1_6_320_320,90.14,92.48,N
sky130_fd_sc_hd__tapvpwrvgnd_1,100.28,92.48,N
sky130_fd_sc_hd__o21a_2,109.48,92.48,N
sky130_fd_sc_hd__nand2_2,110.86,92.48,FS
sky130_fd_sc_hd__tapvpwrvgnd_1,113.16,92.48,FS
sky130_fd_sc_hd__nand4_2,115.0,92.48,FS
sky130_fd_sc_hd__dfrtp_2,115.92,92.48,N
sky130_fd_sc_hd__a21o_2,115.92,92.48,FN
VIA_via4_5_2000_480_1_5_400_400,120.14,92.48,N
VIA_via3_4_2000_480_1_5_400_400,120.14,92.48,N
VIA_via2_3_2000_480_1_6_320_320,120.14,92.48,N
sky130_fd_sc_hd__clkbuf_8,126.04,92.48,S
sky130_fd_sc_hd__tapvpwrvgnd_1,126.04,92.48,N
sky130_fd_sc_hd__clkbuf_4,126.04,92.48,FS
sky130_fd_sc_hd__tapvpwrvgnd_1,138.92,92.48,FS
VIA_via2_3_2000_480_1_6_320_320,150.14,92.48,N
VIA_via4_5_2000_480_1_5_400_400,150.14,92.48,N
VIA_via3_4_2000_480_1_5_400_400,150.14,92.48,N
sky130_fd_sc_hd__tapvpwrvgnd_1,151.8,92.48,N
sky130_fd_sc_hd__tapvpwrvgnd_1,164.68,92.48,FS
sky130_fd_sc_hd__nor2_2,165.6,92.48,N
sky130_fd_sc_hd__a21o_2,166.06,92.48,FS
sky130_fd_sc_hd__xnor2_2,167.9,92.48,N
sky130_fd_sc_hd__and3b_2,172.96,92.48,S
sky130_fd_sc_hd__nand2b_2,177.1,92.48,FN
sky130_fd_sc_hd__a31oi_2,177.56,92.48,S
sky130_fd_sc_hd__tapvpwrvgnd_1,177.56,92.48,N
sky130_fd_sc_hd__a21oi_2,178.02,92.48,N
VIA_via2_3_2000_480_1_6_320_320,180.14,92.48,N
VIA_via3_4_2000_480_1_5_400_400,180.14,92.48,N
VIA_via4_5_2000_480_1_5_400_400,180.14,92.48,N
sky130_fd_sc_hd__nand2b_2,181.24,92.48,N
sky130_fd_sc_hd__a311o_2,181.7,92.48,S
sky130_fd_sc_hd__decap_3,189.98,92.48,FN
sky130_fd_sc_hd__decap_3,189.98,92.48,S
VIA_M1M2_PR,83.95,92.99,N
VIA_L1M1_PR_MR,113.39,92.99,N
VIA_M1M2_PR,114.77,92.99,N
VIA_M1M2_PR,122.13,92.99,N
VIA_L1M1_PR_MR,167.21,92.99,N
VIA_M1M2_PR,173.19,92.99,N
VIA_M1M2_PR,177.79,92.99,N
VIA_L1M1_PR_MR,179.17,92.99,N
VIA_M1M2_PR,37.03,93.33,N
VIA_L1M1_PR_MR,112.93,93.33,N
VIA_M1M2_PR,113.85,93.33,N
VIA_L1M1_PR_MR,115.23,93.33,N
VIA_L1M1_PR_MR,117.53,93.33,N
VIA_M1M2_PR,120.29,93.33,N
VIA_M1M2_PR,134.09,93.33,N
VIA_L1M1_PR_MR,173.65,93.33,N
VIA_M1M2_PR,182.85,93.33,N
VIA_L1M1_PR_MR,182.85,93.33,N
VIA_L1M1_PR_MR,30.59,93.67,N
VIA_L1M1_PR_MR,31.51,93.67,N
VIA_M1M2_PR,32.89,93.67,N
VIA_L1M1_PR_MR,41.63,93.67,N
VIA_L1M1_PR_MR,80.27,93.67,N
VIA_L1M1_PR_MR,111.09,93.67,N
VIA_M1M2_PR,111.09,93.67,N
VIA_L1M1_PR_MR,112.01,93.67,N
VIA_L1M1_PR_MR,112.47,93.67,N
VIA_L1M1_PR_MR,113.39,93.67,N
VIA_L1M1_PR_MR,114.31,93.67,N
VIA_M1M2_PR,166.29,93.67,N
VIA_L1M1_PR_MR,166.29,93.67,N
VIA_L1M1_PR_MR,166.75,93.67,N
VIA_M1M2_PR,167.21,93.67,N
VIA_L1M1_PR_MR,168.59,93.67,N
VIA_L1M1_PR_MR,170.43,93.67,N
VIA_M1M2_PR,170.43,93.67,N
VIA_M1M2_PR,172.73,93.67,N
VIA_L1M1_PR_MR,174.11,93.67,N
VIA_L1M1_PR_MR,176.41,93.67,N
VIA_L1M1_PR_MR,178.25,93.67,N
VIA_L1M1_PR_MR,179.17,93.67,N
VIA_L1M1_PR_MR,181.93,93.67,N
VIA_M1M2_PR,31.97,94.01,N
VIA_L1M1_PR_MR,31.97,94.01,N
VIA_M1M2_PR,40.25,94.01,N
VIA_L1M1_PR_MR,40.25,94.01,N
VIA_M1M2_PR,81.19,94.01,N
VIA_L1M1_PR_MR,81.19,94.01,N
VIA_L1M1_PR_MR,82.57,94.01,N
VIA_M1M2_PR,82.57,94.01,N
VIA_M1M2_PR,88.55,94.01,N
VIA_M1M2_PR,111.55,94.01,N
VIA_L1M1_PR_MR,116.15,94.01,N
VIA_M1M2_PR,122.59,94.01,N
VIA_M1M2_PR,123.51,94.01,N
VIA_M1M2_PR,167.67,94.01,N
VIA_M1M2_PR,169.51,94.01,N
VIA_M1M2_PR,170.89,94.01,N
VIA_L1M1_PR_MR,174.57,94.01,N
VIA_L1M1_PR_MR,181.01,94.01,N
VIA_L1M1_PR_MR,183.31,94.01,N
VIA_M2M3_PR,31.97,94.18,N
VIA_M3M4_PR,32.66,94.18,N
VIA_M1M2_PR,28.75,94.35,N
VIA_M1M2_PR,169.97,94.35,N
VIA_M1M2_PR,178.25,94.35,N
VIA_M1M2_PR,179.17,94.35,N
VIA_L1M1_PR_MR,32.89,94.69,N
VIA_M1M2_PR,33.35,94.69,N
VIA_M1M2_PR,79.35,94.69,N
VIA_L1M1_PR_MR,79.81,94.69,N
VIA_M1M2_PR,80.27,94.69,N
VIA_L1M1_PR_MR,89.93,94.69,N
VIA_L1M1_PR_MR,110.17,94.69,N
VIA_M1M2_PR,115.23,94.69,N
VIA_M1M2_PR,123.05,94.69,N
VIA_L1M1_PR_MR,124.89,94.69,N
VIA_M1M2_PR,172.27,94.69,N
VIA_via2_3_2000_480_1_6_320_320,26.44,95.2,N
VIA_via3_4_2000_480_1_5_400_400,26.44,95.2,N
VIA_via4_5_2000_480_1_5_400_400,26.44,95.2,N
VIA_via4_5_2000_480_1_5_400_400,56.44,95.2,N
VIA_via3_4_2000_480_1_5_400_400,56.44,95.2,N
VIA_via2_3_2000_480_1_6_320_320,56.44,95.2,N
VIA_via2_3_2000_480_1_6_320_320,86.44,95.2,N
VIA_via3_4_2000_480_1_5_400_400,86.44,95.2,N
VIA_via4_5_2000_480_1_5_400_400,86.44,95.2,N
VIA_via2_3_2000_480_1_6_320_320,116.44,95.2,N
VIA_via4_5_2000_480_1_5_400_400,116.44,95.2,N
VIA_via3_4_2000_480_1_5_400_400,116.44,95.2,N
VIA_via2_3_2000_480_1_6_320_320,146.44,95.2,N
VIA_via4_5_2000_480_1_5_400_400,146.44,95.2,N
VIA_via3_4_2000_480_1_5_400_400,146.44,95.2,N
VIA_via2_3_2000_480_1_6_320_320,176.44,95.2,N
VIA_via4_5_2000_480_1_5_400_400,176.44,95.2,N
VIA_via3_4_2000_480_1_5_400_400,176.44,95.2,N
VIA_M1M2_PR,28.29,95.71,N
VIA_L1M1_PR_MR,29.21,95.71,N
VIA_L1M1_PR_MR,40.25,95.71,N
VIA_M1M2_PR,40.25,95.71,N
VIA_M1M2_PR,135.01,95.71,N
VIA_M1M2_PR,169.51,95.71,N
VIA_M1M2_PR,172.27,95.71,N
VIA_L1M1_PR_MR,178.71,95.71,N
VIA_M1M2_PR,178.71,95.71,N
VIA_M1M2_PR,33.35,96.05,N
VIA_M1M2_PR,82.57,96.05,N
VIA_L1M1_PR_MR,83.03,96.05,N
VIA_M1M2_PR,113.39,96.05,N
VIA_M2M3_PR,198.95,96.22,N
VIA_L1M1_PR_MR,32.43,96.39,N
VIA_L1M1_PR_MR,37.49,96.39,N
VIA_M1M2_PR,79.35,96.39,N
VIA_M1M2_PR,106.95,96.39,N
VIA_M1M2_PR,115.23,96.39,N
VIA_L1M1_PR_MR,121.67,96.39,N
VIA_L1M1_PR_MR,124.89,96.39,N
VIA_M1M2_PR,124.89,96.39,N
VIA_M1M2_PR,141.45,96.39,N
VIA_L1M1_PR_MR,171.35,96.39,N
VIA_M1M2_PR,175.03,96.39,N
VIA_L1M1_PR_MR,175.49,96.39,N
VIA_M1M2_PR,27.83,96.73,N
VIA_L1M1_PR_MR,30.59,96.73,N
VIA_L1M1_PR_MR,31.05,96.73,N
VIA_M1M2_PR,31.97,96.73,N
VIA_L1M1_PR_MR,31.97,96.73,N
VIA_M1M2_PR,32.89,96.73,N
VIA_L1M1_PR_MR,32.89,96.73,N
VIA_M1M2_PR,33.35,96.73,N
VIA_L1M1_PR_MR,33.35,96.73,N
VIA_L1M1_PR_MR,37.95,96.73,N
VIA_M1M2_PR,38.87,96.73,N
VIA_M1M2_PR,39.79,96.73,N
VIA_M1M2_PR,79.81,96.73,N
VIA_L1M1_PR_MR,79.81,96.73,N
VIA_M1M2_PR,80.27,96.73,N
VIA_L1M1_PR_MR,80.27,96.73,N
VIA_L1M1_PR_MR,110.17,96.73,N
VIA_M1M2_PR,114.31,96.73,N
VIA_L1M1_PR_MR,123.05,96.73,N
VIA_L1M1_PR_MR,123.51,96.73,N
VIA_M1M2_PR,166.29,96.73,N
VIA_L1M1_PR_MR,169.05,96.73,N
VIA_M1M2_PR,169.51,96.73,N
VIA_L1M1_PR_MR,169.51,96.73,N
VIA_M1M2_PR,170.43,96.73,N
VIA_L1M1_PR_MR,170.43,96.73,N
VIA_L1M1_PR_MR,173.19,96.73,N
VIA_M1M2_PR,173.65,96.73,N
VIA_L1M1_PR_MR,173.65,96.73,N
VIA_M1M2_PR,174.11,96.73,N
VIA_L1M1_PR_MR,174.57,96.73,N
VIA_L1M1_PR_MR,175.95,96.73,N
VIA_M1M2_PR,177.33,96.73,N
VIA_L1M1_PR_MR,177.33,96.73,N
VIA_M1M2_PR,178.25,96.73,N
VIA_L1M1_PR_MR,178.25,96.73,N
VIA_L1M1_PR_MR,180.55,96.73,N
VIA_M2M3_PR,30.13,96.9,N
VIA_M2M3_PR,39.79,96.9,N
VIA_M2M3_PR,110.17,96.9,N
VIA_M2M3_PR,111.55,96.9,N
VIA_M2M3_PR,113.39,96.9,N
VIA_M2M3_PR,123.97,96.9,N
VIA_M1M2_PR,26.91,97.07,N
VIA_L1M1_PR_MR,28.29,97.07,N
VIA_M1M2_PR,30.13,97.07,N
VIA_L1M1_PR_MR,38.41,97.07,N
VIA_M1M2_PR,76.13,97.07,N
VIA_M1M2_PR,82.11,97.07,N
VIA_L1M1_PR_MR,82.11,97.07,N
VIA_L1M1_PR_MR,112.01,97.07,N
VIA_M1M2_PR,120.29,97.07,N
VIA_M1M2_PR,124.43,97.07,N
VIA_M1M2_PR,127.19,97.07,N
VIA_L1M1_PR_MR,168.13,97.07,N
VIA_M1M2_PR,168.13,97.07,N
VIA_M1M2_PR,169.97,97.07,N
VIA_M1M2_PR,179.17,97.07,N
VIA_L1M1_PR_MR,29.21,97.41,N
VIA_M1M2_PR,32.89,97.41,N
VIA_M1M2_PR,34.27,97.41,N
VIA_L1M1_PR_MR,34.27,97.41,N
VIA_M1M2_PR,77.51,97.41,N
VIA_L1M1_PR_MR,79.35,97.41,N
VIA_M1M2_PR,79.81,97.41,N
VIA_L1M1_PR_MR,81.19,97.41,N
VIA_L1M1_PR_MR,81.65,97.41,N
VIA_M1M2_PR,92.69,97.41,N
VIA_M1M2_PR,110.63,97.41,N
VIA_L1M1_PR_MR,111.09,97.41,N
VIA_L1M1_PR_MR,111.55,97.41,N
VIA_M1M2_PR,111.55,97.41,N
VIA_L1M1_PR_MR,112.47,97.41,N
VIA_M1M2_PR,112.93,97.41,N
VIA_L1M1_PR_MR,114.31,97.41,N
VIA_M1M2_PR,114.77,97.41,N
VIA_M1M2_PR,122.13,97.41,N
VIA_L1M1_PR_MR,132.25,97.41,N
sky130_fd_sc_hd__decap_3,10.12,97.92,N
sky130_fd_sc_hd__decap_3,10.12,97.92,FS
sky130_fd_sc_hd__tapvpwrvgnd_1,23.0,97.92,N
sky130_fd_sc_hd__and3_2,28.06,97.92,FS
sky130_fd_sc_hd__a31o_2,28.98,97.92,FN
sky130_fd_sc_hd__dfrtp_2,28.98,97.92,N
VIA_via2_3_2000_480_1_6_320_320,30.14,97.92,N
VIA_via4_5_2000_480_1_5_400_400,30.14,97.92,N
VIA_via3_4_2000_480_1_5_400_400,30.14,97.92,N
sky130_fd_sc_hd__o311a_2,34.96,97.92,S
sky130_fd_sc_hd__tapvpwrvgnd_1,35.88,97.92,FS
sky130_fd_sc_hd__mux2_1,40.48,97.92,S
sky130_fd_sc_hd__nand2_2,40.94,97.92,FN
sky130_fd_sc_hd__tapvpwrvgnd_1,48.76,97.92,N
VIA_via2_3_2000_480_1_6_320_320,60.14,97.92,N
VIA_via3_4_2000_480_1_5_400_400,60.14,97.92,N
VIA_via4_5_2000_480_1_5_400_400,60.14,97.92,N
sky130_fd_sc_hd__tapvpwrvgnd_1,61.64,97.92,FS
sky130_fd_sc_hd__tapvpwrvgnd_1,74.52,97.92,N
sky130_fd_sc_hd__conb_1,77.28,97.92,N
sky130_fd_sc_hd__inv_2,80.04,97.92,S
sky130_fd_sc_hd__dfrtp_2,81.88,97.92,N
sky130_fd_sc_hd__a21oi_2,81.88,97.92,FN
sky130_fd_sc_hd__a31o_2,83.26,97.92,S
sky130_fd_sc_hd__tapvpwrvgnd_1,87.4,97.92,FS
VIA_via3_4_2000_480_1_5_400_400,90.14,97.92,N
VIA_via2_3_2000_480_1_6_320_320,90.14,97.92,N
VIA_via4_5_2000_480_1_5_400_400,90.14,97.92,N
sky130_fd_sc_hd__tapvpwrvgnd_1,100.28,97.92,N
sky130_fd_sc_hd__o21a_2,111.78,97.92,N
sky130_fd_sc_hd__and2_2,111.78,97.92,FN
sky130_fd_sc_hd__a31o_2,113.16,97.92,S
sky130_fd_sc_hd__tapvpwrvgnd_1,113.16,97.92,FS
sky130_fd_sc_hd__dfrtp_2,115.0,97.92,N
VIA_via4_5_2000_480_1_5_400_400,120.14,97.92,N
VIA_via2_3_2000_480_1_6_320_320,120.14,97.92,N
VIA_via3_4_2000_480_1_5_400_400,120.14,97.92,N
sky130_fd_sc_hd__dfrtp_2,123.28,97.92,FS
sky130_fd_sc_hd__dfrtp_2,123.28,97.92,S
sky130_fd_sc_hd__tapvpwrvgnd_1,126.04,97.92,N
sky130_fd_sc_hd__tapvpwrvgnd_1,138.92,97.92,FS
VIA_via2_3_2000_480_1_6_320_320,150.14,97.92,N
VIA_via4_5_2000_480_1_5_400_400,150.14,97.92,N
VIA_via3_4_2000_480_1_5_400_400,150.14,97.92,N
sky130_fd_sc_hd__tapvpwrvgnd_1,151.8,97.92,N
sky130_fd_sc_hd__tapvpwrvgnd_1,164.68,97.92,FS
sky130_fd_sc_hd__and2_2,168.36,97.92,N
sky130_fd_sc_hd__o21bai_2,170.2,97.92,FS
sky130_fd_sc_hd__nand2_2,170.2,97.92,S
sky130_fd_sc_hd__o22a_2,171.12,97.92,N
sky130_fd_sc_hd__nand2_2,177.1,97.92,FN
sky130_fd_sc_hd__tapvpwrvgnd_1,177.56,97.92,N
sky130_fd_sc_hd__nor3_2,178.02,97.92,S
VIA_via2_3_2000_480_1_6_320_320,180.14,97.92,N
VIA_via4_5_2000_480_1_5_400_400,180.14,97.92,N
VIA_via3_4_2000_480_1_5_400_400,180.14,97.92,N
sky130_fd_sc_hd__nand2b_2,181.24,97.92,S
sky130_fd_sc_hd__decap_3,189.98,97.92,S
sky130_fd_sc_hd__decap_3,189.98,97.92,FN
VIA_M1M2_PR,24.61,98.43,N
VIA_L1M1_PR_MR,26.91,98.43,N
VIA_M1M2_PR,26.91,98.43,N
VIA_L1M1_PR_MR,27.37,98.43,N
VIA_M1M2_PR,34.27,98.43,N
VIA_L1M1_PR_MR,37.95,98.43,N
VIA_M1M2_PR,58.65,98.43,N
VIA_L1M1_PR_MR,80.73,98.43,N
VIA_L1M1_PR_MR,109.71,98.43,N
VIA_M1M2_PR,109.71,98.43,N
VIA_M1M2_PR,110.63,98.43,N
VIA_M1M2_PR,112.01,98.43,N
VIA_M1M2_PR,114.31,98.43,N
VIA_M1M2_PR,118.45,98.43,N
VIA_L1M1_PR_MR,123.97,98.43,N
VIA_M1M2_PR,123.97,98.43,N
VIA_M1M2_PR,172.73,98.43,N
VIA_M1M2_PR,177.33,98.43,N
VIA_L1M1_PR_MR,27.83,98.77,N
VIA_M1M2_PR,28.75,98.77,N
VIA_L1M1_PR_MR,30.59,98.77,N
VIA_M1M2_PR,37.03,98.77,N
VIA_M1M2_PR,38.87,98.77,N
VIA_L1M1_PR_MR,38.87,98.77,N
VIA_L1M1_PR_MR,83.49,98.77,N
VIA_M1M2_PR,88.55,98.77,N
VIA_M1M2_PR,92.69,98.77,N
VIA_M1M2_PR,110.17,98.77,N
VIA_L1M1_PR_MR,112.47,98.77,N
VIA_L1M1_PR_MR,116.61,98.77,N
VIA_M1M2_PR,123.51,98.77,N
VIA_M1M2_PR,127.19,98.77,N
VIA_M1M2_PR,141.91,98.77,N
VIA_L1M1_PR_MR,171.81,98.77,N
VIA_L1M1_PR_MR,175.03,98.77,N
VIA_M1M2_PR,25.07,99.11,N
VIA_L1M1_PR_MR,25.99,99.11,N
VIA_M1M2_PR,39.79,99.11,N
VIA_L1M1_PR_MR,39.79,99.11,N
VIA_L1M1_PR_MR,40.71,99.11,N
VIA_M1M2_PR,76.13,99.11,N
VIA_M1M2_PR,80.73,99.11,N
VIA_L1M1_PR_MR,80.73,99.11,N
VIA_M1M2_PR,81.65,99.11,N
VIA_L1M1_PR_MR,81.65,99.11,N
VIA_M1M2_PR,110.63,99.11,N
VIA_L1M1_PR_MR,110.63,99.11,N
VIA_L1M1_PR_MR,111.09,99.11,N
VIA_M1M2_PR,112.93,99.11,N
VIA_L1M1_PR_MR,113.39,99.11,N
VIA_M1M2_PR,114.31,99.11,N
VIA_L1M1_PR_MR,114.31,99.11,N
VIA_L1M1_PR_MR,114.77,99.11,N
VIA_M1M2_PR,168.13,99.11,N
VIA_L1M1_PR_MR,168.59,99.11,N
VIA_L1M1_PR_MR,169.51,99.11,N
VIA_L1M1_PR_MR,172.73,99.11,N
VIA_L1M1_PR_MR,173.19,99.11,N
VIA_M1M2_PR,173.65,99.11,N
VIA_L1M1_PR_MR,175.49,99.11,N
VIA_L1M1_PR_MR,176.41,99.11,N
VIA_M1M2_PR,178.25,99.11,N
VIA_L1M1_PR_MR,29.21,99.45,N
VIA_M1M2_PR,33.35,99.45,N
VIA_M1M2_PR,34.27,99.45,N
VIA_L1M1_PR_MR,37.95,99.45,N
VIA_M1M2_PR,71.53,99.45,N
VIA_L1M1_PR_MR,77.51,99.45,N
VIA_L1M1_PR_MR,78.89,99.45,N
VIA_M1M2_PR,78.89,99.45,N
VIA_M1M2_PR,81.19,99.45,N
VIA_L1M1_PR_MR,82.11,99.45,N
VIA_L1M1_PR_MR,115.23,99.45,N
VIA_M1M2_PR,124.43,99.45,N
VIA_M1M2_PR,171.81,99.45,N
VIA_L1M1_PR_MR,174.11,99.45,N
VIA_L1M1_PR_MR,174.57,99.45,N
VIA_M1M2_PR,175.03,99.45,N
VIA_M2M3_PR,30.59,99.62,N
VIA_M2M3_PR,37.95,99.62,N
VIA_M2M3_PR,152.49,99.62,N
VIA_M1M2_PR,28.75,99.79,N
VIA_L1M1_PR_MR,28.75,99.79,N
VIA_M1M2_PR,77.97,99.79,N
VIA_M1M2_PR,28.29,100.13,N
VIA_M1M2_PR,89.01,100.13,N
VIA_L1M1_PR_MR,90.85,100.13,N
VIA_M1M2_PR,122.13,100.13,N
VIA_L1M1_PR_MR,170.43,100.13,N
VIA_M1M2_PR,170.43,100.13,N
VIA_via3_4_2000_480_1_5_400_400,26.44,100.64,N
VIA_via4_5_2000_480_1_5_400_400,26.44,100.64,N
VIA_via2_3_2000_480_1_6_320_320,26.44,100.64,N
VIA_via3_4_2000_480_1_5_400_400,56.44,100.64,N
VIA_via4_5_2000_480_1_5_400_400,56.44,100.64,N
VIA_via2_3_2000_480_1_6_320_320,56.44,100.64,N
VIA_via2_3_2000_480_1_6_320_320,86.44,100.64,N
VIA_via3_4_2000_480_1_5_400_400,86.44,100.64,N
VIA_via4_5_2000_480_1_5_400_400,86.44,100.64,N
VIA_via4_5_2000_480_1_5_400_400,116.44,100.64,N
VIA_via2_3_2000_480_1_6_320_320,116.44,100.64,N
VIA_via3_4_2000_480_1_5_400_400,116.44,100.64,N
VIA_via4_5_2000_480_1_5_400_400,146.44,100.64,N
VIA_via2_3_2000_480_1_6_320_320,146.44,100.64,N
VIA_via3_4_2000_480_1_5_400_400,146.44,100.64,N
VIA_via3_4_2000_480_1_5_400_400,176.44,100.64,N
VIA_via4_5_2000_480_1_5_400_400,176.44,100.64,N
VIA_via2_3_2000_480_1_6_320_320,176.44,100.64,N
VIA_L1M1_PR_MR,77.05,101.15,N
VIA_M1M2_PR,78.89,101.15,N
VIA_M1M2_PR,79.81,101.15,N
VIA_L1M1_PR_MR,81.19,101.15,N
VIA_M1M2_PR,82.11,101.15,N
VIA_M1M2_PR,110.63,101.15,N
VIA_L1M1_PR_MR,114.31,101.15,N
VIA_M1M2_PR,117.99,101.15,N
VIA_M1M2_PR,24.61,101.49,N
VIA_L1M1_PR_MR,26.45,101.49,N
VIA_M1M2_PR,28.75,101.49,N
VIA_M1M2_PR,38.87,101.49,N
VIA_M1M2_PR,81.65,101.49,N
VIA_M1M2_PR,84.87,101.49,N
VIA_M1M2_PR,107.87,101.49,N
VIA_L1M1_PR_MR,121.21,101.49,N
VIA_M1M2_PR,122.13,101.49,N
VIA_L1M1_PR_MR,122.13,101.49,N
VIA_M1M2_PR,135.47,101.49,N
VIA_M3M4_PR,143.06,101.66,N
VIA_M2M3_PR,170.43,101.66,N
VIA_M1M2_PR,25.07,101.83,N
VIA_M1M2_PR,79.35,101.83,N
VIA_L1M1_PR_MR,79.81,101.83,N
VIA_L1M1_PR_MR,83.95,101.83,N
VIA_M1M2_PR,83.95,101.83,N
VIA_M1M2_PR,112.47,101.83,N
VIA_L1M1_PR_MR,116.15,101.83,N
VIA_M1M2_PR,117.07,101.83,N
VIA_L1M1_PR_MR,123.51,101.83,N
VIA_M1M2_PR,123.97,101.83,N
VIA_M1M2_PR,171.81,101.83,N
VIA_L1M1_PR_MR,27.83,102.17,N
VIA_L1M1_PR_MR,28.29,102.17,N
VIA_M1M2_PR,29.21,102.17,N
VIA_L1M1_PR_MR,30.59,102.17,N
VIA_M1M2_PR,30.59,102.17,N
VIA_M1M2_PR,31.51,102.17,N
VIA_L1M1_PR_MR,31.51,102.17,N
VIA_L1M1_PR_MR,32.43,102.17,N
VIA_M1M2_PR,32.43,102.17,N
VIA_M1M2_PR,34.27,102.17,N
VIA_L1M1_PR_MR,36.57,102.17,N
VIA_M1M2_PR,36.57,102.17,N
VIA_L1M1_PR_MR,37.49,102.17,N
VIA_L1M1_PR_MR,37.95,102.17,N
VIA_L1M1_PR_MR,78.89,102.17,N
VIA_L1M1_PR_MR,83.03,102.17,N
VIA_M1M2_PR,83.49,102.17,N
VIA_L1M1_PR_MR,85.33,102.17,N
VIA_M1M2_PR,89.01,102.17,N
VIA_L1M1_PR_MR,89.01,102.17,N
VIA_M1M2_PR,114.77,102.17,N
VIA_L1M1_PR_MR,114.77,102.17,N
VIA_M1M2_PR,119.37,102.17,N
VIA_L1M1_PR_MR,119.37,102.17,N
VIA_L1M1_PR_MR,119.83,102.17,N
VIA_M1M2_PR,121.67,102.17,N
VIA_M1M2_PR,123.05,102.17,N
VIA_L1M1_PR_MR,172.73,102.17,N
VIA_L1M1_PR_MR,173.19,102.17,N
VIA_L1M1_PR_MR,38.415,102.28,N
VIA_M2M3_PR,31.51,102.34,N
VIA_M2M3_PR,33.81,102.34,N
VIA_M3M4_PR,118.22,102.34,N
VIA_M2M3_PR,119.37,102.34,N
VIA_L1M1_PR_MR,26.45,102.51,N
VIA_M1M2_PR,32.89,102.51,N
VIA_L1M1_PR_MR,33.81,102.51,N
VIA_L1M1_PR_MR,39.79,102.51,N
VIA_M1M2_PR,41.17,102.51,N
VIA_L1M1_PR_MR,79.35,102.51,N
VIA_M1M2_PR,80.73,102.51,N
VIA_L1M1_PR_MR,88.55,102.51,N
VIA_M1M2_PR,175.03,102.51,N
VIA_L1M1_PR_MR,27.37,102.85,N
VIA_M1M2_PR,28.29,102.85,N
VIA_M1M2_PR,28.75,102.85,N
VIA_L1M1_PR_MR,29.21,102.85,N
VIA_M1M2_PR,34.27,102.85,N
VIA_L1M1_PR_MR,83.49,102.85,N
VIA_M1M2_PR,84.41,102.85,N
VIA_L1M1_PR_MR,86.25,102.85,N
VIA_M1M2_PR,92.69,102.85,N
VIA_M1M2_PR,115.23,102.85,N
VIA_L1M1_PR_MR,117.07,102.85,N
VIA_M1M2_PR,118.91,102.85,N
VIA_L1M1_PR_MR,118.91,102.85,N
VIA_M1M2_PR,121.67,102.85,N
VIA_M1M2_PR,135.93,102.85,N
VIA_L1M1_PR_MR,172.73,102.85,N
sky130_fd_sc_hd__decap_3,10.12,103.36,N
sky130_fd_sc_hd__decap_3,10.12,103.36,FS
sky130_fd_sc_hd__tapvpwrvgnd_1,23.0,103.36,N
sky130_fd_sc_hd__and4_2,26.22,103.36,FS
sky130_fd_sc_hd__xor2_2,27.14,103.36,N
sky130_fd_sc_hd__nand3b_2,29.9,103.36,FS
VIA_via2_3_2000_480_1_6_320_320,30.14,103.36,N
VIA_via3_4_2000_480_1_5_400_400,30.14,103.36,N
VIA_via4_5_2000_480_1_5_400_400,30.14,103.36,N
sky130_fd_sc_hd__tapvpwrvgnd_1,35.88,103.36,FS
sky130_fd_sc_hd__o211a_2,36.34,103.36,FS
sky130_fd_sc_hd__dfrtp_2,42.78,103.36,FN
sky130_fd_sc_hd__tapvpwrvgnd_1,48.76,103.36,N
VIA_via4_5_2000_480_1_5_400_400,60.14,103.36,N
VIA_via3_4_2000_480_1_5_400_400,60.14,103.36,N
VIA_via2_3_2000_480_1_6_320_320,60.14,103.36,N
sky130_fd_sc_hd__tapvpwrvgnd_1,61.64,103.36,FS
sky130_fd_sc_hd__tapvpwrvgnd_1,74.52,103.36,N
sky130_fd_sc_hd__inv_2,75.9,103.36,N
sky130_fd_sc_hd__mux2_1,76.82,103.36,FS
sky130_fd_sc_hd__a22o_2,77.28,103.36,N
sky130_fd_sc_hd__mux2_1,80.96,103.36,FS
sky130_fd_sc_hd__buf_2,85.1,103.36,FS
sky130_fd_sc_hd__or4bb_2,85.56,103.36,FN
sky130_fd_sc_hd__tapvpwrvgnd_1,87.4,103.36,FS
sky130_fd_sc_hd__inv_2,89.24,103.36,S
VIA_via3_4_2000_480_1_5_400_400,90.14,103.36,N
VIA_via4_5_2000_480_1_5_400_400,90.14,103.36,N
VIA_via2_3_2000_480_1_6_320_320,90.14,103.36,N
sky130_fd_sc_hd__tapvpwrvgnd_1,100.28,103.36,N
sky130_fd_sc_hd__tapvpwrvgnd_1,113.16,103.36,FS
sky130_fd_sc_hd__inv_2,115.0,103.36,S
sky130_fd_sc_hd__and4bb_2,115.92,103.36,FS
sky130_fd_sc_hd__a31o_2,116.84,103.36,FN
sky130_fd_sc_hd__o21a_2,120.06,103.36,FN
VIA_via3_4_2000_480_1_5_400_400,120.14,103.36,N
VIA_via4_5_2000_480_1_5_400_400,120.14,103.36,N
VIA_via2_3_2000_480_1_6_320_320,120.14,103.36,N
sky130_fd_sc_hd__nand2b_2,123.28,103.36,FN
sky130_fd_sc_hd__and2b_2,123.74,103.36,S
sky130_fd_sc_hd__tapvpwrvgnd_1,126.04,103.36,N
sky130_fd_sc_hd__tapvpwrvgnd_1,138.92,103.36,FS
VIA_via2_3_2000_480_1_6_320_320,150.14,103.36,N
VIA_via3_4_2000_480_1_5_400_400,150.14,103.36,N
VIA_via4_5_2000_480_1_5_400_400,150.14,103.36,N
sky130_fd_sc_hd__tapvpwrvgnd_1,151.8,103.36,N
sky130_fd_sc_hd__tapvpwrvgnd_1,164.68,103.36,FS
sky130_fd_sc_hd__nor2_2,172.04,103.36,FS
sky130_fd_sc_hd__tapvpwrvgnd_1,177.56,103.36,N
VIA_via4_5_2000_480_1_5_400_400,180.14,103.36,N
VIA_via2_3_2000_480_1_6_320_320,180.14,103.36,N
VIA_via3_4_2000_480_1_5_400_400,180.14,103.36,N
sky130_fd_sc_hd__decap_3,189.98,103.36,FN
sky130_fd_sc_hd__decap_3,189.98,103.36,S
VIA_M1M2_PR,33.81,103.87,N
VIA_L1M1_PR_MR,33.81,103.87,N
VIA_L1M1_PR_MR,76.59,103.87,N
VIA_M1M2_PR,78.89,103.87,N
VIA_L1M1_PR_MR,81.65,103.87,N
VIA_M1M2_PR,112.01,103.87,N
VIA_L1M1_PR_MR,114.77,103.87,N
VIA_L1M1_PR_MR,115.23,103.87,N
VIA_M1M2_PR,115.69,103.87,N
VIA_M1M2_PR,118.91,103.87,N
VIA_M1M2_PR,131.33,103.87,N
VIA_M1M2_PR,134.55,103.87,N
VIA_L1M1_PR_MR,31.51,104.21,N
VIA_M1M2_PR,31.51,104.21,N
VIA_M1M2_PR,37.49,104.21,N
VIA_M1M2_PR,41.17,104.21,N
VIA_L1M1_PR_MR,41.17,104.21,N
VIA_M1M2_PR,70.61,104.21,N
VIA_M1M2_PR,112.93,104.21,N
VIA_L1M1_PR_MR,113.85,104.21,N
VIA_M1M2_PR,118.45,104.21,N
VIA_L1M1_PR_MR,121.67,104.21,N
VIA_M1M2_PR,124.89,104.21,N
VIA_M2M3_PR,112.93,104.38,N
VIA_M2M3_PR,119.37,104.38,N
VIA_L1M1_PR_MR,27.83,104.55,N
VIA_M1M2_PR,28.75,104.55,N
VIA_M1M2_PR,30.13,104.55,N
VIA_L1M1_PR_MR,76.13,104.55,N
VIA_M1M2_PR,76.13,104.55,N
VIA_M1M2_PR,77.51,104.55,N
VIA_L1M1_PR_MR,77.51,104.55,N
VIA_L1M1_PR_MR,78.43,104.55,N
VIA_M1M2_PR,78.89,104.55,N
VIA_L1M1_PR_MR,78.89,104.55,N
VIA_M1M2_PR,79.35,104.55,N
VIA_L1M1_PR_MR,79.375,104.55,N
VIA_M1M2_PR,80.27,104.55,N
VIA_L1M1_PR_MR,82.57,104.55,N
VIA_M1M2_PR,82.57,104.55,N
VIA_L1M1_PR_MR,84.41,104.55,N
VIA_M1M2_PR,115.23,104.55,N
VIA_L1M1_PR_MR,115.69,104.55,N
VIA_L1M1_PR_MR,117.11,104.55,N
VIA_M1M2_PR,117.99,104.55,N
VIA_L1M1_PR_MR,120.29,104.55,N
VIA_M1M2_PR,122.13,104.55,N
VIA_L1M1_PR_MR,122.59,104.55,N
VIA_M1M2_PR,29.21,104.89,N
VIA_M1M2_PR,33.35,104.89,N
VIA_L1M1_PR_MR,42.55,104.89,N
VIA_M1M2_PR,77.97,104.89,N
VIA_M1M2_PR,81.65,104.89,N
VIA_M1M2_PR,82.11,104.89,N
VIA_L1M1_PR_MR,84.87,104.89,N
VIA_L1M1_PR_MR,116.61,104.89,N
VIA_L1M1_PR_MR,118.45,104.89,N
VIA_M1M2_PR,119.37,104.89,N
VIA_M1M2_PR,148.35,104.89,N
VIA_M1M2_PR,79.81,105.23,N
VIA_M1M2_PR,117.07,105.23,N
VIA_L1M1_PR_MR,117.53,105.23,N
VIA_M1M2_PR,32.43,105.57,N
VIA_L1M1_PR_MR,80.27,105.57,N
VIA_M1M2_PR,80.73,105.57,N
VIA_L1M1_PR_MR,82.57,105.57,N
VIA_M1M2_PR,94.53,105.57,N
VIA_M1M2_PR,114.77,105.57,N
VIA_M1M2_PR,115.69,105.57,N
VIA_M1M2_PR,118.45,105.57,N
VIA_L1M1_PR_MR,119.37,105.57,N
VIA_M1M2_PR,123.05,105.57,N
VIA_via3_4_2000_480_1_5_400_400,26.44,106.08,N
VIA_via4_5_2000_480_1_5_400_400,26.44,106.08,N
VIA_via2_3_2000_480_1_6_320_320,26.44,106.08,N
VIA_via4_5_2000_480_1_5_400_400,56.44,106.08,N
VIA_via2_3_2000_480_1_6_320_320,56.44,106.08,N
VIA_via3_4_2000_480_1_5_400_400,56.44,106.08,N
VIA_via2_3_2000_480_1_6_320_320,86.44,106.08,N
VIA_via3_4_2000_480_1_5_400_400,86.44,106.08,N
VIA_via4_5_2000_480_1_5_400_400,86.44,106.08,N
VIA_via4_5_2000_480_1_5_400_400,116.44,106.08,N
VIA_via2_3_2000_480_1_6_320_320,116.44,106.08,N
VIA_via3_4_2000_480_1_5_400_400,116.44,106.08,N
VIA_via2_3_2000_480_1_6_320_320,146.44,106.08,N
VIA_via3_4_2000_480_1_5_400_400,146.44,106.08,N
VIA_via4_5_2000_480_1_5_400_400,146.44,106.08,N
VIA_via3_4_2000_480_1_5_400_400,176.44,106.08,N
VIA_via2_3_2000_480_1_6_320_320,176.44,106.08,N
VIA_via4_5_2000_480_1_5_400_400,176.44,106.08,N
VIA_L1M1_PR_MR,27.37,106.59,N
VIA_M1M2_PR,27.83,106.59,N
VIA_L1M1_PR_MR,34.27,106.59,N
VIA_M1M2_PR,36.57,106.59,N
VIA_M1M2_PR,80.27,106.59,N
VIA_L1M1_PR_MR,80.27,106.59,N
VIA_M1M2_PR,81.65,106.59,N
VIA_M1M2_PR,82.57,106.59,N
VIA_M1M2_PR,100.97,106.59,N
VIA_L1M1_PR_MR,117.53,106.59,N
VIA_M1M2_PR,118.45,106.59,N
VIA_M1M2_PR,122.59,106.59,N
VIA_M1M2_PR,29.21,106.93,N
VIA_L1M1_PR_MR,82.11,106.93,N
VIA_M1M2_PR,83.95,106.93,N
VIA_M1M2_PR,115.23,106.93,N
VIA_M1M2_PR,117.99,106.93,N
VIA_L1M1_PR_MR,118.91,106.93,N
VIA_M2M3_PR,78.43,107.1,N
VIA_M2M3_PR,82.11,107.1,N
VIA_M1M2_PR,31.97,107.27,N
VIA_L1M1_PR_MR,31.97,107.27,N
VIA_M1M2_PR,37.95,107.27,N
VIA_M1M2_PR,76.13,107.27,N
VIA_M1M2_PR,111.09,107.27,N
VIA_M1M2_PR,114.77,107.27,N
VIA_L1M1_PR_MR,173.65,107.27,N
VIA_M1M2_PR,182.85,107.27,N
VIA_L1M1_PR_MR,83.485,107.56,N
VIA_L1M1_PR_MR,28.29,107.61,N
VIA_L1M1_PR_MR,29.21,107.61,N
VIA_L1M1_PR_MR,29.67,107.61,N
VIA_M1M2_PR,30.13,107.61,N
VIA_L1M1_PR_MR,31.05,107.61,N
VIA_L1M1_PR_MR,32.43,107.61,N
VIA_M1M2_PR,32.89,107.61,N
VIA_L1M1_PR_MR,33.35,107.61,N
VIA_L1M1_PR_MR,33.81,107.61,N
VIA_M1M2_PR,73.37,107.61,N
VIA_L1M1_PR_MR,73.37,107.61,N
VIA_L1M1_PR_MR,77.51,107.61,N
VIA_M1M2_PR,77.97,107.61,N
VIA_M1M2_PR,78.43,107.61,N
VIA_L1M1_PR_MR,78.89,107.61,N
VIA_L1M1_PR_MR,79.81,107.61,N
VIA_M1M2_PR,79.81,107.61,N
VIA_L1M1_PR_MR,80.27,107.61,N
VIA_L1M1_PR_MR,83.95,107.61,N
VIA_M1M2_PR,84.41,107.61,N
VIA_L1M1_PR_MR,84.41,107.61,N
VIA_L1M1_PR_MR,85.33,107.61,N
VIA_M1M2_PR,112.01,107.61,N
VIA_L1M1_PR_MR,113.85,107.61,N
VIA_L1M1_PR_MR,115.23,107.61,N
VIA_L1M1_PR_MR,117.07,107.61,N
VIA_L1M1_PR_MR,117.53,107.61,N
VIA_L1M1_PR_MR,127.65,107.61,N
VIA_M1M2_PR,127.65,107.61,N
VIA_L1M1_PR_MR,169.97,107.61,N
VIA_L1M1_PR_MR,172.73,107.61,N
VIA_M1M2_PR,173.19,107.61,N
VIA_L1M1_PR_MR,175.03,107.61,N
VIA_M1M2_PR,175.03,107.61,N
VIA_M1M2_PR,175.95,107.61,N
VIA_L1M1_PR_MR,175.95,107.61,N
VIA_L1M1_PR_MR,71.07,107.95,N
VIA_M1M2_PR,79.35,107.95,N
VIA_M1M2_PR,82.57,107.95,N
VIA_M1M2_PR,84.87,107.95,N
VIA_M1M2_PR,118.45,107.95,N
VIA_M1M2_PR,122.59,107.95,N
VIA_M1M2_PR,123.97,107.95,N
VIA_L1M1_PR_MR,126.27,107.95,N
VIA_M1M2_PR,126.27,107.95,N
VIA_M1M2_PR,170.89,107.95,N
VIA_L1M1_PR_MR,171.35,107.95,N
VIA_L1M1_PR_MR,174.57,107.95,N
VIA_M1M2_PR,32.89,108.29,N
VIA_M1M2_PR,78.43,108.29,N
VIA_M1M2_PR,79.81,108.29,N
VIA_L1M1_PR_MR,81.19,108.29,N
VIA_M1M2_PR,83.03,108.29,N
VIA_M1M2_PR,125.81,108.29,N
VIA_M1M2_PR,169.97,108.29,N
VIA_L1M1_PR_MR,171.81,108.29,N
VIA_M1M2_PR,171.81,108.29,N
sky130_fd_sc_hd__decap_3,10.12,108.8,N
sky130_fd_sc_hd__decap_3,10.12,108.8,FS
sky130_fd_sc_hd__tapvpwrvgnd_1,23.0,108.8,N
sky130_fd_sc_hd__a21o_2,26.68,108.8,FS
sky130_fd_sc_hd__dfrtp_2,28.98,108.8,N
VIA_via2_3_2000_480_1_6_320_320,30.14,108.8,N
VIA_via4_5_2000_480_1_5_400_400,30.14,108.8,N
VIA_via3_4_2000_480_1_5_400_400,30.14,108.8,N
sky130_fd_sc_hd__nand3_2,33.58,108.8,S
sky130_fd_sc_hd__inv_2,33.58,108.8,FS
sky130_fd_sc_hd__tapvpwrvgnd_1,35.88,108.8,FS
sky130_fd_sc_hd__tapvpwrvgnd_1,48.76,108.8,N
VIA_via2_3_2000_480_1_6_320_320,60.14,108.8,N
VIA_via4_5_2000_480_1_5_400_400,60.14,108.8,N
VIA_via3_4_2000_480_1_5_400_400,60.14,108.8,N
sky130_fd_sc_hd__tapvpwrvgnd_1,61.64,108.8,FS
sky130_fd_sc_hd__clkbuf_4,70.38,108.8,FS
sky130_fd_sc_hd__clkbuf_8,73.14,108.8,FS
sky130_fd_sc_hd__tapvpwrvgnd_1,74.52,108.8,N
sky130_fd_sc_hd__nand2_2,76.36,108.8,N
sky130_fd_sc_hd__or4_2,78.66,108.8,FS
sky130_fd_sc_hd__dfrtp_2,79.12,108.8,N
sky130_fd_sc_hd__o211a_2,85.56,108.8,S
sky130_fd_sc_hd__tapvpwrvgnd_1,87.4,108.8,FS
VIA_via2_3_2000_480_1_6_320_320,90.14,108.8,N
VIA_via4_5_2000_480_1_5_400_400,90.14,108.8,N
VIA_via3_4_2000_480_1_5_400_400,90.14,108.8,N
sky130_fd_sc_hd__clkbuf_8,93.84,108.8,FN
sky130_fd_sc_hd__tapvpwrvgnd_1,100.28,108.8,N
sky130_fd_sc_hd__tapvpwrvgnd_1,113.16,108.8,FS
sky130_fd_sc_hd__nand4_2,118.22,108.8,S
VIA_via4_5_2000_480_1_5_400_400,120.14,108.8,N
VIA_via3_4_2000_480_1_5_400_400,120.14,108.8,N
VIA_via2_3_2000_480_1_6_320_320,120.14,108.8,N
sky130_fd_sc_hd__dfrtp_2,124.66,108.8,FN
sky130_fd_sc_hd__tapvpwrvgnd_1,126.04,108.8,N
sky130_fd_sc_hd__dfrtp_2,127.88,108.8,S
sky130_fd_sc_hd__tapvpwrvgnd_1,138.92,108.8,FS
VIA_via2_3_2000_480_1_6_320_320,150.14,108.8,N
VIA_via3_4_2000_480_1_5_400_400,150.14,108.8,N
VIA_via4_5_2000_480_1_5_400_400,150.14,108.8,N
sky130_fd_sc_hd__tapvpwrvgnd_1,151.8,108.8,N
sky130_fd_sc_hd__tapvpwrvgnd_1,164.68,108.8,FS
sky130_fd_sc_hd__conb_1,168.82,108.8,FS
sky130_fd_sc_hd__o22a_2,172.04,108.8,N
sky130_fd_sc_hd__a31o_2,172.04,108.8,FN
sky130_fd_sc_hd__a21o_2,174.34,108.8,S
sky130_fd_sc_hd__nor2_2,176.64,108.8,S
sky130_fd_sc_hd__tapvpwrvgnd_1,177.56,108.8,N
VIA_via2_3_2000_480_1_6_320_320,180.14,108.8,N
VIA_via3_4_2000_480_1_5_400_400,180.14,108.8,N
VIA_via4_5_2000_480_1_5_400_400,180.14,108.8,N
sky130_fd_sc_hd__decap_3,189.98,108.8,S
sky130_fd_sc_hd__decap_3,189.98,108.8,FN
VIA_M1M2_PR,31.51,109.31,N
VIA_M1M2_PR,37.95,109.31,N
VIA_L1M1_PR_MR,37.95,109.31,N
VIA_M1M2_PR,84.87,109.31,N
VIA_M1M2_PR,94.53,109.31,N
VIA_M1M2_PR,130.41,109.31,N
VIA_L1M1_PR_MR,169.97,109.31,N
VIA_M1M2_PR,169.97,109.31,N
VIA_M1M2_PR,170.43,109.31,N
VIA_L1M1_PR_MR,170.43,109.31,N
VIA_L1M1_PR_MR,30.59,109.65,N
VIA_M1M2_PR,35.65,109.65,N
VIA_M1M2_PR,37.49,109.65,N
VIA_L1M1_PR_MR,78.43,109.65,N
VIA_M1M2_PR,80.73,109.65,N
VIA_L1M1_PR_MR,80.73,109.65,N
VIA_M1M2_PR,88.55,109.65,N
VIA_M1M2_PR,89.93,109.65,N
VIA_L1M1_PR_MR,93.61,109.65,N
VIA_M1M2_PR,93.61,109.65,N
VIA_M1M2_PR,122.59,109.65,N
VIA_L1M1_PR_MR,123.05,109.65,N
VIA_M1M2_PR,123.05,109.65,N
VIA_M1M2_PR,131.33,109.65,N
VIA_M1M2_PR,170.89,109.65,N
VIA_L1M1_PR_MR,170.89,109.65,N
VIA_M2M3_PR,73.37,109.82,N
VIA_M2M3_PR,89.93,109.82,N
VIA_L1M1_PR_MR,76.59,109.99,N
VIA_M1M2_PR,76.59,109.99,N
VIA_L1M1_PR_MR,77.97,109.99,N
VIA_M1M2_PR,79.35,109.99,N
VIA_L1M1_PR_MR,79.35,109.99,N
VIA_L1M1_PR_MR,124.43,109.99,N
VIA_M1M2_PR,124.43,109.99,N
VIA_M1M2_PR,127.65,109.99,N
VIA_M1M2_PR,167.67,109.99,N
VIA_L1M1_PR_MR,169.05,109.99,N
VIA_L1M1_PR_MR,172.73,109.99,N
VIA_M1M2_PR,173.65,109.99,N
VIA_L1M1_PR_MR,173.65,109.99,N
VIA_M1M2_PR,174.11,109.99,N
VIA_L1M1_PR_MR,174.11,109.99,N
VIA_L1M1_PR_MR,29.21,110.33,N
VIA_M1M2_PR,33.35,110.33,N
VIA_M1M2_PR,78.89,110.33,N
VIA_M1M2_PR,82.57,110.33,N
VIA_L1M1_PR_MR,88.09,110.33,N
VIA_L1M1_PR_MR,89.47,110.33,N
VIA_L1M1_PR_MR,115.69,110.33,N
VIA_M1M2_PR,119.37,110.33,N
VIA_M1M2_PR,128.11,110.33,N
VIA_L1M1_PR_MR,171.81,110.33,N
VIA_L1M1_PR_MR,175.49,110.33,N
VIA_M1M2_PR,88.55,110.67,N
VIA_M1M2_PR,174.57,110.67,N
VIA_M1M2_PR,175.95,110.67,N
VIA_M1M2_PR,77.97,111.01,N
VIA_M1M2_PR,81.19,111.01,N
VIA_M1M2_PR,170.43,111.01,N
VIA_M1M2_PR,172.73,111.01,N
VIA_L1M1_PR_MR,175.03,111.01,N
VIA_via2_3_2000_480_1_6_320_320,26.44,111.52,N
VIA_via4_5_2000_480_1_5_400_400,26.44,111.52,N
VIA_via3_4_2000_480_1_5_400_400,26.44,111.52,N
VIA_via2_3_2000_480_1_6_320_320,56.44,111.52,N
VIA_via3_4_2000_480_1_5_400_400,56.44,111.52,N
VIA_via4_5_2000_480_1_5_400_400,56.44,111.52,N
VIA_via3_4_2000_480_1_5_400_400,86.44,111.52,N
VIA_via2_3_2000_480_1_6_320_320,86.44,111.52,N
VIA_via4_5_2000_480_1_5_400_400,86.44,111.52,N
VIA_via3_4_2000_480_1_5_400_400,116.44,111.52,N
VIA_via2_3_2000_480_1_6_320_320,116.44,111.52,N
VIA_via4_5_2000_480_1_5_400_400,116.44,111.52,N
VIA_via3_4_2000_480_1_5_400_400,146.44,111.52,N
VIA_via2_3_2000_480_1_6_320_320,146.44,111.52,N
VIA_via4_5_2000_480_1_5_400_400,146.44,111.52,N
VIA_via3_4_2000_480_1_5_400_400,176.44,111.52,N
VIA_via2_3_2000_480_1_6_320_320,176.44,111.52,N
VIA_via4_5_2000_480_1_5_400_400,176.44,111.52,N
VIA_M1M2_PR,94.99,112.03,N
VIA_L1M1_PR_MR,116.61,112.03,N
VIA_L1M1_PR_MR,121.67,112.03,N
VIA_M1M2_PR,126.27,112.03,N
VIA_L1M1_PR_MR,83.03,112.37,N
VIA_M1M2_PR,84.41,112.37,N
VIA_L1M1_PR_MR,117.53,112.37,N
VIA_M1M2_PR,117.99,112.37,N
VIA_M1M2_PR,172.73,112.37,N
VIA_M1M2_PR,174.57,112.37,N
VIA_L1M1_PR_MR,118.91,112.71,N
VIA_M1M2_PR,119.37,112.71,N
VIA_M1M2_PR,167.67,112.71,N
VIA_L1M1_PR_MR,167.67,112.71,N
VIA_L1M1_PR_MR,168.59,112.71,N
VIA_L1M1_PR_MR,176.87,112.71,N
VIA_L1M1_PR_MR,179.63,112.71,N
VIA_M1M2_PR,76.59,113.05,N
VIA_L1M1_PR_MR,81.19,113.05,N
VIA_L1M1_PR_MR,82.11,113.05,N
VIA_M1M2_PR,82.57,113.05,N
VIA_L1M1_PR_MR,119.83,113.05,N
VIA_M1M2_PR,122.13,113.05,N
VIA_L1M1_PR_MR,122.13,113.05,N
VIA_L1M1_PR_MR,169.51,113.05,N
VIA_M1M2_PR,170.89,113.05,N
VIA_L1M1_PR_MR,170.89,113.05,N
VIA_L1M1_PR_MR,171.35,113.05,N
VIA_M1M2_PR,171.81,113.05,N
VIA_L1M1_PR_MR,173.65,113.05,N
VIA_L1M1_PR_MR,174.11,113.05,N
VIA_L1M1_PR_MR,175.03,113.05,N
VIA_L1M1_PR_MR,176.41,113.05,N
VIA_M1M2_PR,176.41,113.05,N
VIA_M1M2_PR,177.79,113.05,N
VIA_L1M1_PR_MR,177.79,113.05,N
VIA_M2M3_PR,117.99,113.22,N
VIA_M3M4_PR,118.22,113.22,N
VIA_L1M1_PR_MR,85.33,113.39,N
VIA_M1M2_PR,88.55,113.39,N
VIA_M1M2_PR,169.97,113.39,N
VIA_M1M2_PR,174.57,113.39,N
VIA_M1M2_PR,178.25,113.39,N
VIA_L1M1_PR_MR,171.81,113.73,N
VIA_M1M2_PR,173.19,113.73,N
VIA_M1M2_PR,173.65,113.73,N
VIA_L1M1_PR_MR,177.79,113.73,N
VIA_M1M2_PR,178.71,113.73,N
sky130_fd_sc_hd__decap_3,10.12,114.24,FS
sky130_fd_sc_hd__decap_3,10.12,114.24,N
sky130_fd_sc_hd__tapvpwrvgnd_1,23.0,114.24,N
VIA_via3_4_2000_480_1_5_400_400,30.14,114.24,N
VIA_via4_5_2000_480_1_5_400_400,30.14,114.24,N
VIA_via2_3_2000_480_1_6_320_320,30.14,114.24,N
sky130_fd_sc_hd__tapvpwrvgnd_1,35.88,114.24,FS
sky130_fd_sc_hd__tapvpwrvgnd_1,48.76,114.24,N
VIA_via2_3_2000_480_1_6_320_320,60.14,114.24,N
VIA_via4_5_2000_480_1_5_400_400,60.14,114.24,N
VIA_via3_4_2000_480_1_5_400_400,60.14,114.24,N
sky130_fd_sc_hd__tapvpwrvgnd_1,61.64,114.24,FS
sky130_fd_sc_hd__tapvpwrvgnd_1,74.52,114.24,N
sky130_fd_sc_hd__or2_2,80.96,114.24,FS
sky130_fd_sc_hd__clkbuf_4,84.64,114.24,FS
sky130_fd_sc_hd__tapvpwrvgnd_1,87.4,114.24,FS
VIA_via2_3_2000_480_1_6_320_320,90.14,114.24,N
VIA_via3_4_2000_480_1_5_400_400,90.14,114.24,N
VIA_via4_5_2000_480_1_5_400_400,90.14,114.24,N
sky130_fd_sc_hd__tapvpwrvgnd_1,100.28,114.24,N
sky130_fd_sc_hd__tapvpwrvgnd_1,113.16,114.24,FS
sky130_fd_sc_hd__dfrtp_2,115.92,114.24,N
sky130_fd_sc_hd__nand2b_2,115.92,114.24,FN
sky130_fd_sc_hd__nand2b_2,119.14,114.24,FS
sky130_fd_sc_hd__and2b_2,119.14,114.24,S
VIA_via3_4_2000_480_1_5_400_400,120.14,114.24,N
VIA_via2_3_2000_480_1_6_320_320,120.14,114.24,N
VIA_via4_5_2000_480_1_5_400_400,120.14,114.24,N
sky130_fd_sc_hd__tapvpwrvgnd_1,126.04,114.24,N
sky130_fd_sc_hd__tapvpwrvgnd_1,138.92,114.24,FS
VIA_via3_4_2000_480_1_5_400_400,150.14,114.24,N
VIA_via4_5_2000_480_1_5_400_400,150.14,114.24,N
VIA_via2_3_2000_480_1_6_320_320,150.14,114.24,N
sky130_fd_sc_hd__tapvpwrvgnd_1,151.8,114.24,N
sky130_fd_sc_hd__tapvpwrvgnd_1,164.68,114.24,FS
sky130_fd_sc_hd__nor4b_2,171.12,114.24,FS
sky130_fd_sc_hd__nor3_2,171.12,114.24,S
sky130_fd_sc_hd__and4b_2,173.42,114.24,N
sky130_fd_sc_hd__and4bb_2,173.42,114.24,FN
sky130_fd_sc_hd__a21oi_2,176.64,114.24,FS
sky130_fd_sc_hd__tapvpwrvgnd_1,177.56,114.24,N
sky130_fd_sc_hd__or3_2,178.02,114.24,N
VIA_via2_3_2000_480_1_6_320_320,180.14,114.24,N
VIA_via3_4_2000_480_1_5_400_400,180.14,114.24,N
VIA_via4_5_2000_480_1_5_400_400,180.14,114.24,N
sky130_fd_sc_hd__decap_3,189.98,114.24,S
sky130_fd_sc_hd__decap_3,189.98,114.24,FN
VIA_M1M2_PR,122.13,114.75,N
VIA_L1M1_PR_MR,124.89,114.75,N
VIA_M1M2_PR,169.97,114.75,N
VIA_L1M1_PR_MR,169.97,114.75,N
VIA_L1M1_PR_MR,170.43,114.75,N
VIA_M1M2_PR,170.89,114.75,N
VIA_M1M2_PR,177.79,114.75,N
VIA_M1M2_PR,122.59,115.09,N
VIA_L1M1_PR_MR,169.51,115.09,N
VIA_L1M1_PR_MR,173.65,115.09,N
VIA_M1M2_PR,174.57,115.09,N
VIA_L1M1_PR_MR,175.49,115.09,N
VIA_L1M1_PR_MR,175.95,115.09,N
VIA_L1M1_PR_MR,115.23,115.43,N
VIA_M1M2_PR,128.57,115.43,N
VIA_L1M1_PR_MR,172.27,115.43,N
VIA_M1M2_PR,174.11,115.43,N
VIA_L1M1_PR_MR,177.33,115.43,N
VIA_M1M2_PR,178.25,115.43,N
VIA_L1M1_PR_MR,178.25,115.43,N
VIA_L1M1_PR_MR,178.71,115.43,N
VIA_M1M2_PR,178.71,115.43,N
VIA_M1M2_PR,113.85,115.77,N
VIA_L1M1_PR_MR,113.85,115.77,N
VIA_M1M2_PR,114.31,115.77,N
VIA_L1M1_PR_MR,116.15,115.77,N
VIA_L1M1_PR_MR,117.53,115.77,N
VIA_M1M2_PR,172.73,115.77,N
VIA_L1M1_PR_MR,173.19,115.77,N
VIA_M1M2_PR,173.65,115.77,N
VIA_L1M1_PR_MR,173.65,115.77,N
VIA_L1M1_PR_MR,175.03,115.77,N
VIA_M1M2_PR,174.11,116.11,N
VIA_M1M2_PR,88.55,116.45,N
VIA_M1M2_PR,114.31,116.45,N
VIA_L1M1_PR_MR,114.77,116.45,N
VIA_M1M2_PR,173.65,116.45,N
VIA_M1M2_PR,176.41,116.45,N
VIA_L1M1_PR_MR,176.87,116.45,N
VIA_M1M2_PR,178.25,116.45,N
VIA_L1M1_PR_MR,178.25,116.45,N
VIA_L1M1_PR_MR,180.09,116.45,N
VIA_M1M2_PR,181.47,116.45,N
VIA_via3_4_2000_480_1_5_400_400,26.44,116.96,N
VIA_via4_5_2000_480_1_5_400_400,26.44,116.96,N
VIA_via2_3_2000_480_1_6_320_320,26.44,116.96,N
VIA_via4_5_2000_480_1_5_400_400,56.44,116.96,N
VIA_via3_4_2000_480_1_5_400_400,56.44,116.96,N
VIA_via2_3_2000_480_1_6_320_320,56.44,116.96,N
VIA_via3_4_2000_480_1_5_400_400,86.44,116.96,N
VIA_via4_5_2000_480_1_5_400_400,86.44,116.96,N
VIA_via2_3_2000_480_1_6_320_320,86.44,116.96,N
VIA_via2_3_2000_480_1_6_320_320,116.44,116.96,N
VIA_via4_5_2000_480_1_5_400_400,116.44,116.96,N
VIA_via3_4_2000_480_1_5_400_400,116.44,116.96,N
VIA_via4_5_2000_480_1_5_400_400,146.44,116.96,N
VIA_via2_3_2000_480_1_6_320_320,146.44,116.96,N
VIA_via3_4_2000_480_1_5_400_400,146.44,116.96,N
VIA_via2_3_2000_480_1_6_320_320,176.44,116.96,N
VIA_via3_4_2000_480_1_5_400_400,176.44,116.96,N
VIA_via4_5_2000_480_1_5_400_400,176.44,116.96,N
VIA_M1M2_PR,129.03,117.47,N
VIA_L1M1_PR_MR,175.49,117.47,N
VIA_via5_6_2000_2000_1_1_1600_1600,26.44,117.53,N
VIA_via5_6_2000_2000_1_1_1600_1600,56.44,117.53,N
VIA_via5_6_2000_2000_1_1_1600_1600,86.44,117.53,N
VIA_via5_6_2000_2000_1_1_1600_1600,116.44,117.53,N
VIA_via5_6_2000_2000_1_1_1600_1600,146.44,117.53,N
VIA_via5_6_2000_2000_1_1_1600_1600,176.44,117.53,N
VIA_M1M2_PR,113.85,117.81,N
VIA_L1M1_PR_MR,121.67,117.81,N
VIA_M1M2_PR,173.65,117.81,N
VIA_L1M1_PR_MR,118.91,118.15,N
VIA_L1M1_PR_MR,120.75,118.15,N
VIA_L1M1_PR_MR,170.43,118.15,N
VIA_L1M1_PR_MR,171.35,118.15,N
VIA_M1M2_PR,174.11,118.15,N
VIA_M1M2_PR,111.09,118.49,N
VIA_M1M2_PR,114.77,118.49,N
VIA_M1M2_PR,116.61,118.49,N
VIA_L1M1_PR_MR,122.13,118.49,N
VIA_M1M2_PR,122.13,118.49,N
VIA_M1M2_PR,169.51,118.49,N
VIA_M1M2_PR,170.89,118.49,N
VIA_L1M1_PR_MR,172.73,118.49,N
VIA_M1M2_PR,174.57,118.49,N
VIA_L1M1_PR_MR,174.57,118.49,N
VIA_L1M1_PR_MR,176.41,118.49,N
VIA_L1M1_PR_MR,176.87,118.49,N
VIA_M1M2_PR,177.79,118.49,N
VIA_L1M1_PR_MR,177.79,118.49,N
VIA_M1M2_PR,178.25,118.49,N
VIA_L1M1_PR_MR,178.25,118.49,N
VIA_M1M2_PR,116.15,118.83,N
VIA_L1M1_PR_MR,116.15,118.83,N
VIA_L1M1_PR_MR,117.99,118.83,N
VIA_M1M2_PR,118.91,118.83,N
VIA_L1M1_PR_MR,172.27,118.83,N
VIA_M1M2_PR,110.63,119.17,N
VIA_M1M2_PR,112.01,119.17,N
VIA_M1M2_PR,115.23,119.17,N
VIA_L1M1_PR_MR,117.07,119.17,N
VIA_L1M1_PR_MR,117.53,119.17,N
VIA_M1M2_PR,118.45,119.17,N
VIA_L1M1_PR_MR,119.83,119.17,N
VIA_M1M2_PR,169.97,119.17,N
VIA_L1M1_PR_MR,170.89,119.17,N
sky130_fd_sc_hd__decap_3,10.12,119.68,FS
sky130_fd_sc_hd__decap_3,10.12,119.68,N
sky130_fd_sc_hd__tapvpwrvgnd_1,23.0,119.68,N
VIA_via2_3_2000_480_1_6_320_320,30.14,119.68,N
VIA_via3_4_2000_480_1_5_400_400,30.14,119.68,N
VIA_via4_5_2000_480_1_5_400_400,30.14,119.68,N
sky130_fd_sc_hd__tapvpwrvgnd_1,35.88,119.68,FS
sky130_fd_sc_hd__tapvpwrvgnd_1,48.76,119.68,N
VIA_via2_3_2000_480_1_6_320_320,60.14,119.68,N
VIA_via4_5_2000_480_1_5_400_400,60.14,119.68,N
VIA_via3_4_2000_480_1_5_400_400,60.14,119.68,N
sky130_fd_sc_hd__tapvpwrvgnd_1,61.64,119.68,FS
sky130_fd_sc_hd__tapvpwrvgnd_1,74.52,119.68,N
sky130_fd_sc_hd__tapvpwrvgnd_1,87.4,119.68,FS
VIA_via4_5_2000_480_1_5_400_400,90.14,119.68,N
VIA_via3_4_2000_480_1_5_400_400,90.14,119.68,N
VIA_via2_3_2000_480_1_6_320_320,90.14,119.68,N
sky130_fd_sc_hd__tapvpwrvgnd_1,100.28,119.68,N
sky130_fd_sc_hd__tapvpwrvgnd_1,113.16,119.68,FS
sky130_fd_sc_hd__a31o_2,119.14,119.68,S
sky130_fd_sc_hd__o21a_2,119.14,119.68,FS
sky130_fd_sc_hd__nand4_2,119.6,119.68,FN
VIA_via4_5_2000_480_1_5_400_400,120.14,119.68,N
VIA_via2_3_2000_480_1_6_320_320,120.14,119.68,N
VIA_via3_4_2000_480_1_5_400_400,120.14,119.68,N
sky130_fd_sc_hd__and2b_2,122.82,119.68,FN
sky130_fd_sc_hd__tapvpwrvgnd_1,126.04,119.68,N
sky130_fd_sc_hd__tapvpwrvgnd_1,138.92,119.68,FS
VIA_via4_5_2000_480_1_5_400_400,150.14,119.68,N
VIA_via2_3_2000_480_1_6_320_320,150.14,119.68,N
VIA_via3_4_2000_480_1_5_400_400,150.14,119.68,N
sky130_fd_sc_hd__tapvpwrvgnd_1,151.8,119.68,N
sky130_fd_sc_hd__tapvpwrvgnd_1,164.68,119.68,FS
sky130_fd_sc_hd__a211oi_2,170.2,119.68,FS
sky130_fd_sc_hd__a211o_2,174.8,119.68,FS
sky130_fd_sc_hd__tapvpwrvgnd_1,177.56,119.68,N
VIA_via3_4_2000_480_1_5_400_400,180.14,119.68,N
VIA_via4_5_2000_480_1_5_400_400,180.14,119.68,N
VIA_via2_3_2000_480_1_6_320_320,180.14,119.68,N
sky130_fd_sc_hd__decap_3,189.98,119.68,S
sky130_fd_sc_hd__decap_3,189.98,119.68,FN
VIA_M1M2_PR,100.51,120.19,N
VIA_L1M1_PR_MR,120.29,120.19,N
VIA_M1M2_PR,113.85,120.53,N
VIA_M1M2_PR,116.15,120.53,N
VIA_M3M4_PR,80.5,120.7,N
VIA_M2M3_PR,93.61,120.7,N
VIA_M1M2_PR,115.23,120.87,N
VIA_L1M1_PR_MR,115.23,120.87,N
VIA_L1M1_PR_MR,115.69,120.87,N
VIA_L1M1_PR_MR,116.61,120.87,N
VIA_M1M2_PR,116.61,120.87,N
VIA_L1M1_PR_MR,118.45,120.87,N
VIA_M1M2_PR,118.91,120.87,N
VIA_L1M1_PR_MR,118.91,120.87,N
VIA_M1M2_PR,122.59,121.21,N
VIA_L1M1_PR_MR,122.59,121.21,N
VIA_via5_6_2000_2000_1_1_1600_1600,30.14,121.23,N
VIA_via5_6_2000_2000_1_1_1600_1600,60.14,121.23,N
VIA_via5_6_2000_2000_1_1_1600_1600,90.14,121.23,N
VIA_via5_6_2000_2000_1_1_1600_1600,120.14,121.23,N
VIA_via5_6_2000_2000_1_1_1600_1600,150.14,121.23,N
VIA_via5_6_2000_2000_1_1_1600_1600,180.14,121.23,N
VIA_L1M1_PR_MR,121.21,121.55,N
VIA_M1M2_PR,122.13,121.55,N
VIA_via3_4_2000_480_1_5_400_400,26.44,122.4,N
VIA_via4_5_2000_480_1_5_400_400,26.44,122.4,N
VIA_via2_3_2000_480_1_6_320_320,26.44,122.4,N
VIA_via3_4_2000_480_1_5_400_400,56.44,122.4,N
VIA_via4_5_2000_480_1_5_400_400,56.44,122.4,N
VIA_via2_3_2000_480_1_6_320_320,56.44,122.4,N
VIA_via2_3_2000_480_1_6_320_320,86.44,122.4,N
VIA_via4_5_2000_480_1_5_400_400,86.44,122.4,N
VIA_via3_4_2000_480_1_5_400_400,86.44,122.4,N
VIA_via3_4_2000_480_1_5_400_400,116.44,122.4,N
VIA_via2_3_2000_480_1_6_320_320,116.44,122.4,N
VIA_via4_5_2000_480_1_5_400_400,116.44,122.4,N
VIA_via2_3_2000_480_1_6_320_320,146.44,122.4,N
VIA_via3_4_2000_480_1_5_400_400,146.44,122.4,N
VIA_via4_5_2000_480_1_5_400_400,146.44,122.4,N
VIA_via2_3_2000_480_1_6_320_320,176.44,122.4,N
VIA_via3_4_2000_480_1_5_400_400,176.44,122.4,N
VIA_via4_5_2000_480_1_5_400_400,176.44,122.4,N
VIA_M1M2_PR,122.59,122.91,N
VIA_L1M1_PR_MR,123.05,122.91,N
VIA_M2M3_PR,135.01,123.42,N
VIA_M1M2_PR,114.31,123.59,N
VIA_L1M1_PR_MR,114.31,123.59,N
VIA_L1M1_PR_MR,115.69,123.59,N
VIA_M1M2_PR,118.45,123.59,N
VIA_M1M2_PR,123.05,124.27,N
sky130_fd_sc_hd__decap_3,10.12,125.12,N
sky130_fd_sc_hd__decap_3,10.12,125.12,FS
sky130_fd_sc_hd__tapvpwrvgnd_1,23.0,125.12,N
VIA_via3_4_2000_480_1_5_400_400,30.14,125.12,N
VIA_via4_5_2000_480_1_5_400_400,30.14,125.12,N
VIA_via2_3_2000_480_1_6_320_320,30.14,125.12,N
sky130_fd_sc_hd__tapvpwrvgnd_1,35.88,125.12,FS
sky130_fd_sc_hd__tapvpwrvgnd_1,48.76,125.12,N
VIA_via2_3_2000_480_1_6_320_320,60.14,125.12,N
VIA_via4_5_2000_480_1_5_400_400,60.14,125.12,N
VIA_via3_4_2000_480_1_5_400_400,60.14,125.12,N
sky130_fd_sc_hd__tapvpwrvgnd_1,61.64,125.12,FS
sky130_fd_sc_hd__tapvpwrvgnd_1,74.52,125.12,N
sky130_fd_sc_hd__tapvpwrvgnd_1,87.4,125.12,FS
VIA_via4_5_2000_480_1_5_400_400,90.14,125.12,N
VIA_via3_4_2000_480_1_5_400_400,90.14,125.12,N
VIA_via2_3_2000_480_1_6_320_320,90.14,125.12,N
sky130_fd_sc_hd__tapvpwrvgnd_1,100.28,125.12,N
sky130_fd_sc_hd__tapvpwrvgnd_1,113.16,125.12,FS
sky130_fd_sc_hd__dfrtp_2,114.08,125.12,FS
sky130_fd_sc_hd__and4b_2,115.0,125.12,N
VIA_via3_4_2000_480_1_5_400_400,120.14,125.12,N
VIA_via4_5_2000_480_1_5_400_400,120.14,125.12,N
VIA_via2_3_2000_480_1_6_320_320,120.14,125.12,N
sky130_fd_sc_hd__tapvpwrvgnd_1,126.04,125.12,N
sky130_fd_sc_hd__tapvpwrvgnd_1,138.92,125.12,FS
VIA_via3_4_2000_480_1_5_400_400,150.14,125.12,N
VIA_via4_5_2000_480_1_5_400_400,150.14,125.12,N
VIA_via2_3_2000_480_1_6_320_320,150.14,125.12,N
sky130_fd_sc_hd__tapvpwrvgnd_1,151.8,125.12,N
sky130_fd_sc_hd__tapvpwrvgnd_1,164.68,125.12,FS
sky130_fd_sc_hd__conb_1,170.2,125.12,N
sky130_fd_sc_hd__tapvpwrvgnd_1,177.56,125.12,N
VIA_via3_4_2000_480_1_5_400_400,180.14,125.12,N
VIA_via2_3_2000_480_1_6_320_320,180.14,125.12,N
VIA_via4_5_2000_480_1_5_400_400,180.14,125.12,N
sky130_fd_sc_hd__decap_3,189.98,125.12,FN
sky130_fd_sc_hd__decap_3,189.98,125.12,S
VIA_M1M2_PR,112.47,125.63,N
VIA_M1M2_PR,115.23,125.63,N
VIA_L1M1_PR_MR,117.07,125.63,N
VIA_L1M1_PR_MR,117.53,125.97,N
VIA_M1M2_PR,117.99,125.97,N
VIA_M1M2_PR,118.91,125.97,N
VIA_L1M1_PR_MR,118.91,125.97,N
VIA_L1M1_PR_MR,116.61,126.31,N
VIA_M1M2_PR,121.67,126.31,N
VIA_L1M1_PR_MR,115.23,126.65,N
VIA_M1M2_PR,118.91,126.65,N
VIA_M1M2_PR,123.51,126.65,N
VIA_M1M2_PR,135.47,127.33,N
VIA_L1M1_PR_MR,171.35,127.33,N
VIA_via3_4_2000_480_1_5_400_400,26.44,127.84,N
VIA_via2_3_2000_480_1_6_320_320,26.44,127.84,N
VIA_via4_5_2000_480_1_5_400_400,26.44,127.84,N
VIA_via3_4_2000_480_1_5_400_400,56.44,127.84,N
VIA_via4_5_2000_480_1_5_400_400,56.44,127.84,N
VIA_via2_3_2000_480_1_6_320_320,56.44,127.84,N
VIA_via4_5_2000_480_1_5_400_400,86.44,127.84,N
VIA_via2_3_2000_480_1_6_320_320,86.44,127.84,N
VIA_via3_4_2000_480_1_5_400_400,86.44,127.84,N
VIA_via3_4_2000_480_1_5_400_400,116.44,127.84,N
VIA_via2_3_2000_480_1_6_320_320,116.44,127.84,N
VIA_via4_5_2000_480_1_5_400_400,116.44,127.84,N
VIA_via2_3_2000_480_1_6_320_320,146.44,127.84,N
VIA_via3_4_2000_480_1_5_400_400,146.44,127.84,N
VIA_via4_5_2000_480_1_5_400_400,146.44,127.84,N
VIA_via3_4_2000_480_1_5_400_400,176.44,127.84,N
VIA_via4_5_2000_480_1_5_400_400,176.44,127.84,N
VIA_via2_3_2000_480_1_6_320_320,176.44,127.84,N
VIA_M1M2_PR,97.29,128.35,N
VIA_L1M1_PR_MR,111.09,128.35,N
VIA_M1M2_PR,169.51,128.35,N
VIA_L1M1_PR_MR,115.69,128.69,N
VIA_L1M1_PR_MR,171.81,128.69,N
VIA_L1M1_PR_MR,172.27,128.69,N
VIA_L1M1_PR_MR,175.49,128.69,N
VIA_L1M1_PR_MR,112.93,129.03,N
VIA_M1M2_PR,114.31,129.03,N
VIA_M1M2_PR,115.23,129.03,N
VIA_L1M1_PR_MR,123.05,129.03,N
VIA_L1M1_PR_MR,170.89,129.03,N
VIA_L1M1_PR_MR,174.11,129.03,N
VIA_M1M2_PR,174.57,129.03,N
VIA_M1M2_PR,175.03,129.03,N
VIA_L1M1_PR_MR,112.01,129.37,N
VIA_M1M2_PR,112.01,129.37,N
VIA_M1M2_PR,113.85,129.37,N
VIA_L1M1_PR_MR,114.77,129.37,N
VIA_L1M1_PR_MR,124.43,129.37,N
VIA_M1M2_PR,124.43,129.37,N
VIA_L1M1_PR_MR,168.13,129.37,N
VIA_M1M2_PR,169.05,129.37,N
VIA_L1M1_PR_MR,169.97,129.37,N
VIA_M1M2_PR,171.81,129.37,N
VIA_L1M1_PR_MR,177.33,129.37,N
VIA_L1M1_PR_MR,114.31,129.71,N
VIA_M1M2_PR,123.05,129.71,N
VIA_M1M2_PR,143.29,129.71,N
VIA_M1M2_PR,143.75,130.05,N
VIA_L1M1_PR_MR,168.59,130.05,N
VIA_L1M1_PR_MR,171.81,130.05,N
VIA_M1M2_PR,172.27,130.05,N
VIA_L1M1_PR_MR,175.03,130.05,N
sky130_fd_sc_hd__decap_3,10.12,130.56,FS
sky130_fd_sc_hd__decap_3,10.12,130.56,N
sky130_fd_sc_hd__tapvpwrvgnd_1,23.0,130.56,N
VIA_via4_5_2000_480_1_5_400_400,30.14,130.56,N
VIA_via3_4_2000_480_1_5_400_400,30.14,130.56,N
VIA_via2_3_2000_480_1_6_320_320,30.14,130.56,N
sky130_fd_sc_hd__tapvpwrvgnd_1,35.88,130.56,FS
sky130_fd_sc_hd__tapvpwrvgnd_1,48.76,130.56,N
VIA_via3_4_2000_480_1_5_400_400,60.14,130.56,N
VIA_via4_5_2000_480_1_5_400_400,60.14,130.56,N
VIA_via2_3_2000_480_1_6_320_320,60.14,130.56,N
sky130_fd_sc_hd__tapvpwrvgnd_1,61.64,130.56,FS
sky130_fd_sc_hd__tapvpwrvgnd_1,74.52,130.56,N
sky130_fd_sc_hd__tapvpwrvgnd_1,87.4,130.56,FS
VIA_via2_3_2000_480_1_6_320_320,90.14,130.56,N
VIA_via4_5_2000_480_1_5_400_400,90.14,130.56,N
VIA_via3_4_2000_480_1_5_400_400,90.14,130.56,N
sky130_fd_sc_hd__tapvpwrvgnd_1,100.28,130.56,N
sky130_fd_sc_hd__a31o_2,112.7,130.56,FN
sky130_fd_sc_hd__and2_2,113.16,130.56,S
sky130_fd_sc_hd__tapvpwrvgnd_1,113.16,130.56,FS
sky130_fd_sc_hd__inv_2,115.0,130.56,S
sky130_fd_sc_hd__a21o_2,115.92,130.56,FN
sky130_fd_sc_hd__and4bb_2,115.92,130.56,N
VIA_via2_3_2000_480_1_6_320_320,120.14,130.56,N
VIA_via3_4_2000_480_1_5_400_400,120.14,130.56,N
VIA_via4_5_2000_480_1_5_400_400,120.14,130.56,N
sky130_fd_sc_hd__o21a_2,120.52,130.56,N
sky130_fd_sc_hd__dfrtp_2,124.66,130.56,S
sky130_fd_sc_hd__nand2_2,126.04,130.56,FN
sky130_fd_sc_hd__tapvpwrvgnd_1,126.04,130.56,N
sky130_fd_sc_hd__tapvpwrvgnd_1,138.92,130.56,FS
VIA_via3_4_2000_480_1_5_400_400,150.14,130.56,N
VIA_via4_5_2000_480_1_5_400_400,150.14,130.56,N
VIA_via2_3_2000_480_1_6_320_320,150.14,130.56,N
sky130_fd_sc_hd__tapvpwrvgnd_1,151.8,130.56,N
sky130_fd_sc_hd__tapvpwrvgnd_1,164.68,130.56,FS
sky130_fd_sc_hd__nor2_2,165.6,130.56,N
sky130_fd_sc_hd__a21oi_2,167.9,130.56,N
sky130_fd_sc_hd__a21oi_2,171.12,130.56,S
sky130_fd_sc_hd__and2b_2,174.34,130.56,S
sky130_fd_sc_hd__o221a_2,175.26,130.56,FN
sky130_fd_sc_hd__and2b_2,177.56,130.56,S
sky130_fd_sc_hd__tapvpwrvgnd_1,177.56,130.56,N
VIA_via2_3_2000_480_1_6_320_320,180.14,130.56,N
VIA_via3_4_2000_480_1_5_400_400,180.14,130.56,N
VIA_via4_5_2000_480_1_5_400_400,180.14,130.56,N
sky130_fd_sc_hd__decap_3,189.98,130.56,FN
sky130_fd_sc_hd__decap_3,189.98,130.56,S
VIA_L1M1_PR_MR,110.63,131.07,N
VIA_M1M2_PR,110.63,131.07,N
VIA_L1M1_PR_MR,111.09,131.07,N
VIA_M1M2_PR,111.09,131.07,N
VIA_M1M2_PR,112.47,131.07,N
VIA_M1M2_PR,115.69,131.07,N
VIA_L1M1_PR_MR,118.91,131.07,N
VIA_M1M2_PR,118.91,131.07,N
VIA_L1M1_PR_MR,119.37,131.07,N
VIA_M1M2_PR,120.29,131.07,N
VIA_M1M2_PR,167.21,131.07,N
VIA_M1M2_PR,172.27,131.07,N
VIA_L1M1_PR_MR,109.71,131.41,N
VIA_L1M1_PR_MR,115.23,131.41,N
VIA_M1M2_PR,115.23,131.41,N
VIA_L1M1_PR_MR,117.07,131.41,N
VIA_L1M1_PR_MR,119.83,131.41,N
VIA_M1M2_PR,121.67,131.41,N
VIA_L1M1_PR_MR,111.55,131.75,N
VIA_M1M2_PR,112.93,131.75,N
VIA_L1M1_PR_MR,112.93,131.75,N
VIA_L1M1_PR_MR,113.39,131.75,N
VIA_M1M2_PR,113.85,131.75,N
VIA_L1M1_PR_MR,114.31,131.75,N
VIA_M1M2_PR,114.31,131.75,N
VIA_M1M2_PR,114.77,131.75,N
VIA_L1M1_PR_MR,116.15,131.75,N
VIA_M1M2_PR,117.53,131.75,N
VIA_M1M2_PR,117.99,131.75,N
VIA_L1M1_PR_MR,123.51,131.75,N
VIA_M1M2_PR,123.97,131.75,N
VIA_L1M1_PR_MR,124.43,131.75,N
VIA_L1M1_PR_MR,125.35,131.75,N
VIA_L1M1_PR_MR,166.29,131.75,N
VIA_M1M2_PR,166.75,131.75,N
VIA_M1M2_PR,167.21,131.75,N
VIA_L1M1_PR_MR,167.21,131.75,N
VIA_L1M1_PR_MR,168.13,131.75,N
VIA_M1M2_PR,168.59,131.75,N
VIA_L1M1_PR_MR,169.05,131.75,N
VIA_M1M2_PR,169.51,131.75,N
VIA_M1M2_PR,170.89,131.75,N
VIA_L1M1_PR_MR,170.89,131.75,N
VIA_L1M1_PR_MR,172.27,131.75,N
VIA_M1M2_PR,172.73,131.75,N
VIA_L1M1_PR_MR,174.115,131.75,N
VIA_L1M1_PR_MR,175.03,131.75,N
VIA_M1M2_PR,175.03,131.75,N
VIA_L1M1_PR_MR,112.47,132.09,N
VIA_L1M1_PR_MR,122.13,132.09,N
VIA_L1M1_PR_MR,123.05,132.09,N
VIA_M1M2_PR,126.73,132.09,N
VIA_L1M1_PR_MR,167.67,132.09,N
VIA_L1M1_PR_MR,173.19,132.09,N
VIA_L1M1_PR_MR,173.65,132.09,N
VIA_M2M3_PR,17.25,132.26,N
VIA_M1M2_PR,111.09,132.43,N
VIA_M1M2_PR,120.29,132.43,N
VIA_M1M2_PR,124.89,132.43,N
VIA_L1M1_PR_MR,125.35,132.43,N
VIA_L1M1_PR_MR,170.43,132.43,N
VIA_L1M1_PR_MR,171.35,132.43,N
VIA_M1M2_PR,171.35,132.43,N
VIA_M1M2_PR,172.27,132.43,N
VIA_M1M2_PR,174.57,132.43,N
VIA_M1M2_PR,177.79,132.43,N
VIA_M1M2_PR,79.81,132.77,N
VIA_M1M2_PR,81.19,132.77,N
VIA_M1M2_PR,113.39,132.77,N
VIA_L1M1_PR_MR,121.21,132.77,N
VIA_M1M2_PR,123.05,132.77,N
VIA_via3_4_2000_480_1_5_400_400,26.44,133.28,N
VIA_via4_5_2000_480_1_5_400_400,26.44,133.28,N
VIA_via2_3_2000_480_1_6_320_320,26.44,133.28,N
VIA_via3_4_2000_480_1_5_400_400,56.44,133.28,N
VIA_via4_5_2000_480_1_5_400_400,56.44,133.28,N
VIA_via2_3_2000_480_1_6_320_320,56.44,133.28,N
VIA_via4_5_2000_480_1_5_400_400,86.44,133.28,N
VIA_via2_3_2000_480_1_6_320_320,86.44,133.28,N
VIA_via3_4_2000_480_1_5_400_400,86.44,133.28,N
VIA_via2_3_2000_480_1_6_320_320,116.44,133.28,N
VIA_via3_4_2000_480_1_5_400_400,116.44,133.28,N
VIA_via4_5_2000_480_1_5_400_400,116.44,133.28,N
VIA_via2_3_2000_480_1_6_320_320,146.44,133.28,N
VIA_via3_4_2000_480_1_5_400_400,146.44,133.28,N
VIA_via4_5_2000_480_1_5_400_400,146.44,133.28,N
VIA_via3_4_2000_480_1_5_400_400,176.44,133.28,N
VIA_via4_5_2000_480_1_5_400_400,176.44,133.28,N
VIA_via2_3_2000_480_1_6_320_320,176.44,133.28,N
VIA_M1M2_PR,110.63,133.79,N
VIA_M1M2_PR,112.01,133.79,N
VIA_L1M1_PR_MR,112.01,133.79,N
VIA_M1M2_PR,117.99,133.79,N
VIA_L1M1_PR_MR,118.91,133.79,N
VIA_M1M2_PR,167.21,133.79,N
VIA_L1M1_PR_MR,168.59,133.79,N
VIA_M1M2_PR,170.89,133.79,N
VIA_L1M1_PR_MR,171.81,133.79,N
VIA_M1M2_PR,172.73,133.79,N
VIA_L1M1_PR_MR,174.57,133.79,N
VIA_M1M2_PR,175.03,133.79,N
VIA_M1M2_PR,114.77,134.13,N
VIA_M1M2_PR,137.77,134.13,N
VIA_L1M1_PR_MR,169.51,134.13,N
VIA_M1M2_PR,173.65,134.13,N
VIA_L1M1_PR_MR,177.79,134.13,N
VIA_M1M2_PR,79.81,134.47,N
VIA_L1M1_PR_MR,85.79,134.47,N
VIA_L1M1_PR_MR,87.17,134.47,N
VIA_M1M2_PR,88.55,134.47,N
VIA_M1M2_PR,110.63,134.47,N
VIA_L1M1_PR_MR,112.01,134.47,N
VIA_M1M2_PR,123.97,134.47,N
VIA_M1M2_PR,129.49,134.47,N
VIA_M1M2_PR,171.35,134.47,N
VIA_L1M1_PR_MR,111.55,134.81,N
VIA_L1M1_PR_MR,112.93,134.81,N
VIA_M1M2_PR,113.39,134.81,N
VIA_L1M1_PR_MR,114.31,134.81,N
VIA_L1M1_PR_MR,114.77,134.81,N
VIA_M1M2_PR,116.15,134.81,N
VIA_L1M1_PR_MR,116.15,134.81,N
VIA_L1M1_PR_MR,117.53,134.81,N
VIA_L1M1_PR_MR,117.99,134.81,N
VIA_L1M1_PR_MR,127.65,134.81,N
VIA_M1M2_PR,127.65,134.81,N
VIA_L1M1_PR_MR,166.75,134.81,N
VIA_M1M2_PR,166.75,134.81,N
VIA_L1M1_PR_MR,170.43,134.81,N
VIA_L1M1_PR_MR,173.65,134.81,N
VIA_M1M2_PR,174.11,134.81,N
VIA_L1M1_PR_MR,175.03,134.81,N
VIA_M1M2_PR,175.03,134.81,N
VIA_L1M1_PR_MR,176.41,134.81,N
VIA_M1M2_PR,176.87,134.81,N
VIA_L1M1_PR_MR,177.33,134.81,N
VIA_M1M2_PR,177.79,134.81,N
VIA_L1M1_PR_MR,178.25,134.81,N
VIA_M2M3_PR,110.63,134.98,N
VIA_M2M3_PR,123.97,134.98,N
VIA_M1M2_PR,82.11,135.15,N
VIA_M1M2_PR,112.47,135.15,N
VIA_M1M2_PR,122.59,135.15,N
VIA_L1M1_PR_MR,126.27,135.15,N
VIA_M1M2_PR,126.27,135.15,N
VIA_M1M2_PR,137.31,135.15,N
VIA_L1M1_PR_MR,171.765,135.15,N
VIA_M1M2_PR,173.19,135.15,N
VIA_L1M1_PR_MR,78.43,135.49,N
VIA_M1M2_PR,78.89,135.49,N
VIA_L1M1_PR_MR,110.63,135.49,N
VIA_M1M2_PR,110.63,135.49,N
VIA_M1M2_PR,114.31,135.49,N
VIA_M1M2_PR,114.77,135.49,N
VIA_M1M2_PR,126.73,135.49,N
VIA_L1M1_PR_MR,168.635,135.49,N
VIA_M1M2_PR,172.73,135.49,N
VIA_M1M2_PR,177.79,135.49,N
sky130_fd_sc_hd__decap_3,10.12,136.0,N
sky130_fd_sc_hd__decap_3,10.12,136.0,FS
sky130_fd_sc_hd__tapvpwrvgnd_1,23.0,136.0,N
VIA_via3_4_2000_480_1_5_400_400,30.14,136.0,N
VIA_via4_5_2000_480_1_5_400_400,30.14,136.0,N
VIA_via2_3_2000_480_1_6_320_320,30.14,136.0,N
sky130_fd_sc_hd__tapvpwrvgnd_1,35.88,136.0,FS
sky130_fd_sc_hd__tapvpwrvgnd_1,48.76,136.0,N
VIA_via2_3_2000_480_1_6_320_320,60.14,136.0,N
VIA_via4_5_2000_480_1_5_400_400,60.14,136.0,N
VIA_via3_4_2000_480_1_5_400_400,60.14,136.0,N
sky130_fd_sc_hd__tapvpwrvgnd_1,61.64,136.0,FS
sky130_fd_sc_hd__tapvpwrvgnd_1,74.52,136.0,N
sky130_fd_sc_hd__mux2_1,81.88,136.0,FN
sky130_fd_sc_hd__tapvpwrvgnd_1,87.4,136.0,FS
sky130_fd_sc_hd__dfrtp_2,87.4,136.0,S
VIA_via3_4_2000_480_1_5_400_400,90.14,136.0,N
VIA_via4_5_2000_480_1_5_400_400,90.14,136.0,N
VIA_via2_3_2000_480_1_6_320_320,90.14,136.0,N
sky130_fd_sc_hd__dfrtp_2,91.54,136.0,FN
sky130_fd_sc_hd__tapvpwrvgnd_1,100.28,136.0,N
sky130_fd_sc_hd__o21a_2,110.86,136.0,N
sky130_fd_sc_hd__or4_2,113.16,136.0,S
sky130_fd_sc_hd__tapvpwrvgnd_1,113.16,136.0,FS
sky130_fd_sc_hd__nand4_2,113.62,136.0,FS
VIA_via3_4_2000_480_1_5_400_400,120.14,136.0,N
VIA_via2_3_2000_480_1_6_320_320,120.14,136.0,N
VIA_via4_5_2000_480_1_5_400_400,120.14,136.0,N
sky130_fd_sc_hd__nor2_2,123.74,136.0,N
sky130_fd_sc_hd__dfrtp_2,123.74,136.0,FN
sky130_fd_sc_hd__tapvpwrvgnd_1,126.04,136.0,N
sky130_fd_sc_hd__dfrtp_2,127.88,136.0,S
sky130_fd_sc_hd__tapvpwrvgnd_1,138.92,136.0,FS
VIA_via3_4_2000_480_1_5_400_400,150.14,136.0,N
VIA_via4_5_2000_480_1_5_400_400,150.14,136.0,N
VIA_via2_3_2000_480_1_6_320_320,150.14,136.0,N
sky130_fd_sc_hd__tapvpwrvgnd_1,151.8,136.0,N
sky130_fd_sc_hd__tapvpwrvgnd_1,164.68,136.0,FS
sky130_fd_sc_hd__and3b_2,166.52,136.0,FS
sky130_fd_sc_hd__or2_2,166.52,136.0,N
sky130_fd_sc_hd__mux2_1,168.82,136.0,N
sky130_fd_sc_hd__and3b_2,173.88,136.0,S
sky130_fd_sc_hd__o21ai_2,176.18,136.0,FN
sky130_fd_sc_hd__nand2b_2,177.1,136.0,S
sky130_fd_sc_hd__nand2_2,177.1,136.0,FS
sky130_fd_sc_hd__tapvpwrvgnd_1,177.56,136.0,N
VIA_via2_3_2000_480_1_6_320_320,180.14,136.0,N
VIA_via3_4_2000_480_1_5_400_400,180.14,136.0,N
VIA_via4_5_2000_480_1_5_400_400,180.14,136.0,N
sky130_fd_sc_hd__decap_3,189.98,136.0,FN
sky130_fd_sc_hd__decap_3,189.98,136.0,S
VIA_L1M1_PR_MR,79.81,136.51,N
VIA_L1M1_PR_MR,82.57,136.51,N
VIA_M1M2_PR,88.55,136.51,N
VIA_M1M2_PR,112.93,136.51,N
VIA_L1M1_PR_MR,124.43,136.51,N
VIA_M1M2_PR,169.05,136.51,N
VIA_L1M1_PR_MR,169.05,136.51,N
VIA_L1M1_PR_MR,170.89,136.51,N
VIA_M1M2_PR,175.03,136.51,N
VIA_M1M2_PR,82.11,136.85,N
VIA_M1M2_PR,119.37,136.85,N
VIA_M1M2_PR,122.59,136.85,N
VIA_L1M1_PR_MR,167.67,136.85,N
VIA_M1M2_PR,172.73,136.85,N
VIA_M1M2_PR,174.57,136.85,N
VIA_L1M1_PR_MR,79.81,137.19,N
VIA_M1M2_PR,80.27,137.19,N
VIA_L1M1_PR_MR,91.31,137.19,N
VIA_M1M2_PR,110.63,137.19,N
VIA_L1M1_PR_MR,112.47,137.19,N
VIA_L1M1_PR_MR,113.39,137.19,N
VIA_L1M1_PR_MR,113.85,137.19,N
VIA_M1M2_PR,113.85,137.19,N
VIA_L1M1_PR_MR,123.97,137.19,N
VIA_M1M2_PR,123.97,137.19,N
VIA_M1M2_PR,124.89,137.19,N
VIA_L1M1_PR_MR,124.89,137.19,N
VIA_M1M2_PR,166.75,137.19,N
VIA_L1M1_PR_MR,166.75,137.19,N
VIA_L1M1_PR_MR,171.35,137.19,N
VIA_L1M1_PR_MR,173.19,137.19,N
VIA_L1M1_PR_MR,175.03,137.19,N
VIA_M1M2_PR,76.13,137.53,N
VIA_M1M2_PR,78.43,137.53,N
VIA_L1M1_PR_MR,78.43,137.53,N
VIA_M1M2_PR,78.89,137.53,N
VIA_L1M1_PR_MR,79.35,137.53,N
VIA_L1M1_PR_MR,89.93,137.53,N
VIA_M1M2_PR,111.09,137.53,N
VIA_L1M1_PR_MR,114.77,137.53,N
VIA_L1M1_PR_MR,123.51,137.53,N
VIA_M1M2_PR,124.43,137.53,N
VIA_L1M1_PR_MR,172.27,137.53,N
VIA_M1M2_PR,172.73,137.53,N
VIA_L1M1_PR_MR,174.57,137.53,N
VIA_L1M1_PR_MR,81.65,137.87,N
VIA_L1M1_PR_MR,111.55,137.87,N
VIA_M1M2_PR,112.93,137.87,N
VIA_M1M2_PR,116.15,137.87,N
VIA_L1M1_PR_MR,168.59,137.87,N
VIA_M1M2_PR,173.19,137.87,N
VIA_M1M2_PR,174.11,137.87,N
VIA_M1M2_PR,175.03,137.87,N
VIA_L1M1_PR_MR,122.19,138.21,N
VIA_L1M1_PR_MR,173.65,138.21,N
VIA_M1M2_PR,174.57,138.21,N
VIA_via4_5_2000_480_1_5_400_400,26.44,138.72,N
VIA_via3_4_2000_480_1_5_400_400,26.44,138.72,N
VIA_via2_3_2000_480_1_6_320_320,26.44,138.72,N
VIA_via2_3_2000_480_1_6_320_320,56.44,138.72,N
VIA_via3_4_2000_480_1_5_400_400,56.44,138.72,N
VIA_via4_5_2000_480_1_5_400_400,56.44,138.72,N
VIA_via4_5_2000_480_1_5_400_400,86.44,138.72,N
VIA_via2_3_2000_480_1_6_320_320,86.44,138.72,N
VIA_via3_4_2000_480_1_5_400_400,86.44,138.72,N
VIA_via3_4_2000_480_1_5_400_400,116.44,138.72,N
VIA_via2_3_2000_480_1_6_320_320,116.44,138.72,N
VIA_via4_5_2000_480_1_5_400_400,116.44,138.72,N
VIA_via2_3_2000_480_1_6_320_320,146.44,138.72,N
VIA_via3_4_2000_480_1_5_400_400,146.44,138.72,N
VIA_via4_5_2000_480_1_5_400_400,146.44,138.72,N
VIA_via4_5_2000_480_1_5_400_400,176.44,138.72,N
VIA_via3_4_2000_480_1_5_400_400,176.44,138.72,N
VIA_via2_3_2000_480_1_6_320_320,176.44,138.72,N
VIA_M1M2_PR,101.43,139.23,N
VIA_L1M1_PR_MR,110.63,139.23,N
VIA_L1M1_PR_MR,111.55,139.57,N
VIA_M1M2_PR,117.99,139.57,N
VIA_L1M1_PR_MR,126.27,139.57,N
VIA_M1M2_PR,126.27,139.57,N
VIA_M1M2_PR,74.75,139.91,N
VIA_L1M1_PR_MR,84.87,139.91,N
VIA_M1M2_PR,86.25,139.91,N
VIA_L1M1_PR_MR,86.25,139.91,N
VIA_M1M2_PR,88.55,139.91,N
VIA_M1M2_PR,112.47,139.91,N
VIA_L1M1_PR_MR,112.93,139.91,N
VIA_L1M1_PR_MR,115.69,139.91,N
VIA_L1M1_PR_MR,123.05,139.91,N
VIA_M1M2_PR,123.05,139.91,N
VIA_L1M1_PR_MR,126.73,139.91,N
VIA_M1M2_PR,126.73,139.91,N
VIA_L1M1_PR_MR,124.43,140.25,N
VIA_M1M2_PR,124.43,140.25,N
VIA_L1M1_PR_MR,125.35,140.25,N
VIA_L1M1_PR_MR,172.64,140.25,N
VIA_M1M2_PR,173.19,140.25,N
VIA_L1M1_PR_MR,173.19,140.25,N
VIA_L1M1_PR_MR,173.65,140.25,N
VIA_M1M2_PR,173.65,140.25,N
VIA_M1M2_PR,174.57,140.25,N
VIA_L1M1_PR_MR,174.57,140.25,N
VIA_M1M2_PR,82.11,140.59,N
VIA_M1M2_PR,119.37,140.59,N
VIA_M1M2_PR,122.59,140.59,N
VIA_M1M2_PR,127.65,140.59,N
VIA_L1M1_PR_MR,171.35,140.59,N
VIA_M1M2_PR,171.35,140.59,N
VIA_L1M1_PR_MR,77.51,140.93,N
VIA_M1M2_PR,77.51,140.93,N
VIA_M1M2_PR,173.19,140.93,N
VIA_M1M2_PR,175.03,140.93,N
VIA_M3M4_PR,165.14,141.1,N
VIA_M2M3_PR,171.35,141.1,N
sky130_fd_sc_hd__decap_3,10.12,141.44,FS
sky130_fd_sc_hd__decap_3,10.12,141.44,N
sky130_fd_sc_hd__tapvpwrvgnd_1,23.0,141.44,N
sky130_fd_sc_hd__xor2_2,28.98,141.44,N
VIA_via4_5_2000_480_1_5_400_400,30.14,141.44,N
VIA_via2_3_2000_480_1_6_320_320,30.14,141.44,N
VIA_via3_4_2000_480_1_5_400_400,30.14,141.44,N
sky130_fd_sc_hd__tapvpwrvgnd_1,35.88,141.44,FS
sky130_fd_sc_hd__tapvpwrvgnd_1,48.76,141.44,N
VIA_via3_4_2000_480_1_5_400_400,60.14,141.44,N
VIA_via4_5_2000_480_1_5_400_400,60.14,141.44,N
VIA_via2_3_2000_480_1_6_320_320,60.14,141.44,N
sky130_fd_sc_hd__tapvpwrvgnd_1,61.64,141.44,FS
sky130_fd_sc_hd__mux2_1,74.52,141.44,FN
sky130_fd_sc_hd__tapvpwrvgnd_1,74.52,141.44,N
sky130_fd_sc_hd__clkbuf_4,77.74,141.44,FN
sky130_fd_sc_hd__dfrtp_2,82.8,141.44,N
sky130_fd_sc_hd__mux2_1,82.8,141.44,FN
sky130_fd_sc_hd__dfrtp_2,86.48,141.44,S
sky130_fd_sc_hd__tapvpwrvgnd_1,87.4,141.44,FS
VIA_via2_3_2000_480_1_6_320_320,90.14,141.44,N
VIA_via3_4_2000_480_1_5_400_400,90.14,141.44,N
VIA_via4_5_2000_480_1_5_400_400,90.14,141.44,N
sky130_fd_sc_hd__tapvpwrvgnd_1,100.28,141.44,N
sky130_fd_sc_hd__a31o_2,112.7,141.44,N
sky130_fd_sc_hd__tapvpwrvgnd_1,113.16,141.44,FS
sky130_fd_sc_hd__and2b_2,113.16,141.44,S
sky130_fd_sc_hd__and4bb_2,115.92,141.44,N
VIA_via3_4_2000_480_1_5_400_400,120.14,141.44,N
VIA_via4_5_2000_480_1_5_400_400,120.14,141.44,N
VIA_via2_3_2000_480_1_6_320_320,120.14,141.44,N
sky130_fd_sc_hd__or4b_2,124.2,141.44,FN
sky130_fd_sc_hd__nand2b_2,124.66,141.44,FS
sky130_fd_sc_hd__dfrtp_2,124.66,141.44,S
sky130_fd_sc_hd__tapvpwrvgnd_1,126.04,141.44,N
sky130_fd_sc_hd__tapvpwrvgnd_1,138.92,141.44,FS
VIA_via3_4_2000_480_1_5_400_400,150.14,141.44,N
VIA_via4_5_2000_480_1_5_400_400,150.14,141.44,N
VIA_via2_3_2000_480_1_6_320_320,150.14,141.44,N
sky130_fd_sc_hd__tapvpwrvgnd_1,151.8,141.44,N
sky130_fd_sc_hd__tapvpwrvgnd_1,164.68,141.44,FS
sky130_fd_sc_hd__conb_1,170.66,141.44,N
sky130_fd_sc_hd__o211a_2,174.8,141.44,S
sky130_fd_sc_hd__o21a_2,175.26,141.44,FN
sky130_fd_sc_hd__tapvpwrvgnd_1,177.56,141.44,N
VIA_via3_4_2000_480_1_5_400_400,180.14,141.44,N
VIA_via4_5_2000_480_1_5_400_400,180.14,141.44,N
VIA_via2_3_2000_480_1_6_320_320,180.14,141.44,N
sky130_fd_sc_hd__decap_3,189.98,141.44,S
sky130_fd_sc_hd__decap_3,189.98,141.44,FN
VIA_L1M1_PR_MR,74.29,141.95,N
VIA_M1M2_PR,79.81,141.95,N
VIA_M1M2_PR,80.27,141.95,N
VIA_L1M1_PR_MR,80.27,141.95,N
VIA_L1M1_PR_MR,82.57,141.95,N
VIA_M1M2_PR,112.93,141.95,N
VIA_L1M1_PR_MR,114.31,141.95,N
VIA_L1M1_PR_MR,114.77,141.95,N
VIA_M1M2_PR,114.77,141.95,N
VIA_M1M2_PR,115.23,141.95,N
VIA_M1M2_PR,118.91,141.95,N
VIA_L1M1_PR_MR,118.91,141.95,N
VIA_L1M1_PR_MR,119.37,141.95,N
VIA_L1M1_PR_MR,123.05,141.95,N
VIA_M1M2_PR,123.97,141.95,N
VIA_L1M1_PR_MR,72.45,142.29,N
VIA_M1M2_PR,78.89,142.29,N
VIA_L1M1_PR_MR,84.41,142.29,N
VIA_M1M2_PR,93.15,142.29,N
VIA_M1M2_PR,118.45,142.29,N
VIA_L1M1_PR_MR,119.83,142.29,N
VIA_M1M2_PR,121.67,142.29,N
VIA_M1M2_PR,28.29,142.63,N
VIA_M1M2_PR,77.05,142.63,N
VIA_L1M1_PR_MR,77.05,142.63,N
VIA_L1M1_PR_MR,80.73,142.63,N
VIA_L1M1_PR_MR,113.85,142.63,N
VIA_M1M2_PR,115.23,142.63,N
VIA_L1M1_PR_MR,115.69,142.63,N
VIA_L1M1_PR_MR,116.15,142.63,N
VIA_L1M1_PR_MR,118.91,142.63,N
VIA_L1M1_PR_MR,120.75,142.63,N
VIA_L1M1_PR_MR,122.13,142.63,N
VIA_L1M1_PR_MR,123.97,142.63,N
VIA_L1M1_PR_MR,172.27,142.63,N
VIA_M1M2_PR,173.19,142.63,N
VIA_L1M1_PR_MR,173.65,142.63,N
VIA_M1M2_PR,174.57,142.63,N
VIA_L1M1_PR_MR,30.59,142.97,N
VIA_M1M2_PR,30.59,142.97,N
VIA_M1M2_PR,32.43,142.97,N
VIA_M1M2_PR,34.27,142.97,N
VIA_L1M1_PR_MR,34.27,142.97,N
VIA_M1M2_PR,69.69,142.97,N
VIA_L1M1_PR_MR,71.07,142.97,N
VIA_L1M1_PR_MR,71.99,142.97,N
VIA_M1M2_PR,74.29,142.97,N
VIA_M1M2_PR,78.43,142.97,N
VIA_L1M1_PR_MR,79.35,142.97,N
VIA_L1M1_PR_MR,83.03,142.97,N
VIA_M1M2_PR,86.25,142.97,N
VIA_L1M1_PR_MR,117.07,142.97,N
VIA_M1M2_PR,117.99,142.97,N
VIA_M1M2_PR,70.15,143.31,N
VIA_L1M1_PR_MR,112.93,143.31,N
VIA_M1M2_PR,113.39,143.31,N
VIA_M1M2_PR,142.83,143.31,N
VIA_L1M1_PR_MR,172.73,143.31,N
VIA_M1M2_PR,173.65,143.31,N
VIA_M1M2_PR,90.39,143.65,N
VIA_L1M1_PR_MR,91.77,143.65,N
VIA_L1M1_PR_MR,121.67,143.65,N
VIA_M1M2_PR,164.45,143.65,N
VIA_L1M1_PR_MR,171.81,143.65,N
VIA_L1M1_PR_MR,174.57,143.65,N
VIA_via3_4_2000_480_1_5_400_400,26.44,144.16,N
VIA_via2_3_2000_480_1_6_320_320,26.44,144.16,N
VIA_via4_5_2000_480_1_5_400_400,26.44,144.16,N
VIA_via2_3_2000_480_1_6_320_320,56.44,144.16,N
VIA_via3_4_2000_480_1_5_400_400,56.44,144.16,N
VIA_via4_5_2000_480_1_5_400_400,56.44,144.16,N
VIA_via4_5_2000_480_1_5_400_400,86.44,144.16,N
VIA_via2_3_2000_480_1_6_320_320,86.44,144.16,N
VIA_via3_4_2000_480_1_5_400_400,86.44,144.16,N
VIA_via3_4_2000_480_1_5_400_400,116.44,144.16,N
VIA_via2_3_2000_480_1_6_320_320,116.44,144.16,N
VIA_via4_5_2000_480_1_5_400_400,116.44,144.16,N
VIA_via2_3_2000_480_1_6_320_320,146.44,144.16,N
VIA_via3_4_2000_480_1_5_400_400,146.44,144.16,N
VIA_via4_5_2000_480_1_5_400_400,146.44,144.16,N
VIA_via3_4_2000_480_1_5_400_400,176.44,144.16,N
VIA_via4_5_2000_480_1_5_400_400,176.44,144.16,N
VIA_via2_3_2000_480_1_6_320_320,176.44,144.16,N
VIA_M1M2_PR,34.27,144.67,N
VIA_L1M1_PR_MR,34.33,144.67,N
VIA_M1M2_PR,77.51,144.67,N
VIA_M1M2_PR,82.57,145.01,N
VIA_M1M2_PR,112.93,145.01,N
VIA_L1M1_PR_MR,26.91,145.35,N
VIA_M1M2_PR,27.83,145.35,N
VIA_M1M2_PR,30.59,145.35,N
VIA_M1M2_PR,32.43,145.35,N
VIA_M1M2_PR,69.69,145.35,N
VIA_L1M1_PR_MR,71.07,145.35,N
VIA_L1M1_PR_MR,71.99,145.35,N
VIA_M1M2_PR,76.59,145.35,N
VIA_L1M1_PR_MR,76.59,145.35,N
VIA_M1M2_PR,78.89,145.35,N
VIA_L1M1_PR_MR,83.95,145.35,N
VIA_M1M2_PR,90.39,145.35,N
VIA_L1M1_PR_MR,90.39,145.35,N
VIA_L1M1_PR_MR,91.31,145.35,N
VIA_M1M2_PR,91.31,145.35,N
VIA_M1M2_PR,123.97,145.35,N
VIA_L1M1_PR_MR,126.27,145.35,N
VIA_L1M1_PR_MR,175.49,145.35,N
VIA_L1M1_PR_MR,35.65,145.69,N
VIA_M1M2_PR,61.41,145.69,N
VIA_L1M1_PR_MR,72.45,145.69,N
VIA_M1M2_PR,74.29,145.69,N
VIA_L1M1_PR_MR,75.21,145.69,N
VIA_M1M2_PR,82.11,145.69,N
VIA_M1M2_PR,83.03,145.69,N
VIA_L1M1_PR_MR,84.87,145.69,N
VIA_L1M1_PR_MR,89.93,145.69,N
VIA_M1M2_PR,94.07,145.69,N
VIA_L1M1_PR_MR,113.85,145.69,N
VIA_M1M2_PR,114.31,145.69,N
VIA_L1M1_PR_MR,114.31,145.69,N
VIA_M1M2_PR,115.23,145.69,N
VIA_L1M1_PR_MR,115.23,145.69,N
VIA_M1M2_PR,115.69,145.69,N
VIA_L1M1_PR_MR,117.07,145.69,N
VIA_M1M2_PR,117.07,145.69,N
VIA_M1M2_PR,117.99,145.69,N
VIA_L1M1_PR_MR,117.99,145.69,N
VIA_L1M1_PR_MR,127.65,145.69,N
VIA_M1M2_PR,127.65,145.69,N
VIA_M1M2_PR,170.43,145.69,N
VIA_L1M1_PR_MR,171.81,145.69,N
VIA_M1M2_PR,172.27,145.69,N
VIA_L1M1_PR_MR,172.27,145.69,N
VIA_M1M2_PR,172.73,145.69,N
VIA_L1M1_PR_MR,172.73,145.69,N
VIA_L1M1_PR_MR,173.19,145.69,N
VIA_M1M2_PR,174.57,145.69,N
VIA_L1M1_PR_MR,175.95,145.69,N
VIA_M1M2_PR,34.73,146.03,N
VIA_M1M2_PR,77.97,146.03,N
VIA_L1M1_PR_MR,85.33,146.03,N
VIA_M1M2_PR,88.55,146.03,N
VIA_M1M2_PR,114.77,146.03,N
VIA_M1M2_PR,122.59,146.03,N
VIA_M1M2_PR,171.35,146.03,N
VIA_L1M1_PR_MR,71.99,146.37,N
VIA_M1M2_PR,71.99,146.37,N
VIA_L1M1_PR_MR,74.29,146.37,N
VIA_M1M2_PR,83.49,146.37,N
VIA_L1M1_PR_MR,88.09,146.37,N
VIA_M1M2_PR,88.09,146.37,N
VIA_M1M2_PR,117.99,146.37,N
VIA_L1M1_PR_MR,118.91,146.37,N
VIA_M1M2_PR,144.21,146.37,N
VIA_L1M1_PR_MR,174.11,146.37,N
sky130_fd_sc_hd__decap_3,10.12,146.88,FS
sky130_fd_sc_hd__decap_3,10.12,146.88,N
sky130_fd_sc_hd__tapvpwrvgnd_1,23.0,146.88,N
sky130_fd_sc_hd__and3_2,27.14,146.88,FN
sky130_fd_sc_hd__and4_2,27.14,146.88,N
VIA_via3_4_2000_480_1_5_400_400,30.14,146.88,N
VIA_via2_3_2000_480_1_6_320_320,30.14,146.88,N
VIA_via4_5_2000_480_1_5_400_400,30.14,146.88,N
sky130_fd_sc_hd__dfrtp_2,30.82,146.88,N
sky130_fd_sc_hd__dfrtp_2,35.88,146.88,S
sky130_fd_sc_hd__tapvpwrvgnd_1,35.88,146.88,FS
sky130_fd_sc_hd__tapvpwrvgnd_1,48.76,146.88,N
sky130_fd_sc_hd__clkbuf_4,57.5,146.88,N
VIA_via3_4_2000_480_1_5_400_400,60.14,146.88,N
VIA_via4_5_2000_480_1_5_400_400,60.14,146.88,N
VIA_via2_3_2000_480_1_6_320_320,60.14,146.88,N
sky130_fd_sc_hd__tapvpwrvgnd_1,61.64,146.88,FS
sky130_fd_sc_hd__clkbuf_8,65.32,146.88,FN
sky130_fd_sc_hd__mux2_1,73.6,146.88,FN
sky130_fd_sc_hd__tapvpwrvgnd_1,74.52,146.88,N
sky130_fd_sc_hd__mux2_1,74.52,146.88,S
sky130_fd_sc_hd__dfrtp_2,74.98,146.88,FS
sky130_fd_sc_hd__inv_2,84.64,146.88,FS
sky130_fd_sc_hd__dfrtp_2,85.1,146.88,FN
sky130_fd_sc_hd__dfrtp_2,85.1,146.88,N
sky130_fd_sc_hd__tapvpwrvgnd_1,87.4,146.88,FS
sky130_fd_sc_hd__mux2_1,87.86,146.88,FS
VIA_via2_3_2000_480_1_6_320_320,90.14,146.88,N
VIA_via3_4_2000_480_1_5_400_400,90.14,146.88,N
VIA_via4_5_2000_480_1_5_400_400,90.14,146.88,N
sky130_fd_sc_hd__tapvpwrvgnd_1,100.28,146.88,N
sky130_fd_sc_hd__o21a_2,111.78,146.88,N
sky130_fd_sc_hd__tapvpwrvgnd_1,113.16,146.88,FS
sky130_fd_sc_hd__dfrtp_2,115.0,146.88,N
sky130_fd_sc_hd__nand4_2,118.22,146.88,S
VIA_via4_5_2000_480_1_5_400_400,120.14,146.88,N
VIA_via2_3_2000_480_1_6_320_320,120.14,146.88,N
VIA_via3_4_2000_480_1_5_400_400,120.14,146.88,N
sky130_fd_sc_hd__tapvpwrvgnd_1,126.04,146.88,N
sky130_fd_sc_hd__dfrtp_2,127.88,146.88,S
sky130_fd_sc_hd__tapvpwrvgnd_1,138.92,146.88,FS
VIA_via2_3_2000_480_1_6_320_320,150.14,146.88,N
VIA_via3_4_2000_480_1_5_400_400,150.14,146.88,N
VIA_via4_5_2000_480_1_5_400_400,150.14,146.88,N
sky130_fd_sc_hd__tapvpwrvgnd_1,151.8,146.88,N
sky130_fd_sc_hd__tapvpwrvgnd_1,164.68,146.88,FS
sky130_fd_sc_hd__o21a_2,167.9,146.88,N
sky130_fd_sc_hd__o211a_2,174.8,146.88,FN
sky130_fd_sc_hd__o31a_2,174.8,146.88,S
sky130_fd_sc_hd__inv_2,176.18,146.88,S
sky130_fd_sc_hd__and3_2,177.56,146.88,FN
sky130_fd_sc_hd__tapvpwrvgnd_1,177.56,146.88,N
VIA_via3_4_2000_480_1_5_400_400,180.14,146.88,N
VIA_via4_5_2000_480_1_5_400_400,180.14,146.88,N
VIA_via2_3_2000_480_1_6_320_320,180.14,146.88,N
sky130_fd_sc_hd__decap_3,189.98,146.88,S
sky130_fd_sc_hd__decap_3,189.98,146.88,FN
VIA_M1M2_PR,26.45,147.39,N
VIA_L1M1_PR_MR,28.29,147.39,N
VIA_L1M1_PR_MR,30.13,147.39,N
VIA_M1M2_PR,31.51,147.39,N
VIA_L1M1_PR_MR,71.53,147.39,N
VIA_M1M2_PR,71.99,147.39,N
VIA_M1M2_PR,74.29,147.39,N
VIA_L1M1_PR_MR,76.13,147.39,N
VIA_M1M2_PR,94.07,147.39,N
VIA_L1M1_PR_MR,94.07,147.39,N
VIA_M1M2_PR,117.99,147.39,N
VIA_M1M2_PR,130.87,147.39,N
VIA_L1M1_PR_MR,175.49,147.39,N
VIA_via5_6_2000_2000_1_1_1600_1600,26.44,147.53,N
VIA_via5_6_2000_2000_1_1_1600_1600,56.44,147.53,N
VIA_via5_6_2000_2000_1_1_1600_1600,86.44,147.53,N
VIA_via5_6_2000_2000_1_1_1600_1600,116.44,147.53,N
VIA_via5_6_2000_2000_1_1_1600_1600,146.44,147.53,N
VIA_via5_6_2000_2000_1_1_1600_1600,176.44,147.53,N
VIA_L1M1_PR_MR,25.99,147.73,N
VIA_L1M1_PR_MR,26.91,147.73,N
VIA_L1M1_PR_MR,27.37,147.73,N
VIA_M1M2_PR,27.83,147.73,N
VIA_L1M1_PR_MR,28.75,147.73,N
VIA_L1M1_PR_MR,32.43,147.73,N
VIA_M1M2_PR,33.81,147.73,N
VIA_M1M2_PR,34.73,147.73,N
VIA_M1M2_PR,41.17,147.73,N
VIA_L1M1_PR_MR,58.19,147.73,N
VIA_L1M1_PR_MR,61.41,147.73,N
VIA_M1M2_PR,61.41,147.73,N
VIA_M1M2_PR,80.27,147.73,N
VIA_M1M2_PR,82.11,147.73,N
VIA_L1M1_PR_MR,83.49,147.73,N
VIA_M1M2_PR,83.49,147.73,N
VIA_L1M1_PR_MR,86.71,147.73,N
VIA_M1M2_PR,88.09,147.73,N
VIA_M1M2_PR,93.15,147.73,N
VIA_M1M2_PR,119.37,147.73,N
VIA_M1M2_PR,127.19,147.73,N
VIA_L1M1_PR_MR,171.35,147.73,N
VIA_M1M2_PR,175.03,147.73,N
VIA_L1M1_PR_MR,176.41,147.73,N
VIA_L1M1_PR_MR,177.33,147.73,N
VIA_M1M2_PR,177.79,147.73,N
VIA_M2M3_PR,65.09,147.9,N
VIA_M2M3_PR,72.91,147.9,N
VIA_L1M1_PR_MR,29.21,148.07,N
VIA_M1M2_PR,65.09,148.07,N
VIA_L1M1_PR_MR,65.09,148.07,N
VIA_M1M2_PR,113.39,148.07,N
VIA_L1M1_PR_MR,113.39,148.07,N
VIA_M1M2_PR,113.85,148.07,N
VIA_L1M1_PR_MR,114.31,148.07,N
VIA_L1M1_PR_MR,114.77,148.07,N
VIA_M1M2_PR,122.13,148.07,N
VIA_M1M2_PR,170.43,148.07,N
VIA_L1M1_PR_MR,170.89,148.07,N
VIA_M1M2_PR,171.81,148.07,N
VIA_L1M1_PR_MR,172.56,148.07,N
VIA_M1M2_PR,173.19,148.07,N
VIA_L1M1_PR_MR,173.19,148.07,N
VIA_L1M1_PR_MR,173.65,148.07,N
VIA_M1M2_PR,174.11,148.07,N
VIA_L1M1_PR_MR,174.57,148.07,N
VIA_M1M2_PR,24.61,148.41,N
VIA_L1M1_PR_MR,27.37,148.41,N
VIA_M1M2_PR,31.05,148.41,N
VIA_L1M1_PR_MR,31.05,148.41,N
VIA_M1M2_PR,32.43,148.41,N
VIA_M1M2_PR,69.69,148.41,N
VIA_L1M1_PR_MR,70.15,148.41,N
VIA_L1M1_PR_MR,71.07,148.41,N
VIA_M1M2_PR,77.05,148.41,N
VIA_M1M2_PR,84.87,148.41,N
VIA_L1M1_PR_MR,84.87,148.41,N
VIA_L1M1_PR_MR,85.33,148.41,N
VIA_L1M1_PR_MR,115.23,148.41,N
VIA_L1M1_PR_MR,116.61,148.41,N
VIA_L1M1_PR_MR,169.51,148.41,N
VIA_L1M1_PR_MR,25.07,148.75,N
VIA_M1M2_PR,28.29,148.75,N
VIA_L1M1_PR_MR,73.37,148.75,N
VIA_M1M2_PR,74.75,148.75,N
VIA_M1M2_PR,114.31,148.75,N
VIA_L1M1_PR_MR,170.43,148.75,N
VIA_M1M2_PR,171.35,148.75,N
VIA_M1M2_PR,23.69,149.09,N
VIA_L1M1_PR_MR,25.99,149.09,N
VIA_M1M2_PR,26.45,149.09,N
VIA_M1M2_PR,33.35,149.09,N
VIA_M1M2_PR,39.79,149.09,N
VIA_L1M1_PR_MR,39.79,149.09,N
VIA_M1M2_PR,78.43,149.09,N
VIA_M1M2_PR,83.03,149.09,N
VIA_M1M2_PR,89.47,149.09,N
VIA_L1M1_PR_MR,112.47,149.09,N
VIA_M1M2_PR,117.07,149.09,N
VIA_M1M2_PR,118.91,149.09,N
VIA_L1M1_PR_MR,123.97,149.09,N
VIA_M1M2_PR,136.85,149.09,N
VIA_L1M1_PR_MR,168.59,149.09,N
VIA_L1M1_PR_MR,176.41,149.09,N
VIA_via4_5_2000_480_1_5_400_400,26.44,149.6,N
VIA_via2_3_2000_480_1_6_320_320,26.44,149.6,N
VIA_via3_4_2000_480_1_5_400_400,26.44,149.6,N
VIA_via3_4_2000_480_1_5_400_400,56.44,149.6,N
VIA_via2_3_2000_480_1_6_320_320,56.44,149.6,N
VIA_via4_5_2000_480_1_5_400_400,56.44,149.6,N
VIA_via2_3_2000_480_1_6_320_320,86.44,149.6,N
VIA_via4_5_2000_480_1_5_400_400,86.44,149.6,N
VIA_via3_4_2000_480_1_5_400_400,86.44,149.6,N
VIA_via4_5_2000_480_1_5_400_400,116.44,149.6,N
VIA_via2_3_2000_480_1_6_320_320,116.44,149.6,N
VIA_via3_4_2000_480_1_5_400_400,116.44,149.6,N
VIA_via4_5_2000_480_1_5_400_400,146.44,149.6,N
VIA_via2_3_2000_480_1_6_320_320,146.44,149.6,N
VIA_via3_4_2000_480_1_5_400_400,146.44,149.6,N
VIA_via3_4_2000_480_1_5_400_400,176.44,149.6,N
VIA_via4_5_2000_480_1_5_400_400,176.44,149.6,N
VIA_via2_3_2000_480_1_6_320_320,176.44,149.6,N
VIA_M1M2_PR,28.75,150.11,N
VIA_M1M2_PR,31.05,150.11,N
VIA_M1M2_PR,80.73,150.11,N
VIA_M1M2_PR,82.57,150.11,N
VIA_M1M2_PR,84.87,150.11,N
VIA_M1M2_PR,89.47,150.11,N
VIA_L1M1_PR_MR,96.83,150.11,N
VIA_M1M2_PR,100.05,150.11,N
VIA_L1M1_PR_MR,116.61,150.11,N
VIA_M1M2_PR,119.37,150.11,N
VIA_L1M1_PR_MR,121.67,150.11,N
VIA_M1M2_PR,123.97,150.11,N
VIA_L1M1_PR_MR,170.43,150.11,N
VIA_M1M2_PR,172.73,150.11,N
VIA_L1M1_PR_MR,35.19,150.45,N
VIA_M1M2_PR,41.17,150.45,N
VIA_M1M2_PR,69.23,150.45,N
VIA_M1M2_PR,72.91,150.45,N
VIA_L1M1_PR_MR,117.53,150.45,N
VIA_M1M2_PR,117.99,150.45,N
VIA_L1M1_PR_MR,169.97,150.45,N
VIA_M1M2_PR,174.11,150.45,N
VIA_M1M2_PR,175.49,150.45,N
VIA_L1M1_PR_MR,176.87,150.45,N
VIA_M2M3_PR,69.23,150.62,N
VIA_M2M3_PR,80.27,150.62,N
VIA_M2M3_PR,142.37,150.62,N
VIA_L1M1_PR_MR,26.45,150.79,N
VIA_M1M2_PR,32.89,150.79,N
VIA_M1M2_PR,39.33,150.79,N
VIA_L1M1_PR_MR,39.33,150.79,N
VIA_M1M2_PR,73.83,150.79,N
VIA_M1M2_PR,75.67,150.79,N
VIA_M1M2_PR,77.05,150.79,N
VIA_L1M1_PR_MR,77.05,150.79,N
VIA_M1M2_PR,82.11,150.79,N
VIA_M1M2_PR,83.49,150.79,N
VIA_L1M1_PR_MR,85.79,150.79,N
VIA_L1M1_PR_MR,87.17,150.79,N
VIA_L1M1_PR_MR,88.09,150.79,N
VIA_L1M1_PR_MR,118.91,150.79,N
VIA_M1M2_PR,118.91,150.79,N
VIA_M1M2_PR,34.73,151.13,N
VIA_M1M2_PR,36.11,151.13,N
VIA_L1M1_PR_MR,36.57,151.13,N
VIA_L1M1_PR_MR,38.41,151.13,N
VIA_L1M1_PR_MR,70.125,151.13,N
VIA_M1M2_PR,70.15,151.13,N
VIA_L1M1_PR_MR,70.61,151.13,N
VIA_M1M2_PR,70.61,151.13,N
VIA_M1M2_PR,71.07,151.13,N
VIA_L1M1_PR_MR,71.07,151.13,N
VIA_L1M1_PR_MR,71.985,151.13,N
VIA_L1M1_PR_MR,72.45,151.13,N
VIA_L1M1_PR_MR,72.91,151.13,N
VIA_M1M2_PR,80.27,151.13,N
VIA_L1M1_PR_MR,119.83,151.13,N
VIA_L1M1_PR_MR,121.21,151.13,N
VIA_M1M2_PR,168.59,151.13,N
VIA_L1M1_PR_MR,171.35,151.13,N
VIA_M1M2_PR,173.19,151.13,N
VIA_L1M1_PR_MR,173.19,151.13,N
VIA_L1M1_PR_MR,175.49,151.13,N
VIA_M1M2_PR,175.49,151.13,N
VIA_via5_6_2000_2000_1_1_1600_1600,30.14,151.23,N
VIA_via5_6_2000_2000_1_1_1600_1600,60.14,151.23,N
VIA_via5_6_2000_2000_1_1_1600_1600,90.14,151.23,N
VIA_via5_6_2000_2000_1_1_1600_1600,120.14,151.23,N
VIA_via5_6_2000_2000_1_1_1600_1600,150.14,151.23,N
VIA_via5_6_2000_2000_1_1_1600_1600,180.14,151.23,N
VIA_M1M2_PR,27.83,151.47,N
VIA_L1M1_PR_MR,27.83,151.47,N
VIA_M1M2_PR,39.79,151.47,N
VIA_M1M2_PR,87.63,151.47,N
VIA_L1M1_PR_MR,89.47,151.47,N
VIA_M1M2_PR,93.15,151.47,N
VIA_M1M2_PR,113.85,151.47,N
VIA_L1M1_PR_MR,168.13,151.47,N
VIA_M1M2_PR,170.43,151.47,N
VIA_M1M2_PR,172.27,151.47,N
VIA_L1M1_PR_MR,174.11,151.47,N
VIA_L1M1_PR_MR,178.71,151.47,N
VIA_M1M2_PR,178.71,151.47,N
VIA_M1M2_PR,24.61,151.81,N
VIA_M1M2_PR,26.91,151.81,N
VIA_M1M2_PR,35.65,151.81,N
VIA_L1M1_PR_MR,37.03,151.81,N
VIA_M1M2_PR,39.33,151.81,N
VIA_M1M2_PR,68.77,151.81,N
VIA_L1M1_PR_MR,69.23,151.81,N
VIA_M1M2_PR,71.99,151.81,N
VIA_M1M2_PR,78.43,151.81,N
VIA_L1M1_PR_MR,78.43,151.81,N
VIA_M1M2_PR,84.87,151.81,N
VIA_M1M2_PR,115.23,151.81,N
VIA_M1M2_PR,118.91,151.81,N
VIA_M1M2_PR,172.73,151.81,N
VIA_M1M2_PR,175.03,151.81,N
VIA_L1M1_PR_MR,176.41,151.81,N
sky130_fd_sc_hd__decap_3,10.12,152.32,FS
sky130_fd_sc_hd__decap_3,10.12,152.32,N
sky130_fd_sc_hd__tapvpwrvgnd_1,23.0,152.32,N
sky130_fd_sc_hd__and4bb_2,23.46,152.32,N
sky130_fd_sc_hd__dfrtp_2,26.22,152.32,FS
VIA_via2_3_2000_480_1_6_320_320,30.14,152.32,N
VIA_via3_4_2000_480_1_5_400_400,30.14,152.32,N
VIA_via4_5_2000_480_1_5_400_400,30.14,152.32,N
sky130_fd_sc_hd__a211oi_2,34.04,152.32,N
sky130_fd_sc_hd__xnor2_2,34.04,152.32,FN
sky130_fd_sc_hd__tapvpwrvgnd_1,35.88,152.32,FS
sky130_fd_sc_hd__a21oi_2,39.56,152.32,S
sky130_fd_sc_hd__tapvpwrvgnd_1,48.76,152.32,N
VIA_via2_3_2000_480_1_6_320_320,60.14,152.32,N
VIA_via4_5_2000_480_1_5_400_400,60.14,152.32,N
VIA_via3_4_2000_480_1_5_400_400,60.14,152.32,N
sky130_fd_sc_hd__tapvpwrvgnd_1,61.64,152.32,FS
sky130_fd_sc_hd__and3_2,70.84,152.32,FN
sky130_fd_sc_hd__clkbuf_8,72.68,152.32,FS
sky130_fd_sc_hd__a221o_2,72.68,152.32,S
sky130_fd_sc_hd__and4_2,74.52,152.32,FN
sky130_fd_sc_hd__tapvpwrvgnd_1,74.52,152.32,N
sky130_fd_sc_hd__mux2_1,75.9,152.32,N
sky130_fd_sc_hd__dfrtp_2,84.18,152.32,N
sky130_fd_sc_hd__mux2_1,84.18,152.32,FN
sky130_fd_sc_hd__dfrtp_2,87.4,152.32,S
sky130_fd_sc_hd__tapvpwrvgnd_1,87.4,152.32,FS
sky130_fd_sc_hd__dfrtp_2,87.86,152.32,FS
VIA_via4_5_2000_480_1_5_400_400,90.14,152.32,N
VIA_via3_4_2000_480_1_5_400_400,90.14,152.32,N
VIA_via2_3_2000_480_1_6_320_320,90.14,152.32,N
sky130_fd_sc_hd__tapvpwrvgnd_1,100.28,152.32,N
sky130_fd_sc_hd__tapvpwrvgnd_1,113.16,152.32,FS
sky130_fd_sc_hd__and2b_2,119.14,152.32,S
sky130_fd_sc_hd__nand2b_2,119.14,152.32,FS
VIA_via3_4_2000_480_1_5_400_400,120.14,152.32,N
VIA_via2_3_2000_480_1_6_320_320,120.14,152.32,N
VIA_via4_5_2000_480_1_5_400_400,120.14,152.32,N
sky130_fd_sc_hd__tapvpwrvgnd_1,126.04,152.32,N
sky130_fd_sc_hd__tapvpwrvgnd_1,138.92,152.32,FS
VIA_via2_3_2000_480_1_6_320_320,150.14,152.32,N
VIA_via4_5_2000_480_1_5_400_400,150.14,152.32,N
VIA_via3_4_2000_480_1_5_400_400,150.14,152.32,N
sky130_fd_sc_hd__tapvpwrvgnd_1,151.8,152.32,N
sky130_fd_sc_hd__tapvpwrvgnd_1,164.68,152.32,FS
sky130_fd_sc_hd__and2b_2,167.9,152.32,FS
sky130_fd_sc_hd__and3_2,169.28,152.32,N
sky130_fd_sc_hd__nor3b_2,171.12,152.32,FS
sky130_fd_sc_hd__a2111oi_2,172.04,152.32,N
sky130_fd_sc_hd__tapvpwrvgnd_1,177.56,152.32,N
sky130_fd_sc_hd__and2b_2,178.94,152.32,S
VIA_via2_3_2000_480_1_6_320_320,180.14,152.32,N
VIA_via4_5_2000_480_1_5_400_400,180.14,152.32,N
VIA_via3_4_2000_480_1_5_400_400,180.14,152.32,N
sky130_fd_sc_hd__decap_3,189.98,152.32,FN
sky130_fd_sc_hd__decap_3,189.98,152.32,S
VIA_L1M1_PR_MR,26.91,152.83,N
VIA_M1M2_PR,26.91,152.83,N
VIA_M1M2_PR,31.97,152.83,N
VIA_M1M2_PR,33.81,152.83,N
VIA_L1M1_PR_MR,34.73,152.83,N
VIA_M1M2_PR,70.15,152.83,N
VIA_L1M1_PR_MR,73.37,152.83,N
VIA_L1M1_PR_MR,76.13,152.83,N
VIA_M1M2_PR,76.59,152.83,N
VIA_L1M1_PR_MR,77.97,152.83,N
VIA_M1M2_PR,78.89,152.83,N
VIA_M1M2_PR,80.73,152.83,N
VIA_L1M1_PR_MR,81.65,152.83,N
VIA_L1M1_PR_MR,83.95,152.83,N
VIA_M1M2_PR,114.77,152.83,N
VIA_M1M2_PR,122.59,152.83,N
VIA_M1M2_PR,167.21,152.83,N
VIA_L1M1_PR_MR,170.43,152.83,N
VIA_M1M2_PR,171.35,152.83,N
VIA_L1M1_PR_MR,171.35,152.83,N
VIA_M1M2_PR,173.19,152.83,N
VIA_L1M1_PR_MR,27.37,153.17,N
VIA_M1M2_PR,27.37,153.17,N
VIA_M1M2_PR,28.29,153.17,N
VIA_M1M2_PR,32.43,153.17,N
VIA_M1M2_PR,39.33,153.17,N
VIA_M1M2_PR,69.23,153.17,N
VIA_L1M1_PR_MR,69.69,153.17,N
VIA_M1M2_PR,70.61,153.17,N
VIA_L1M1_PR_MR,70.61,153.17,N
VIA_M1M2_PR,71.07,153.17,N
VIA_M1M2_PR,77.51,153.17,N
VIA_M1M2_PR,82.57,153.17,N
VIA_L1M1_PR_MR,85.79,153.17,N
VIA_M1M2_PR,93.15,153.17,N
VIA_M1M2_PR,168.59,153.17,N
VIA_L1M1_PR_MR,169.51,153.17,N
VIA_M1M2_PR,178.71,153.17,N
VIA_M2M3_PR,75.67,153.34,N
VIA_M2M3_PR,94.07,153.34,N
VIA_L1M1_PR_MR,23.69,153.51,N
VIA_M1M2_PR,23.69,153.51,N
VIA_L1M1_PR_MR,26.45,153.51,N
VIA_M1M2_PR,29.21,153.51,N
VIA_L1M1_PR_MR,31.51,153.51,N
VIA_M1M2_PR,32.89,153.51,N
VIA_L1M1_PR_MR,33.35,153.51,N
VIA_M1M2_PR,33.35,153.51,N
VIA_L1M1_PR_MR,34.27,153.51,N
VIA_M1M2_PR,35.65,153.51,N
VIA_L1M1_PR_MR,35.65,153.51,N
VIA_L1M1_PR_MR,36.57,153.51,N
VIA_M1M2_PR,71.53,153.51,N
VIA_L1M1_PR_MR,72.45,153.51,N
VIA_L1M1_PR_MR,72.91,153.51,N
VIA_M1M2_PR,73.83,153.51,N
VIA_L1M1_PR_MR,82.11,153.51,N
VIA_M1M2_PR,84.41,153.51,N
VIA_L1M1_PR_MR,84.41,153.51,N
VIA_L1M1_PR_MR,173.19,153.51,N
VIA_M1M2_PR,173.19,153.51,N
VIA_L1M1_PR_MR,174.57,153.51,N
VIA_M1M2_PR,174.57,153.51,N
VIA_L1M1_PR_MR,176.41,153.51,N
VIA_L1M1_PR_MR,177.33,153.51,N
VIA_M1M2_PR,177.79,153.51,N
VIA_L1M1_PR_MR,24.61,153.85,N
VIA_M1M2_PR,25.07,153.85,N
VIA_L1M1_PR_MR,28.29,153.85,N
VIA_M1M2_PR,28.29,153.85,N
VIA_M1M2_PR,32.43,153.85,N
VIA_L1M1_PR_MR,38.41,153.85,N
VIA_M1M2_PR,39.79,153.85,N
VIA_M1M2_PR,78.43,153.85,N
VIA_L1M1_PR_MR,78.43,153.85,N
VIA_L1M1_PR_MR,78.89,153.85,N
VIA_M1M2_PR,80.73,153.85,N
VIA_L1M1_PR_MR,80.73,153.85,N
VIA_M1M2_PR,88.09,153.85,N
VIA_L1M1_PR_MR,93.15,153.85,N
VIA_L1M1_PR_MR,172.73,153.85,N
VIA_M1M2_PR,172.73,153.85,N
VIA_M1M2_PR,174.11,153.85,N
VIA_L1M1_PR_MR,174.11,153.85,N
VIA_L1M1_PR_MR,175.95,153.85,N
VIA_M1M2_PR,31.05,154.19,N
VIA_M1M2_PR,34.27,154.19,N
VIA_M1M2_PR,74.29,154.19,N
VIA_L1M1_PR_MR,74.29,154.19,N
VIA_M1M2_PR,79.81,154.19,N
VIA_M1M2_PR,168.59,154.19,N
VIA_M1M2_PR,68.77,154.53,N
VIA_L1M1_PR_MR,68.77,154.53,N
VIA_L1M1_PR_MR,69.69,154.53,N
VIA_M1M2_PR,69.69,154.53,N
VIA_L1M1_PR_MR,71.53,154.53,N
VIA_M1M2_PR,72.45,154.53,N
VIA_M1M2_PR,72.91,154.53,N
VIA_M1M2_PR,83.03,154.53,N
VIA_M1M2_PR,91.31,154.53,N
VIA_L1M1_PR_MR,170.43,154.53,N
VIA_M1M2_PR,170.43,154.53,N
VIA_via2_3_2000_480_1_6_320_320,26.44,155.04,N
VIA_via4_5_2000_480_1_5_400_400,26.44,155.04,N
VIA_via3_4_2000_480_1_5_400_400,26.44,155.04,N
VIA_via4_5_2000_480_1_5_400_400,56.44,155.04,N
VIA_via3_4_2000_480_1_5_400_400,56.44,155.04,N
VIA_via2_3_2000_480_1_6_320_320,56.44,155.04,N
VIA_via4_5_2000_480_1_5_400_400,86.44,155.04,N
VIA_via2_3_2000_480_1_6_320_320,86.44,155.04,N
VIA_via3_4_2000_480_1_5_400_400,86.44,155.04,N
VIA_via3_4_2000_480_1_5_400_400,116.44,155.04,N
VIA_via4_5_2000_480_1_5_400_400,116.44,155.04,N
VIA_via2_3_2000_480_1_6_320_320,116.44,155.04,N
VIA_via4_5_2000_480_1_5_400_400,146.44,155.04,N
VIA_via2_3_2000_480_1_6_320_320,146.44,155.04,N
VIA_via3_4_2000_480_1_5_400_400,146.44,155.04,N
VIA_via3_4_2000_480_1_5_400_400,176.44,155.04,N
VIA_via4_5_2000_480_1_5_400_400,176.44,155.04,N
VIA_via2_3_2000_480_1_6_320_320,176.44,155.04,N
VIA_M3M4_PR,166.06,155.38,N
VIA_M2M3_PR,169.97,155.38,N
VIA_M1M2_PR,72.91,155.55,N
VIA_M1M2_PR,129.95,155.55,N
VIA_L1M1_PR_MR,169.51,155.55,N
VIA_M1M2_PR,24.61,155.89,N
VIA_L1M1_PR_MR,71.07,155.89,N
VIA_L1M1_PR_MR,171.35,155.89,N
VIA_M1M2_PR,173.19,155.89,N
VIA_M2M3_PR,70.61,156.06,N
VIA_M3M4_PR,71.3,156.06,N
VIA_M2M3_PR,92.23,156.06,N
VIA_M3M4_PR,134.78,156.06,N
VIA_M1M2_PR,27.83,156.23,N
VIA_L1M1_PR_MR,27.83,156.23,N
VIA_M1M2_PR,28.29,156.23,N
VIA_M1M2_PR,77.51,156.23,N
VIA_M1M2_PR,77.97,156.23,N
VIA_L1M1_PR_MR,77.97,156.23,N
VIA_M1M2_PR,87.63,156.23,N
VIA_L1M1_PR_MR,89.01,156.23,N
VIA_L1M1_PR_MR,89.47,156.23,N
VIA_M1M2_PR,114.77,156.23,N
VIA_L1M1_PR_MR,172.27,156.23,N
VIA_M1M2_PR,172.73,156.23,N
VIA_M1M2_PR,25.07,156.57,N
VIA_L1M1_PR_MR,26.45,156.57,N
VIA_L1M1_PR_MR,27.37,156.57,N
VIA_L1M1_PR_MR,29.21,156.57,N
VIA_M1M2_PR,29.21,156.57,N
VIA_L1M1_PR_MR,30.13,156.57,N
VIA_M1M2_PR,31.05,156.57,N
VIA_L1M1_PR_MR,31.05,156.57,N
VIA_L1M1_PR_MR,31.97,156.57,N
VIA_M1M2_PR,31.97,156.57,N
VIA_M1M2_PR,33.35,156.57,N
VIA_L1M1_PR_MR,33.35,156.57,N
VIA_L1M1_PR_MR,71.99,156.57,N
VIA_M1M2_PR,71.99,156.57,N
VIA_L1M1_PR_MR,73.83,156.57,N
VIA_L1M1_PR_MR,76.59,156.57,N
VIA_M1M2_PR,84.87,156.57,N
VIA_M1M2_PR,91.31,156.57,N
VIA_M1M2_PR,168.59,156.57,N
VIA_L1M1_PR_MR,169.97,156.57,N
VIA_L1M1_PR_MR,170.89,156.57,N
VIA_L1M1_PR_MR,173.19,156.57,N
VIA_M1M2_PR,174.57,156.57,N
VIA_L1M1_PR_MR,175.03,156.57,N
VIA_M2M3_PR,69.69,156.74,N
VIA_M3M4_PR,78.66,156.74,N
VIA_M1M2_PR,27.83,156.91,N
VIA_M1M2_PR,28.29,156.91,N
VIA_L1M1_PR_MR,28.29,156.91,N
VIA_M1M2_PR,73.37,156.91,N
VIA_L1M1_PR_MR,75.67,156.91,N
VIA_M1M2_PR,77.51,156.91,N
VIA_L1M1_PR_MR,77.51,156.91,N
VIA_M1M2_PR,77.97,156.91,N
VIA_L1M1_PR_MR,79.35,156.91,N
VIA_M1M2_PR,167.67,156.91,N
VIA_M1M2_PR,170.43,156.91,N
VIA_M1M2_PR,31.97,157.25,N
VIA_M1M2_PR,71.07,157.25,N
VIA_L1M1_PR_MR,72.45,157.25,N
VIA_M1M2_PR,72.91,157.25,N
VIA_L1M1_PR_MR,72.91,157.25,N
VIA_L1M1_PR_MR,74.75,157.25,N
VIA_M1M2_PR,74.75,157.25,N
VIA_L1M1_PR_MR,76.13,157.25,N
VIA_M1M2_PR,76.59,157.25,N
VIA_M1M2_PR,78.89,157.25,N
VIA_M1M2_PR,79.81,157.25,N
VIA_L1M1_PR_MR,86.71,157.25,N
VIA_L1M1_PR_MR,89.93,157.25,N
VIA_M1M2_PR,91.31,157.25,N
VIA_L1M1_PR_MR,91.77,157.25,N
VIA_M1M2_PR,91.77,157.25,N
VIA_M1M2_PR,161.69,157.25,N
VIA_L1M1_PR_MR,173.19,157.25,N
sky130_fd_sc_hd__decap_3,10.12,157.76,N
sky130_fd_sc_hd__decap_3,10.12,157.76,FS
sky130_fd_sc_hd__tapvpwrvgnd_1,23.0,157.76,N
sky130_fd_sc_hd__nor2_2,25.76,157.76,FS
sky130_fd_sc_hd__a41oi_2,28.06,157.76,FS
sky130_fd_sc_hd__dfrtp_2,28.98,157.76,N
VIA_via2_3_2000_480_1_6_320_320,30.14,157.76,N
VIA_via3_4_2000_480_1_5_400_400,30.14,157.76,N
VIA_via4_5_2000_480_1_5_400_400,30.14,157.76,N
sky130_fd_sc_hd__tapvpwrvgnd_1,35.88,157.76,FS
sky130_fd_sc_hd__tapvpwrvgnd_1,48.76,157.76,N
VIA_via2_3_2000_480_1_6_320_320,60.14,157.76,N
VIA_via4_5_2000_480_1_5_400_400,60.14,157.76,N
VIA_via3_4_2000_480_1_5_400_400,60.14,157.76,N
sky130_fd_sc_hd__tapvpwrvgnd_1,61.64,157.76,FS
sky130_fd_sc_hd__a31o_2,70.84,157.76,FS
sky130_fd_sc_hd__tapvpwrvgnd_1,74.52,157.76,N
sky130_fd_sc_hd__and3_2,74.98,157.76,N
sky130_fd_sc_hd__mux2_1,77.74,157.76,N
sky130_fd_sc_hd__and4_2,77.74,157.76,S
sky130_fd_sc_hd__dfrtp_2,77.74,157.76,FS
sky130_fd_sc_hd__tapvpwrvgnd_1,87.4,157.76,FS
VIA_via2_3_2000_480_1_6_320_320,90.14,157.76,N
VIA_via3_4_2000_480_1_5_400_400,90.14,157.76,N
VIA_via4_5_2000_480_1_5_400_400,90.14,157.76,N
sky130_fd_sc_hd__dfrtp_2,91.54,157.76,FN
sky130_fd_sc_hd__mux2_1,92.0,157.76,S
sky130_fd_sc_hd__tapvpwrvgnd_1,100.28,157.76,N
sky130_fd_sc_hd__tapvpwrvgnd_1,113.16,157.76,FS
VIA_via3_4_2000_480_1_5_400_400,120.14,157.76,N
VIA_via2_3_2000_480_1_6_320_320,120.14,157.76,N
VIA_via4_5_2000_480_1_5_400_400,120.14,157.76,N
sky130_fd_sc_hd__tapvpwrvgnd_1,126.04,157.76,N
sky130_fd_sc_hd__tapvpwrvgnd_1,138.92,157.76,FS
VIA_via4_5_2000_480_1_5_400_400,150.14,157.76,N
VIA_via3_4_2000_480_1_5_400_400,150.14,157.76,N
VIA_via2_3_2000_480_1_6_320_320,150.14,157.76,N
sky130_fd_sc_hd__tapvpwrvgnd_1,151.8,157.76,N
sky130_fd_sc_hd__tapvpwrvgnd_1,164.68,157.76,FS
sky130_fd_sc_hd__conb_1,168.36,157.76,FS
sky130_fd_sc_hd__nor2_2,169.74,157.76,FS
sky130_fd_sc_hd__a21oi_2,172.04,157.76,FS
sky130_fd_sc_hd__inv_2,172.5,157.76,FN
sky130_fd_sc_hd__tapvpwrvgnd_1,177.56,157.76,N
VIA_via4_5_2000_480_1_5_400_400,180.14,157.76,N
VIA_via3_4_2000_480_1_5_400_400,180.14,157.76,N
VIA_via2_3_2000_480_1_6_320_320,180.14,157.76,N
sky130_fd_sc_hd__decap_3,189.98,157.76,FN
sky130_fd_sc_hd__decap_3,189.98,157.76,S
VIA_M2M3_PR,81.19,158.1,N
VIA_M2M3_PR,82.57,158.1,N
VIA_M3M4_PR,164.22,158.1,N
VIA_M2M3_PR,174.11,158.1,N
VIA_M1M2_PR,27.83,158.27,N
VIA_M1M2_PR,34.27,158.27,N
VIA_L1M1_PR_MR,77.97,158.27,N
VIA_M1M2_PR,77.97,158.27,N
VIA_M1M2_PR,80.27,158.27,N
VIA_M1M2_PR,32.89,158.61,N
VIA_M1M2_PR,72.45,158.61,N
VIA_L1M1_PR_MR,75.21,158.61,N
VIA_L1M1_PR_MR,76.13,158.61,N
VIA_M1M2_PR,82.11,158.61,N
VIA_M1M2_PR,84.87,158.61,N
VIA_M1M2_PR,87.63,158.61,N
VIA_L1M1_PR_MR,89.93,158.61,N
VIA_M1M2_PR,91.77,158.61,N
VIA_M1M2_PR,28.75,158.95,N
VIA_L1M1_PR_MR,29.21,158.95,N
VIA_M1M2_PR,36.11,158.95,N
VIA_M1M2_PR,68.77,158.95,N
VIA_L1M1_PR_MR,77.51,158.95,N
VIA_M1M2_PR,79.81,158.95,N
VIA_L1M1_PR_MR,79.81,158.95,N
VIA_L1M1_PR_MR,80.27,158.95,N
VIA_L1M1_PR_MR,171.81,158.95,N
VIA_M1M2_PR,171.81,158.95,N
VIA_L1M1_PR_MR,172.27,158.95,N
VIA_M1M2_PR,30.59,159.29,N
VIA_L1M1_PR_MR,30.59,159.29,N
VIA_M1M2_PR,76.13,159.29,N
VIA_M1M2_PR,80.73,159.29,N
VIA_L1M1_PR_MR,80.73,159.29,N
VIA_L1M1_PR_MR,82.57,159.29,N
VIA_L1M1_PR_MR,91.31,159.29,N
VIA_M1M2_PR,114.31,159.29,N
VIA_M1M2_PR,115.23,159.29,N
VIA_M1M2_PR,168.59,159.29,N
VIA_L1M1_PR_MR,37.95,159.63,N
VIA_M1M2_PR,77.05,159.63,N
VIA_M1M2_PR,182.85,159.63,N
VIA_M1M2_PR,189.29,159.63,N
VIA_M1M2_PR,32.43,159.97,N
VIA_M1M2_PR,74.75,159.97,N
VIA_L1M1_PR_MR,76.13,159.97,N
VIA_M1M2_PR,81.19,159.97,N
VIA_L1M1_PR_MR,82.57,159.97,N
VIA_M1M2_PR,84.87,159.97,N
VIA_M1M2_PR,91.31,159.97,N
VIA_via2_3_2000_480_1_6_320_320,26.44,160.48,N
VIA_via4_5_2000_480_1_5_400_400,26.44,160.48,N
VIA_via3_4_2000_480_1_5_400_400,26.44,160.48,N
VIA_via3_4_2000_480_1_5_400_400,56.44,160.48,N
VIA_via2_3_2000_480_1_6_320_320,56.44,160.48,N
VIA_via4_5_2000_480_1_5_400_400,56.44,160.48,N
VIA_via2_3_2000_480_1_6_320_320,86.44,160.48,N
VIA_via3_4_2000_480_1_5_400_400,86.44,160.48,N
VIA_via4_5_2000_480_1_5_400_400,86.44,160.48,N
VIA_via4_5_2000_480_1_5_400_400,116.44,160.48,N
VIA_via2_3_2000_480_1_6_320_320,116.44,160.48,N
VIA_via3_4_2000_480_1_5_400_400,116.44,160.48,N
VIA_via2_3_2000_480_1_6_320_320,146.44,160.48,N
VIA_via3_4_2000_480_1_5_400_400,146.44,160.48,N
VIA_via4_5_2000_480_1_5_400_400,146.44,160.48,N
VIA_via3_4_2000_480_1_5_400_400,176.44,160.48,N
VIA_via4_5_2000_480_1_5_400_400,176.44,160.48,N
VIA_via2_3_2000_480_1_6_320_320,176.44,160.48,N
VIA_M1M2_PR,30.59,160.99,N
VIA_L1M1_PR_MR,78.89,160.99,N
VIA_M1M2_PR,83.49,160.99,N
VIA_L1M1_PR_MR,29.67,161.33,N
VIA_M1M2_PR,80.73,161.33,N
VIA_M1M2_PR,83.03,161.33,N
VIA_L1M1_PR_MR,83.95,161.33,N
VIA_M1M2_PR,28.29,161.67,N
VIA_L1M1_PR_MR,29.21,161.67,N
VIA_L1M1_PR_MR,31.97,161.67,N
VIA_M1M2_PR,31.97,161.67,N
VIA_L1M1_PR_MR,76.13,161.67,N
VIA_M1M2_PR,79.81,161.67,N
VIA_L1M1_PR_MR,81.65,161.67,N
VIA_L1M1_PR_MR,82.11,161.67,N
VIA_M1M2_PR,31.51,162.01,N
VIA_L1M1_PR_MR,31.51,162.01,N
VIA_M1M2_PR,33.35,162.01,N
VIA_L1M1_PR_MR,33.35,162.01,N
VIA_M1M2_PR,34.27,162.01,N
VIA_L1M1_PR_MR,34.27,162.01,N
VIA_L1M1_PR_MR,77.05,162.01,N
VIA_M1M2_PR,78.43,162.01,N
VIA_L1M1_PR_MR,84.845,162.01,N
VIA_M1M2_PR,84.87,162.01,N
VIA_L1M1_PR_MR,86.71,162.01,N
VIA_M1M2_PR,88.09,162.01,N
VIA_L1M1_PR_MR,76.59,162.35,N
VIA_M1M2_PR,83.95,162.35,N
VIA_L1M1_PR_MR,85.33,162.35,N
VIA_L1M1_PR_MR,85.79,162.35,N
VIA_M1M2_PR,92.69,162.35,N
VIA_M1M2_PR,78.43,162.69,N
VIA_L1M1_PR_MR,79.35,162.69,N
VIA_L1M1_PR_MR,81.19,162.69,N
VIA_M1M2_PR,81.65,162.69,N
VIA_M1M2_PR,82.57,162.69,N
VIA_M1M2_PR,112.93,162.69,N
sky130_fd_sc_hd__decap_3,10.12,163.2,FS
sky130_fd_sc_hd__decap_3,10.12,163.2,N
sky130_fd_sc_hd__tapvpwrvgnd_1,23.0,163.2,N
sky130_fd_sc_hd__a221oi_2,28.98,163.2,FS
VIA_via3_4_2000_480_1_5_400_400,30.14,163.2,N
VIA_via2_3_2000_480_1_6_320_320,30.14,163.2,N
VIA_via4_5_2000_480_1_5_400_400,30.14,163.2,N
sky130_fd_sc_hd__tapvpwrvgnd_1,35.88,163.2,FS
sky130_fd_sc_hd__tapvpwrvgnd_1,48.76,163.2,N
VIA_via2_3_2000_480_1_6_320_320,60.14,163.2,N
VIA_via3_4_2000_480_1_5_400_400,60.14,163.2,N
VIA_via4_5_2000_480_1_5_400_400,60.14,163.2,N
sky130_fd_sc_hd__tapvpwrvgnd_1,61.64,163.2,FS
sky130_fd_sc_hd__tapvpwrvgnd_1,74.52,163.2,N
sky130_fd_sc_hd__dfrtp_2,76.82,163.2,N
sky130_fd_sc_hd__mux2_1,79.12,163.2,FS
sky130_fd_sc_hd__mux2_1,79.12,163.2,S
sky130_fd_sc_hd__a22o_2,86.94,163.2,S
sky130_fd_sc_hd__tapvpwrvgnd_1,87.4,163.2,FS
VIA_via4_5_2000_480_1_5_400_400,90.14,163.2,N
VIA_via3_4_2000_480_1_5_400_400,90.14,163.2,N
VIA_via2_3_2000_480_1_6_320_320,90.14,163.2,N
sky130_fd_sc_hd__tapvpwrvgnd_1,100.28,163.2,N
sky130_fd_sc_hd__clkbuf_16,104.88,163.2,N
sky130_fd_sc_hd__tapvpwrvgnd_1,113.16,163.2,FS
VIA_via4_5_2000_480_1_5_400_400,120.14,163.2,N
VIA_via3_4_2000_480_1_5_400_400,120.14,163.2,N
VIA_via2_3_2000_480_1_6_320_320,120.14,163.2,N
sky130_fd_sc_hd__tapvpwrvgnd_1,126.04,163.2,N
sky130_fd_sc_hd__tapvpwrvgnd_1,138.92,163.2,FS
VIA_via4_5_2000_480_1_5_400_400,150.14,163.2,N
VIA_via2_3_2000_480_1_6_320_320,150.14,163.2,N
VIA_via3_4_2000_480_1_5_400_400,150.14,163.2,N
sky130_fd_sc_hd__tapvpwrvgnd_1,151.8,163.2,N
sky130_fd_sc_hd__tapvpwrvgnd_1,164.68,163.2,FS
sky130_fd_sc_hd__nand2_2,169.74,163.2,N
sky130_fd_sc_hd__nor2_2,172.04,163.2,N
sky130_fd_sc_hd__tapvpwrvgnd_1,177.56,163.2,N
VIA_via2_3_2000_480_1_6_320_320,180.14,163.2,N
VIA_via3_4_2000_480_1_5_400_400,180.14,163.2,N
VIA_via4_5_2000_480_1_5_400_400,180.14,163.2,N
sky130_fd_sc_hd__decap_3,189.98,163.2,S
sky130_fd_sc_hd__decap_3,189.98,163.2,FN
VIA_M1M2_PR,81.65,163.71,N
VIA_L1M1_PR_MR,85.79,163.71,N
VIA_L1M1_PR_MR,78.43,164.05,N
VIA_M1M2_PR,78.43,164.05,N
VIA_M1M2_PR,87.63,164.05,N
VIA_L1M1_PR_MR,77.05,164.39,N
VIA_M1M2_PR,77.05,164.39,N
VIA_M1M2_PR,93.15,164.39,N
VIA_L1M1_PR_MR,105.11,164.39,N
VIA_M1M2_PR,169.51,164.39,N
VIA_L1M1_PR_MR,169.97,164.39,N
VIA_M1M2_PR,170.43,164.39,N
VIA_L1M1_PR_MR,170.89,164.39,N
VIA_M1M2_PR,172.27,164.39,N
VIA_L1M1_PR_MR,172.27,164.39,N
VIA_M1M2_PR,172.73,164.39,N
VIA_L1M1_PR_MR,173.19,164.39,N
VIA_M1M2_PR,113.85,164.73,N
VIA_L1M1_PR_MR,113.85,164.73,N
VIA_L1M1_PR_MR,174.11,164.73,N
VIA_M1M2_PR,186.07,164.73,N
VIA_M1M2_PR,76.13,165.07,N
VIA_M1M2_PR,77.05,165.07,N
VIA_M1M2_PR,94.07,165.07,N
VIA_L1M1_PR_MR,111.55,165.07,N
VIA_M1M2_PR,169.97,165.41,N
VIA_L1M1_PR_MR,170.43,165.41,N
VIA_via2_3_2000_480_1_6_320_320,26.44,165.92,N
VIA_via3_4_2000_480_1_5_400_400,26.44,165.92,N
VIA_via4_5_2000_480_1_5_400_400,26.44,165.92,N
VIA_via4_5_2000_480_1_5_400_400,56.44,165.92,N
VIA_via2_3_2000_480_1_6_320_320,56.44,165.92,N
VIA_via3_4_2000_480_1_5_400_400,56.44,165.92,N
VIA_via4_5_2000_480_1_5_400_400,86.44,165.92,N
VIA_via2_3_2000_480_1_6_320_320,86.44,165.92,N
VIA_via3_4_2000_480_1_5_400_400,86.44,165.92,N
VIA_via3_4_2000_480_1_5_400_400,116.44,165.92,N
VIA_via4_5_2000_480_1_5_400_400,116.44,165.92,N
VIA_via2_3_2000_480_1_6_320_320,116.44,165.92,N
VIA_via4_5_2000_480_1_5_400_400,146.44,165.92,N
VIA_via3_4_2000_480_1_5_400_400,146.44,165.92,N
VIA_via2_3_2000_480_1_6_320_320,146.44,165.92,N
VIA_via3_4_2000_480_1_5_400_400,176.44,165.92,N
VIA_via2_3_2000_480_1_6_320_320,176.44,165.92,N
VIA_via4_5_2000_480_1_5_400_400,176.44,165.92,N
VIA_M1M2_PR,162.15,166.43,N
VIA_M1M2_PR,172.27,166.43,N
VIA_M1M2_PR,171.81,166.77,N
VIA_L1M1_PR_MR,171.81,166.77,N
VIA_L1M1_PR_MR,169.51,167.11,N
VIA_M1M2_PR,172.27,167.11,N
VIA_L1M1_PR_MR,173.19,167.11,N
VIA_M1M2_PR,173.65,167.11,N
VIA_L1M1_PR_MR,176.41,167.11,N
VIA_M1M2_PR,178.71,167.11,N
VIA_M1M2_PR,165.37,167.45,N
VIA_L1M1_PR_MR,167.67,167.45,N
VIA_M1M2_PR,167.67,167.45,N
VIA_M1M2_PR,168.59,167.45,N
VIA_L1M1_PR_MR,168.59,167.45,N
VIA_L1M1_PR_MR,169.97,167.45,N
VIA_M1M2_PR,170.89,167.45,N
VIA_M1M2_PR,172.73,167.45,N
VIA_L1M1_PR_MR,175.95,167.45,N
VIA_M1M2_PR,122.59,167.79,N
VIA_M1M2_PR,177.79,167.79,N
VIA_M1M2_PR,169.05,168.13,N
VIA_L1M1_PR_MR,172.27,168.13,N
VIA_M1M2_PR,175.95,168.13,N
VIA_L1M1_PR_MR,175.95,168.13,N
sky130_fd_sc_hd__decap_3,10.12,168.64,N
sky130_fd_sc_hd__decap_3,10.12,168.64,FS
sky130_fd_sc_hd__tapvpwrvgnd_1,23.0,168.64,N
VIA_via3_4_2000_480_1_5_400_400,30.14,168.64,N
VIA_via2_3_2000_480_1_6_320_320,30.14,168.64,N
VIA_via4_5_2000_480_1_5_400_400,30.14,168.64,N
sky130_fd_sc_hd__tapvpwrvgnd_1,35.88,168.64,FS
sky130_fd_sc_hd__tapvpwrvgnd_1,48.76,168.64,N
VIA_via4_5_2000_480_1_5_400_400,60.14,168.64,N
VIA_via2_3_2000_480_1_6_320_320,60.14,168.64,N
VIA_via3_4_2000_480_1_5_400_400,60.14,168.64,N
sky130_fd_sc_hd__tapvpwrvgnd_1,61.64,168.64,FS
sky130_fd_sc_hd__tapvpwrvgnd_1,74.52,168.64,N
sky130_fd_sc_hd__tapvpwrvgnd_1,87.4,168.64,FS
VIA_via2_3_2000_480_1_6_320_320,90.14,168.64,N
VIA_via3_4_2000_480_1_5_400_400,90.14,168.64,N
VIA_via4_5_2000_480_1_5_400_400,90.14,168.64,N
sky130_fd_sc_hd__tapvpwrvgnd_1,100.28,168.64,N
sky130_fd_sc_hd__tapvpwrvgnd_1,113.16,168.64,FS
VIA_via4_5_2000_480_1_5_400_400,120.14,168.64,N
VIA_via2_3_2000_480_1_6_320_320,120.14,168.64,N
VIA_via3_4_2000_480_1_5_400_400,120.14,168.64,N
sky130_fd_sc_hd__tapvpwrvgnd_1,126.04,168.64,N
sky130_fd_sc_hd__tapvpwrvgnd_1,138.92,168.64,FS
VIA_via3_4_2000_480_1_5_400_400,150.14,168.64,N
VIA_via4_5_2000_480_1_5_400_400,150.14,168.64,N
VIA_via2_3_2000_480_1_6_320_320,150.14,168.64,N
sky130_fd_sc_hd__tapvpwrvgnd_1,151.8,168.64,N
sky130_fd_sc_hd__nand2_2,164.22,168.64,FN
sky130_fd_sc_hd__or2_2,164.22,168.64,N
sky130_fd_sc_hd__tapvpwrvgnd_1,164.68,168.64,FS
sky130_fd_sc_hd__nor2_2,166.52,168.64,N
sky130_fd_sc_hd__nand2_2,167.44,168.64,FS
sky130_fd_sc_hd__and2b_2,169.74,168.64,FS
sky130_fd_sc_hd__a21boi_2,172.96,168.64,FS
sky130_fd_sc_hd__o32a_2,172.96,168.64,FN
sky130_fd_sc_hd__nor3b_2,177.56,168.64,FN
sky130_fd_sc_hd__tapvpwrvgnd_1,177.56,168.64,N
VIA_via4_5_2000_480_1_5_400_400,180.14,168.64,N
VIA_via2_3_2000_480_1_6_320_320,180.14,168.64,N
VIA_via3_4_2000_480_1_5_400_400,180.14,168.64,N
sky130_fd_sc_hd__o21ai_2,181.24,168.64,FN
sky130_fd_sc_hd__decap_3,189.98,168.64,S
sky130_fd_sc_hd__decap_3,189.98,168.64,FN
VIA_M1M2_PR,161.23,169.15,N
VIA_L1M1_PR_MR,176.87,169.15,N
VIA_M1M2_PR,186.99,169.15,N
VIA_L1M1_PR_MR,164.45,169.49,N
VIA_M1M2_PR,175.95,169.49,N
VIA_L1M1_PR_MR,178.25,169.49,N
VIA_M1M2_PR,178.71,169.49,N
VIA_L1M1_PR_MR,162.61,169.83,N
VIA_M1M2_PR,162.61,169.83,N
VIA_L1M1_PR_MR,163.99,169.83,N
VIA_M1M2_PR,164.91,169.83,N
VIA_L1M1_PR_MR,165.37,169.83,N
VIA_M1M2_PR,165.37,169.83,N
VIA_L1M1_PR_MR,167.21,169.83,N
VIA_M1M2_PR,167.21,169.83,N
VIA_L1M1_PR_MR,168.13,169.83,N
VIA_L1M1_PR_MR,169.05,169.83,N
VIA_M1M2_PR,169.05,169.83,N
VIA_L1M1_PR_MR,169.97,169.83,N
VIA_M1M2_PR,169.97,169.83,N
VIA_M1M2_PR,172.73,169.83,N
VIA_L1M1_PR_MR,173.19,169.83,N
VIA_L1M1_PR_MR,175.49,169.83,N
VIA_M1M2_PR,176.87,169.83,N
VIA_L1M1_PR_MR,177.33,169.83,N
VIA_M1M2_PR,177.79,169.83,N
VIA_L1M1_PR_MR,179.17,169.83,N
VIA_L1M1_PR_MR,180.09,169.83,N
VIA_M1M2_PR,158.93,170.17,N
VIA_L1M1_PR_MR,162.15,170.17,N
VIA_L1M1_PR_MR,168.59,170.17,N
VIA_L1M1_PR_MR,170.43,170.17,N
VIA_L1M1_PR_MR,170.89,170.17,N
VIA_M1M2_PR,171.35,170.17,N
VIA_L1M1_PR_MR,171.35,170.17,N
VIA_M1M2_PR,173.65,170.17,N
VIA_M1M2_PR,187.91,170.17,N
VIA_M1M2_PR,163.99,170.51,N
VIA_M1M2_PR,169.05,170.51,N
VIA_L1M1_PR_MR,178.71,170.51,N
VIA_L1M1_PR_MR,163.53,170.85,N
VIA_M1M2_PR,165.37,170.85,N
VIA_L1M1_PR_MR,165.83,170.85,N
VIA_M1M2_PR,167.67,170.85,N
VIA_M1M2_PR,170.43,170.85,N
VIA_L1M1_PR_MR,172.27,170.85,N
VIA_M1M2_PR,175.03,170.85,N
VIA_via2_3_2000_480_1_6_320_320,26.44,171.36,N
VIA_via4_5_2000_480_1_5_400_400,26.44,171.36,N
VIA_via3_4_2000_480_1_5_400_400,26.44,171.36,N
VIA_via4_5_2000_480_1_5_400_400,56.44,171.36,N
VIA_via3_4_2000_480_1_5_400_400,56.44,171.36,N
VIA_via2_3_2000_480_1_6_320_320,56.44,171.36,N
VIA_via2_3_2000_480_1_6_320_320,86.44,171.36,N
VIA_via3_4_2000_480_1_5_400_400,86.44,171.36,N
VIA_via4_5_2000_480_1_5_400_400,86.44,171.36,N
VIA_via3_4_2000_480_1_5_400_400,116.44,171.36,N
VIA_via4_5_2000_480_1_5_400_400,116.44,171.36,N
VIA_via2_3_2000_480_1_6_320_320,116.44,171.36,N
VIA_via4_5_2000_480_1_5_400_400,146.44,171.36,N
VIA_via3_4_2000_480_1_5_400_400,146.44,171.36,N
VIA_via2_3_2000_480_1_6_320_320,146.44,171.36,N
VIA_via4_5_2000_480_1_5_400_400,176.44,171.36,N
VIA_via3_4_2000_480_1_5_400_400,176.44,171.36,N
VIA_via2_3_2000_480_1_6_320_320,176.44,171.36,N
VIA_M1M2_PR,181.47,171.87,N
VIA_M1M2_PR,191.13,171.87,N
VIA_M1M2_PR,168.59,172.21,N
VIA_L1M1_PR_MR,164.45,172.55,N
VIA_L1M1_PR_MR,168.13,172.55,N
VIA_M1M2_PR,169.97,172.55,N
VIA_M1M2_PR,175.49,172.55,N
VIA_L1M1_PR_MR,177.33,172.55,N
VIA_M1M2_PR,155.71,172.89,N
VIA_L1M1_PR_MR,159.85,172.89,N
VIA_M1M2_PR,160.31,172.89,N
VIA_L1M1_PR_MR,160.77,172.89,N
VIA_M1M2_PR,163.07,172.89,N
VIA_L1M1_PR_MR,163.53,172.89,N
VIA_M1M2_PR,163.53,172.89,N
VIA_M1M2_PR,165.37,172.89,N
VIA_L1M1_PR_MR,165.83,172.89,N
VIA_M1M2_PR,169.51,172.89,N
VIA_L1M1_PR_MR,169.51,172.89,N
VIA_M1M2_PR,171.35,172.89,N
VIA_M1M2_PR_MR,175.03,172.89,N
VIA_L1M1_PR_MR,179.17,172.89,N
VIA_L1M1_PR_MR,180.09,172.89,N
VIA_L1M1_PR_MR,181.93,172.89,N
VIA_M2M3_PR,88.55,173.06,N
VIA_M3M4_PR,129.26,173.06,N
VIA_M2M3_PR,163.53,173.06,N
VIA_M2M3_PR,171.81,173.06,N
VIA_M2M3_PR,182.39,173.06,N
VIA_L1M1_PR_MR,161.69,173.23,N
VIA_L1M1_PR_MR,166.29,173.23,N
VIA_L1M1_PR_MR,173.19,173.23,N
VIA_M1M2_PR,173.19,173.23,N
VIA_M1M2_PR,179.63,173.23,N
VIA_L1M1_PR_MR,181.47,173.23,N
VIA_M1M2_PR,181.47,173.23,N
VIA_L1M1_PR_MR,160.77,173.57,N
VIA_M1M2_PR,160.77,173.57,N
VIA_L1M1_PR_MR,162.61,173.57,N
VIA_M1M2_PR,162.61,173.57,N
VIA_M1M2_PR,163.07,173.57,N
VIA_L1M1_PR_MR,163.07,173.57,N
VIA_M1M2_PR,163.53,173.57,N
VIA_M1M2_PR,172.27,173.57,N
VIA_L1M1_PR_MR,172.73,173.57,N
VIA_M2M3_PR,172.27,173.74,N
VIA_M3M4_PR,172.5,173.74,N
sky130_fd_sc_hd__decap_3,10.12,174.08,N
sky130_fd_sc_hd__decap_3,10.12,174.08,FS
sky130_fd_sc_hd__tapvpwrvgnd_1,23.0,174.08,N
VIA_via3_4_2000_480_1_5_400_400,30.14,174.08,N
VIA_via2_3_2000_480_1_6_320_320,30.14,174.08,N
VIA_via4_5_2000_480_1_5_400_400,30.14,174.08,N
sky130_fd_sc_hd__tapvpwrvgnd_1,35.88,174.08,FS
sky130_fd_sc_hd__tapvpwrvgnd_1,48.76,174.08,N
VIA_via2_3_2000_480_1_6_320_320,60.14,174.08,N
VIA_via4_5_2000_480_1_5_400_400,60.14,174.08,N
VIA_via3_4_2000_480_1_5_400_400,60.14,174.08,N
sky130_fd_sc_hd__tapvpwrvgnd_1,61.64,174.08,FS
sky130_fd_sc_hd__tapvpwrvgnd_1,74.52,174.08,N
sky130_fd_sc_hd__tapvpwrvgnd_1,87.4,174.08,FS
VIA_via4_5_2000_480_1_5_400_400,90.14,174.08,N
VIA_via2_3_2000_480_1_6_320_320,90.14,174.08,N
VIA_via3_4_2000_480_1_5_400_400,90.14,174.08,N
sky130_fd_sc_hd__tapvpwrvgnd_1,100.28,174.08,N
sky130_fd_sc_hd__tapvpwrvgnd_1,113.16,174.08,FS
VIA_via4_5_2000_480_1_5_400_400,120.14,174.08,N
VIA_via2_3_2000_480_1_6_320_320,120.14,174.08,N
VIA_via3_4_2000_480_1_5_400_400,120.14,174.08,N
sky130_fd_sc_hd__tapvpwrvgnd_1,126.04,174.08,N
sky130_fd_sc_hd__tapvpwrvgnd_1,138.92,174.08,FS
sky130_fd_sc_hd__clkbuf_4,146.28,174.08,N
VIA_via4_5_2000_480_1_5_400_400,150.14,174.08,N
VIA_via2_3_2000_480_1_6_320_320,150.14,174.08,N
VIA_via3_4_2000_480_1_5_400_400,150.14,174.08,N
sky130_fd_sc_hd__tapvpwrvgnd_1,151.8,174.08,N
sky130_fd_sc_hd__a21oi_2,157.78,174.08,N
sky130_fd_sc_hd__nor2_2,159.16,174.08,FS
sky130_fd_sc_hd__and3b_2,161.0,174.08,N
sky130_fd_sc_hd__a31o_2,164.68,174.08,S
sky130_fd_sc_hd__tapvpwrvgnd_1,164.68,174.08,FS
sky130_fd_sc_hd__xnor2_2,165.14,174.08,N
sky130_fd_sc_hd__inv_2,165.6,174.08,FS
sky130_fd_sc_hd__xnor2_2,166.98,174.08,FS
sky130_fd_sc_hd__xnor2_2,171.12,174.08,N
sky130_fd_sc_hd__tapvpwrvgnd_1,177.56,174.08,N
sky130_fd_sc_hd__xor2_2,178.02,174.08,N
sky130_fd_sc_hd__xor2_2,178.94,174.08,S
sky130_fd_sc_hd__o21ai_2,178.94,174.08,FS
VIA_via4_5_2000_480_1_5_400_400,180.14,174.08,N
VIA_via2_3_2000_480_1_6_320_320,180.14,174.08,N
VIA_via3_4_2000_480_1_5_400_400,180.14,174.08,N
sky130_fd_sc_hd__nor2_2,184.0,174.08,N
sky130_fd_sc_hd__decap_3,189.98,174.08,S
sky130_fd_sc_hd__decap_3,189.98,174.08,FN
VIA_M1M2_PR,162.15,174.59,N
VIA_L1M1_PR_MR,163.115,174.59,N
VIA_M1M2_PR,184.69,174.59,N
VIA_M1M2_PR,127.65,174.93,N
VIA_L1M1_PR_MR,146.97,174.93,N
VIA_M1M2_PR,147.89,174.93,N
VIA_M1M2_PR,154.33,174.93,N
VIA_L1M1_PR_MR,161.23,174.93,N
VIA_M1M2_PR,167.21,174.93,N
VIA_M1M2_PR,73.37,175.27,N
VIA_M1M2_PR,100.05,175.27,N
VIA_L1M1_PR_MR,158.93,175.27,N
VIA_M1M2_PR,158.93,175.27,N
VIA_L1M1_PR_MR,160.77,175.27,N
VIA_M1M2_PR,160.77,175.27,N
VIA_L1M1_PR_MR,167.67,175.27,N
VIA_L1M1_PR_MR,171.81,175.27,N
VIA_M1M2_PR,171.81,175.27,N
VIA_L1M1_PR_MR,173.65,175.27,N
VIA_M1M2_PR,175.03,175.27,N
VIA_M1M2_PR,178.25,175.27,N
VIA_L1M1_PR_MR,178.71,175.27,N
VIA_M1M2_PR_MR,181.93,175.27,N
VIA_L1M1_PR_MR,184.23,175.27,N
VIA_L1M1_PR_MR,185.61,175.27,N
VIA_M1M2_PR,188.83,175.27,N
VIA_L1M1_PR_MR,158.01,175.61,N
VIA_M1M2_PR,159.39,175.61,N
VIA_L1M1_PR_MR,160.31,175.61,N
VIA_L1M1_PR_MR,166.29,175.61,N
VIA_M1M2_PR,169.97,175.61,N
VIA_L1M1_PR_MR,170.43,175.61,N
VIA_L1M1_PR_MR,176.41,175.61,N
VIA_L1M1_PR_MR,183.77,175.61,N
VIA_M1M2_PR,183.77,175.61,N
VIA_M1M2_PR,162.61,175.95,N
VIA_L1M1_PR_MR,163.99,175.95,N
VIA_M1M2_PR,172.73,175.95,N
VIA_M1M2_PR,184.23,175.95,N
VIA_L1M1_PR_MR,185.61,175.95,N
VIA_M1M2_PR,144.67,176.29,N
VIA_M1M2_PR,161.69,176.29,N
VIA_L1M1_PR_MR,163.07,176.29,N
VIA_via4_5_2000_480_1_5_400_400,26.44,176.8,N
VIA_via2_3_2000_480_1_6_320_320,26.44,176.8,N
VIA_via3_4_2000_480_1_5_400_400,26.44,176.8,N
VIA_via4_5_2000_480_1_5_400_400,56.44,176.8,N
VIA_via2_3_2000_480_1_6_320_320,56.44,176.8,N
VIA_via3_4_2000_480_1_5_400_400,56.44,176.8,N
VIA_via2_3_2000_480_1_6_320_320,86.44,176.8,N
VIA_via3_4_2000_480_1_5_400_400,86.44,176.8,N
VIA_via4_5_2000_480_1_5_400_400,86.44,176.8,N
VIA_via2_3_2000_480_1_6_320_320,116.44,176.8,N
VIA_via3_4_2000_480_1_5_400_400,116.44,176.8,N
VIA_via4_5_2000_480_1_5_400_400,116.44,176.8,N
VIA_via3_4_2000_480_1_5_400_400,146.44,176.8,N
VIA_via4_5_2000_480_1_5_400_400,146.44,176.8,N
VIA_via2_3_2000_480_1_6_320_320,146.44,176.8,N
VIA_via4_5_2000_480_1_5_400_400,176.44,176.8,N
VIA_via2_3_2000_480_1_6_320_320,176.44,176.8,N
VIA_via3_4_2000_480_1_5_400_400,176.44,176.8,N
VIA_L1M1_PR_MR,154.79,177.31,N
VIA_M1M2_PR,160.31,177.31,N
VIA_M1M2_PR,169.05,177.31,N
VIA_M1M2_PR,171.35,177.31,N
VIA_via5_6_2000_2000_1_1_1600_1600,26.44,177.53,N
VIA_via5_6_2000_2000_1_1_1600_1600,56.44,177.53,N
VIA_via5_6_2000_2000_1_1_1600_1600,86.44,177.53,N
VIA_via5_6_2000_2000_1_1_1600_1600,116.44,177.53,N
VIA_via5_6_2000_2000_1_1_1600_1600,146.44,177.53,N
VIA_via5_6_2000_2000_1_1_1600_1600,176.44,177.53,N
VIA_M1M2_PR,155.25,177.65,N
VIA_L1M1_PR_MR,158.93,177.65,N
VIA_L1M1_PR_MR,166.73,177.65,N
VIA_M1M2_PR,167.21,177.65,N
VIA_M1M2_PR,186.07,177.65,N
VIA_L1M1_PR_MR,186.53,177.65,N
VIA_M3M4_PR,156.86,177.82,N
VIA_L1M1_PR_MR,147.43,177.99,N
VIA_M1M2_PR,147.89,177.99,N
VIA_M1M2_PR,167.67,177.99,N
VIA_L1M1_PR_MR,179.17,177.99,N
VIA_M1M2_PR,179.17,177.99,N
VIA_L1M1_PR_MR,181.47,177.99,N
VIA_M1M2_PR,181.47,177.99,N
VIA_L1M1_PR_MR,184.69,177.99,N
VIA_M1M2_PR,184.69,177.99,N
VIA_M1M2_PR,153.87,178.33,N
VIA_L1M1_PR_MR,154.33,178.33,N
VIA_M1M2_PR,158.93,178.33,N
VIA_L1M1_PR_MR,159.825,178.33,N
VIA_L1M1_PR_MR,160.31,178.33,N
VIA_M1M2_PR,160.31,178.33,N
VIA_L1M1_PR_MR,160.77,178.33,N
VIA_L1M1_PR_MR,161.69,178.33,N
VIA_M1M2_PR,161.69,178.33,N
VIA_L1M1_PR_MR,165.83,178.33,N
VIA_M1M2_PR,166.29,178.33,N
VIA_L1M1_PR_MR,166.29,178.33,N
VIA_M1M2_PR,167.21,178.33,N
VIA_L1M1_PR_MR,167.21,178.33,N
VIA_M1M2_PR,168.59,178.33,N
VIA_L1M1_PR_MR,169.05,178.33,N
VIA_L1M1_PR_MR,182.85,178.33,N
VIA_M1M2_PR,187.45,178.33,N
VIA_M2M3_PR,158.93,178.5,N
VIA_M2M3_PR,168.59,178.5,N
VIA_M2M3_PR,179.17,178.5,N
VIA_M2M3_PR,190.21,178.5,N
VIA_M1M2_PR,110.63,178.67,N
VIA_M1M2_PR,113.85,178.67,N
VIA_L1M1_PR_MR,151.025,178.67,N
VIA_M1M2_PR,151.57,178.67,N
VIA_L1M1_PR_MR,157.55,178.67,N
VIA_M1M2_PR,158.47,178.67,N
VIA_M1M2_PR,164.45,178.67,N
VIA_L1M1_PR_MR,170.43,178.67,N
VIA_M1M2_PR,172.73,178.67,N
VIA_M1M2_PR,181.47,178.67,N
VIA_M1M2_PR,159.39,179.01,N
VIA_L1M1_PR_MR,168.13,179.01,N
VIA_M1M2_PR,168.59,179.01,N
VIA_M1M2_PR,177.33,179.01,N
VIA_L1M1_PR_MR,177.79,179.01,N
VIA_M1M2_PR,182.85,179.01,N
VIA_M1M2_PR,186.53,179.01,N
VIA_L1M1_PR_MR,186.99,179.01,N
VIA_M2M3_PR,152.95,179.18,N
VIA_M2M3_PR,162.15,179.18,N
VIA_M2M3_PR,167.21,179.18,N
VIA_M2M3_PR,173.19,179.18,N
VIA_M3M4_PR,173.42,179.18,N
sky130_fd_sc_hd__decap_3,10.12,179.52,N
sky130_fd_sc_hd__decap_3,10.12,179.52,FS
sky130_fd_sc_hd__tapvpwrvgnd_1,23.0,179.52,N
VIA_via3_4_2000_480_1_5_400_400,30.14,179.52,N
VIA_via2_3_2000_480_1_6_320_320,30.14,179.52,N
VIA_via4_5_2000_480_1_5_400_400,30.14,179.52,N
sky130_fd_sc_hd__tapvpwrvgnd_1,35.88,179.52,FS
sky130_fd_sc_hd__tapvpwrvgnd_1,48.76,179.52,N
VIA_via2_3_2000_480_1_6_320_320,60.14,179.52,N
VIA_via4_5_2000_480_1_5_400_400,60.14,179.52,N
VIA_via3_4_2000_480_1_5_400_400,60.14,179.52,N
sky130_fd_sc_hd__tapvpwrvgnd_1,61.64,179.52,FS
sky130_fd_sc_hd__tapvpwrvgnd_1,74.52,179.52,N
sky130_fd_sc_hd__tapvpwrvgnd_1,87.4,179.52,FS
VIA_via4_5_2000_480_1_5_400_400,90.14,179.52,N
VIA_via3_4_2000_480_1_5_400_400,90.14,179.52,N
VIA_via2_3_2000_480_1_6_320_320,90.14,179.52,N
sky130_fd_sc_hd__tapvpwrvgnd_1,100.28,179.52,N
sky130_fd_sc_hd__tapvpwrvgnd_1,113.16,179.52,FS
VIA_via3_4_2000_480_1_5_400_400,120.14,179.52,N
VIA_via2_3_2000_480_1_6_320_320,120.14,179.52,N
VIA_via4_5_2000_480_1_5_400_400,120.14,179.52,N
sky130_fd_sc_hd__tapvpwrvgnd_1,126.04,179.52,N
sky130_fd_sc_hd__tapvpwrvgnd_1,138.92,179.52,FS
VIA_via4_5_2000_480_1_5_400_400,150.14,179.52,N
VIA_via3_4_2000_480_1_5_400_400,150.14,179.52,N
VIA_via2_3_2000_480_1_6_320_320,150.14,179.52,N
sky130_fd_sc_hd__clkbuf_8,151.34,179.52,S
sky130_fd_sc_hd__tapvpwrvgnd_1,151.8,179.52,N
sky130_fd_sc_hd__inv_2,154.1,179.52,FS
sky130_fd_sc_hd__or3b_2,156.86,179.52,FN
sky130_fd_sc_hd__clkbuf_8,156.86,179.52,N
sky130_fd_sc_hd__clkbuf_4,158.24,179.52,S
sky130_fd_sc_hd__a22o_2,161.92,179.52,S
sky130_fd_sc_hd__tapvpwrvgnd_1,164.68,179.52,FS
sky130_fd_sc_hd__xnor2_2,167.9,179.52,FN
sky130_fd_sc_hd__dfrtp_2,168.82,179.52,FS
sky130_fd_sc_hd__o31a_2,168.82,179.52,S
sky130_fd_sc_hd__dfstp_2,177.56,179.52,FN
sky130_fd_sc_hd__tapvpwrvgnd_1,177.56,179.52,N
VIA_via3_4_2000_480_1_5_400_400,180.14,179.52,N
VIA_via2_3_2000_480_1_6_320_320,180.14,179.52,N
VIA_via4_5_2000_480_1_5_400_400,180.14,179.52,N
sky130_fd_sc_hd__xnor2_2,184.0,179.52,FN
sky130_fd_sc_hd__a221o_2,184.0,179.52,N
sky130_fd_sc_hd__and2b_2,184.46,179.52,FS
sky130_fd_sc_hd__xnor2_2,184.46,179.52,S
sky130_fd_sc_hd__decap_3,189.98,179.52,FN
sky130_fd_sc_hd__decap_3,189.98,179.52,S
VIA_M2M3_PR,167.67,179.86,N
VIA_M2M3_PR,177.33,179.86,N
VIA_L1M1_PR_MR,155.71,180.03,N
VIA_M1M2_PR,161.69,180.03,N
VIA_M1M2_PR,162.15,180.03,N
VIA_M1M2_PR,164.91,180.03,N
VIA_M1M2_PR,177.79,180.03,N
VIA_M1M2_PR,180.09,180.03,N
VIA_L1M1_PR_MR,187.45,180.03,N
VIA_M1M2_PR,158.47,180.37,N
VIA_L1M1_PR_MR,160.77,180.37,N
VIA_M1M2_PR,165.83,180.37,N
VIA_M1M2_PR,167.67,180.37,N
VIA_M1M2_PR_MR,170.43,180.37,N
VIA_M1M2_PR,172.73,180.37,N
VIA_M1M2_PR,174.11,180.37,N
VIA_M1M2_PR,182.85,180.37,N
VIA_L1M1_PR_MR,186.07,180.37,N
VIA_M1M2_PR,187.91,180.37,N
VIA_M1M2_PR,190.67,180.37,N
VIA_M2M3_PR,173.65,180.54,N
VIA_L1M1_PR_MR,154.79,180.71,N
VIA_M1M2_PR,155.71,180.71,N
VIA_L1M1_PR_MR,157.09,180.71,N
VIA_M1M2_PR,158.93,180.71,N
VIA_L1M1_PR_MR,162.15,180.71,N
VIA_L1M1_PR_MR,166.29,180.71,N
VIA_L1M1_PR_MR,167.21,180.71,N
VIA_M1M2_PR,167.21,180.71,N
VIA_L1M1_PR_MR,175.49,180.71,N
VIA_L1M1_PR_MR,182.39,180.71,N
VIA_L1M1_PR_MR,184.23,180.71,N
VIA_M1M2_PR,184.23,180.71,N
VIA_L1M1_PR_MR,184.97,180.71,N
VIA_M1M2_PR,185.15,180.71,N
VIA_L1M1_PR_MR,185.61,180.71,N
VIA_M1M2_PR,185.61,180.71,N
VIA_L1M1_PR_MR,186.555,180.71,N
VIA_M1M2_PR,151.57,181.05,N
VIA_M1M2_PR,156.17,181.05,N
VIA_L1M1_PR_MR,156.63,181.05,N
VIA_M1M2_PR,172.73,181.05,N
VIA_L1M1_PR_MR,177.33,181.05,N
VIA_M1M2_PR,178.25,181.05,N
VIA_L1M1_PR_MR,178.25,181.05,N
VIA_M1M2_PR,179.17,181.05,N
VIA_L1M1_PR_MR,182.85,181.05,N
VIA_M1M2_PR,182.85,181.05,N
VIA_via5_6_2000_2000_1_1_1600_1600,30.14,181.23,N
VIA_via5_6_2000_2000_1_1_1600_1600,60.14,181.23,N
VIA_via5_6_2000_2000_1_1_1600_1600,90.14,181.23,N
VIA_via5_6_2000_2000_1_1_1600_1600,120.14,181.23,N
VIA_via5_6_2000_2000_1_1_1600_1600,150.14,181.23,N
VIA_via5_6_2000_2000_1_1_1600_1600,180.14,181.23,N
VIA_M1M2_PR,160.77,181.39,N
VIA_M1M2_PR,170.43,181.39,N
VIA_M1M2_PR,185.61,181.39,N
VIA_M1M2_PR,152.95,181.73,N
VIA_L1M1_PR_MR,153.87,181.73,N
VIA_M1M2_PR,166.75,181.73,N
VIA_L1M1_PR_MR,168.59,181.73,N
VIA_M1M2_PR,169.51,181.73,N
VIA_via2_3_2000_480_1_6_320_320,26.44,182.24,N
VIA_via4_5_2000_480_1_5_400_400,26.44,182.24,N
VIA_via3_4_2000_480_1_5_400_400,26.44,182.24,N
VIA_via2_3_2000_480_1_6_320_320,56.44,182.24,N
VIA_via4_5_2000_480_1_5_400_400,56.44,182.24,N
VIA_via3_4_2000_480_1_5_400_400,56.44,182.24,N
VIA_via2_3_2000_480_1_6_320_320,86.44,182.24,N
VIA_via3_4_2000_480_1_5_400_400,86.44,182.24,N
VIA_via4_5_2000_480_1_5_400_400,86.44,182.24,N
VIA_via2_3_2000_480_1_6_320_320,116.44,182.24,N
VIA_via4_5_2000_480_1_5_400_400,116.44,182.24,N
VIA_via3_4_2000_480_1_5_400_400,116.44,182.24,N
VIA_via2_3_2000_480_1_6_320_320,146.44,182.24,N
VIA_via4_5_2000_480_1_5_400_400,146.44,182.24,N
VIA_via3_4_2000_480_1_5_400_400,146.44,182.24,N
VIA_via2_3_2000_480_1_6_320_320,176.44,182.24,N
VIA_via3_4_2000_480_1_5_400_400,176.44,182.24,N
VIA_via4_5_2000_480_1_5_400_400,176.44,182.24,N
VIA_M1M2_PR,143.75,182.75,N
VIA_M1M2_PR,144.67,182.75,N
VIA_M1M2_PR,160.77,182.75,N
VIA_M1M2_PR,163.07,182.75,N
VIA_L1M1_PR_MR,174.11,182.75,N
VIA_M1M2_PR,178.71,182.75,N
VIA_M1M2_PR,180.09,182.75,N
VIA_M1M2_PR,181.93,182.75,N
VIA_L1M1_PR_MR,183.77,182.75,N
VIA_M1M2_PR,123.05,183.09,N
VIA_L1M1_PR_MR,158.47,183.09,N
VIA_M1M2_PR,164.45,183.09,N
VIA_M1M2_PR,169.51,183.09,N
VIA_M1M2_PR,170.89,183.09,N
VIA_M1M2_PR,172.73,183.09,N
VIA_M1M2_PR,183.31,183.09,N
VIA_M1M2_PR,185.15,183.09,N
VIA_M2M3_PR,172.73,183.26,N
VIA_M2M3_PR,188.37,183.26,N
VIA_M1M2_PR,143.75,183.43,N
VIA_M1M2_PR,145.13,183.43,N
VIA_M1M2_PR,152.49,183.43,N
VIA_L1M1_PR_MR,155.25,183.43,N
VIA_M1M2_PR,159.39,183.43,N
VIA_L1M1_PR_MR,161.69,183.43,N
VIA_M1M2_PR,163.07,183.43,N
VIA_L1M1_PR_MR,166.75,183.43,N
VIA_M1M2_PR,168.13,183.43,N
VIA_M1M2_PR,170.43,183.43,N
VIA_M1M2_PR,174.11,183.43,N
VIA_L1M1_PR_MR,114.31,183.77,N
VIA_L1M1_PR_MR,152.03,183.77,N
VIA_M1M2_PR,152.95,183.77,N
VIA_L1M1_PR_MR,152.95,183.77,N
VIA_M1M2_PR,153.87,183.77,N
VIA_L1M1_PR_MR,153.87,183.77,N
VIA_L1M1_PR_MR,154.33,183.77,N
VIA_M1M2_PR,156.17,183.77,N
VIA_L1M1_PR_MR,161.23,183.77,N
VIA_M1M2_PR,164.91,183.77,N
VIA_L1M1_PR_MR,165.83,183.77,N
VIA_M1M2_PR,168.59,183.77,N
VIA_M1M2_PR,170.89,183.77,N
VIA_L1M1_PR_MR,170.89,183.77,N
VIA_L1M1_PR_MR,171.35,183.77,N
VIA_L1M1_PR_MR,171.81,183.77,N
VIA_L1M1_PR_MR,172.73,183.77,N
VIA_M1M2_PR,172.73,183.77,N
VIA_L1M1_PR_MR,173.19,183.77,N
VIA_M1M2_PR,173.65,183.77,N
VIA_L1M1_PR_MR,175.03,183.77,N
VIA_L1M1_PR_MR,184.69,183.77,N
VIA_L1M1_PR_MR,185.43,183.77,N
VIA_L1M1_PR_MR,186.07,183.77,N
VIA_M1M2_PR,186.07,183.77,N
VIA_L1M1_PR_MR,187.22,183.77,N
VIA_M1M2_PR,187.45,183.77,N
VIA_M1M2_PR,189.75,183.77,N
VIA_M2M3_PR,168.13,183.94,N
VIA_M2M3_PR,181.93,183.94,N
VIA_M1M2_PR,115.23,184.11,N
VIA_L1M1_PR_MR,115.69,184.11,N
VIA_M1M2_PR,154.79,184.11,N
VIA_L1M1_PR_MR,155.71,184.11,N
VIA_L1M1_PR_MR,157.55,184.11,N
VIA_M1M2_PR,159.39,184.11,N
VIA_M1M2_PR,176.41,184.11,N
VIA_L1M1_PR_MR,176.41,184.11,N
VIA_L1M1_PR_MR,186.53,184.11,N
VIA_M1M2_PR,190.67,184.11,N
VIA_M1M2_PR,114.77,184.45,N
VIA_M1M2_PR,122.13,184.45,N
VIA_L1M1_PR_MR,123.05,184.45,N
VIA_M1M2_PR,152.49,184.45,N
VIA_L1M1_PR_MR,152.49,184.45,N
VIA_M1M2_PR,153.41,184.45,N
VIA_M1M2_PR,156.63,184.45,N
VIA_L1M1_PR_MR,156.63,184.45,N
VIA_L1M1_PR_MR,157.09,184.45,N
VIA_M1M2_PR,158.01,184.45,N
VIA_L1M1_PR_MR,164.45,184.45,N
VIA_M1M2_PR,165.37,184.45,N
VIA_M1M2_PR,168.13,184.45,N
VIA_M1M2_PR,172.27,184.45,N
VIA_L1M1_PR_MR,183.77,184.45,N
VIA_M1M2_PR,185.15,184.45,N
VIA_M1M2_PR,186.07,184.45,N
VIA_L1M1_PR_MR,187.91,184.45,N
VIA_M1M2_PR,187.91,184.45,N
VIA_M2M3_PR,156.17,184.62,N
VIA_M2M3_PR,163.99,184.62,N
VIA_M2M3_PR,175.95,184.62,N
sky130_fd_sc_hd__decap_3,10.12,184.96,N
sky130_fd_sc_hd__decap_3,10.12,184.96,FS
sky130_fd_sc_hd__tapvpwrvgnd_1,23.0,184.96,N
VIA_via4_5_2000_480_1_5_400_400,30.14,184.96,N
VIA_via3_4_2000_480_1_5_400_400,30.14,184.96,N
VIA_via2_3_2000_480_1_6_320_320,30.14,184.96,N
sky130_fd_sc_hd__tapvpwrvgnd_1,35.88,184.96,FS
sky130_fd_sc_hd__tapvpwrvgnd_1,48.76,184.96,N
VIA_via2_3_2000_480_1_6_320_320,60.14,184.96,N
VIA_via4_5_2000_480_1_5_400_400,60.14,184.96,N
VIA_via3_4_2000_480_1_5_400_400,60.14,184.96,N
sky130_fd_sc_hd__tapvpwrvgnd_1,61.64,184.96,FS
sky130_fd_sc_hd__tapvpwrvgnd_1,74.52,184.96,N
sky130_fd_sc_hd__tapvpwrvgnd_1,87.4,184.96,FS
VIA_via3_4_2000_480_1_5_400_400,90.14,184.96,N
VIA_via2_3_2000_480_1_6_320_320,90.14,184.96,N
VIA_via4_5_2000_480_1_5_400_400,90.14,184.96,N
sky130_fd_sc_hd__tapvpwrvgnd_1,100.28,184.96,N
sky130_fd_sc_hd__tapvpwrvgnd_1,113.16,184.96,FS
sky130_fd_sc_hd__dfrtp_2,114.08,184.96,FS
sky130_fd_sc_hd__dfrtp_2,116.38,184.96,N
sky130_fd_sc_hd__nand2b_2,116.38,184.96,FN
VIA_via3_4_2000_480_1_5_400_400,120.14,184.96,N
VIA_via2_3_2000_480_1_6_320_320,120.14,184.96,N
VIA_via4_5_2000_480_1_5_400_400,120.14,184.96,N
sky130_fd_sc_hd__tapvpwrvgnd_1,126.04,184.96,N
sky130_fd_sc_hd__tapvpwrvgnd_1,138.92,184.96,FS
VIA_via2_3_2000_480_1_6_320_320,150.14,184.96,N
VIA_via3_4_2000_480_1_5_400_400,150.14,184.96,N
VIA_via4_5_2000_480_1_5_400_400,150.14,184.96,N
sky130_fd_sc_hd__or2_2,151.8,184.96,FN
sky130_fd_sc_hd__tapvpwrvgnd_1,151.8,184.96,N
sky130_fd_sc_hd__nor2_2,153.18,184.96,S
sky130_fd_sc_hd__nand2_2,153.18,184.96,FS
sky130_fd_sc_hd__xnor2_2,156.86,184.96,N
sky130_fd_sc_hd__a22o_2,156.86,184.96,FN
sky130_fd_sc_hd__xnor2_2,158.7,184.96,FS
sky130_fd_sc_hd__a31o_2,158.7,184.96,S
sky130_fd_sc_hd__xnor2_2,162.84,184.96,N
sky130_fd_sc_hd__tapvpwrvgnd_1,164.68,184.96,FS
sky130_fd_sc_hd__xor2_2,165.14,184.96,FS
sky130_fd_sc_hd__xnor2_2,174.8,184.96,FN
sky130_fd_sc_hd__dfrtp_2,174.8,184.96,FS
sky130_fd_sc_hd__a211o_2,174.8,184.96,S
sky130_fd_sc_hd__and3_2,177.56,184.96,FN
sky130_fd_sc_hd__tapvpwrvgnd_1,177.56,184.96,N
VIA_via3_4_2000_480_1_5_400_400,180.14,184.96,N
VIA_via4_5_2000_480_1_5_400_400,180.14,184.96,N
VIA_via2_3_2000_480_1_6_320_320,180.14,184.96,N
sky130_fd_sc_hd__a22oi_2,184.0,184.96,N
sky130_fd_sc_hd__xnor2_2,184.0,184.96,FN
sky130_fd_sc_hd__a221o_2,184.46,184.96,FS
sky130_fd_sc_hd__decap_3,189.98,184.96,FN
sky130_fd_sc_hd__decap_3,189.98,184.96,S
VIA_M2M3_PR,153.87,185.3,N
VIA_L1M1_PR_MR,153.83,185.47,N
VIA_M1M2_PR,154.79,185.47,N
VIA_M1M2_PR,167.67,185.47,N
VIA_M1M2_PR,169.05,185.47,N
VIA_L1M1_PR_MR,169.05,185.47,N
VIA_M1M2_PR,173.65,185.47,N
VIA_L1M1_PR_MR,176.41,185.47,N
VIA_M1M2_PR,114.77,185.81,N
VIA_L1M1_PR_MR,114.77,185.81,N
VIA_M1M2_PR,115.23,185.81,N
VIA_M1M2_PR,123.05,185.81,N
VIA_L1M1_PR_MR,149.73,185.81,N
VIA_M1M2_PR,153.41,185.81,N
VIA_M1M2_PR,154.33,185.81,N
VIA_L1M1_PR_MR,155.25,185.81,N
VIA_M1M2_PR,155.71,185.81,N
VIA_L1M1_PR_MR,155.71,185.81,N
VIA_M1M2_PR,157.55,185.81,N
VIA_M1M2_PR,166.29,185.81,N
VIA_M1M2_PR,170.43,185.81,N
VIA_M1M2_PR,172.73,185.81,N
VIA_L1M1_PR_MR,177.33,185.81,N
VIA_M2M3_PR,32.43,185.98,N
VIA_M2M3_PR,170.89,185.98,N
VIA_M3M4_PR,171.58,185.98,N
VIA_M2M3_PR,173.19,185.98,N
VIA_M3M4_PR,174.34,185.98,N
VIA_M2M3_PR,176.41,185.98,N
VIA_M2M3_PR,187.45,185.98,N
VIA_L1M1_PR_MR,115.69,186.15,N
VIA_L1M1_PR_MR,116.61,186.15,N
VIA_L1M1_PR_MR,150.65,186.15,N
VIA_M1M2_PR,150.65,186.15,N
VIA_L1M1_PR_MR,151.57,186.15,N
VIA_M1M2_PR,151.57,186.15,N
VIA_L1M1_PR_MR,154.765,186.15,N
VIA_L1M1_PR_MR,156.63,186.15,N
VIA_M1M2_PR,159.39,186.15,N
VIA_L1M1_PR_MR,159.39,186.15,N
VIA_M1M2_PR,160.77,186.15,N
VIA_L1M1_PR_MR,164.45,186.15,N
VIA_L1M1_PR_MR,166.75,186.15,N
VIA_M1M2_PR,166.75,186.15,N
VIA_M1M2_PR,169.05,186.15,N
VIA_M1M2_PR,173.19,186.15,N
VIA_L1M1_PR_MR,173.19,186.15,N
VIA_L1M1_PR_MR,174.11,186.15,N
VIA_L1M1_PR_MR,175.03,186.15,N
VIA_M1M2_PR,177.79,186.15,N
VIA_L1M1_PR_MR,178.25,186.15,N
VIA_M1M2_PR,178.71,186.15,N
VIA_L1M1_PR_MR,181.47,186.15,N
VIA_M1M2_PR,182.39,186.15,N
VIA_L1M1_PR_MR,184.23,186.15,N
VIA_L1M1_PR_MR,185.15,186.15,N
VIA_L1M1_PR_MR,186.53,186.15,N
VIA_L1M1_PR_MR,188.37,186.15,N
VIA_M1M2_PR,188.37,186.15,N
VIA_M1M2_PR,69.23,186.49,N
VIA_M1M2_PR,79.35,186.49,N
VIA_M1M2_PR,114.31,186.49,N
VIA_L1M1_PR_MR,114.31,186.49,N
VIA_L1M1_PR_MR,117.99,186.49,N
VIA_M1M2_PR,117.99,186.49,N
VIA_M1M2_PR,158.47,186.49,N
VIA_L1M1_PR_MR,159.85,186.49,N
VIA_L1M1_PR_MR,162.61,186.49,N
VIA_M1M2_PR,163.99,186.49,N
VIA_M1M2_PR,165.83,186.49,N
VIA_M1M2_PR,168.13,186.49,N
VIA_L1M1_PR_MR,168.59,186.49,N
VIA_M1M2_PR,171.81,186.49,N
VIA_M1M2_PR,175.49,186.49,N
VIA_L1M1_PR_MR,181.01,186.49,N
VIA_M1M2_PR,181.93,186.49,N
VIA_M3M4_PR,168.82,186.66,N
VIA_M2M3_PR,169.97,186.66,N
VIA_M2M3_PR,175.03,186.66,N
VIA_M1M2_PR,174.57,186.83,N
VIA_M1M2_PR,177.33,186.83,N
VIA_M1M2_PR,178.71,186.83,N
VIA_M1M2_PR,118.45,187.17,N
VIA_M1M2_PR,121.67,187.17,N
VIA_M1M2_PR,125.35,187.17,N
VIA_L1M1_PR_MR,125.35,187.17,N
VIA_M1M2_PR,162.61,187.17,N
VIA_M1M2_PR,164.45,187.17,N
VIA_M1M2_PR,175.95,187.17,N
VIA_L1M1_PR_MR,176.41,187.17,N
VIA_L1M1_PR_MR,184.23,187.17,N
VIA_M1M2_PR,184.23,187.17,N
VIA_M2M3_PR,163.99,187.34,N
VIA_via4_5_2000_480_1_5_400_400,26.44,187.68,N
VIA_via2_3_2000_480_1_6_320_320,26.44,187.68,N
VIA_via3_4_2000_480_1_5_400_400,26.44,187.68,N
VIA_via2_3_2000_480_1_6_320_320,56.44,187.68,N
VIA_via4_5_2000_480_1_5_400_400,56.44,187.68,N
VIA_via3_4_2000_480_1_5_400_400,56.44,187.68,N
VIA_via4_5_2000_480_1_5_400_400,86.44,187.68,N
VIA_via2_3_2000_480_1_6_320_320,86.44,187.68,N
VIA_via3_4_2000_480_1_5_400_400,86.44,187.68,N
VIA_via4_5_2000_480_1_5_400_400,116.44,187.68,N
VIA_via2_3_2000_480_1_6_320_320,116.44,187.68,N
VIA_via3_4_2000_480_1_5_400_400,116.44,187.68,N
VIA_via4_5_2000_480_1_5_400_400,146.44,187.68,N
VIA_via3_4_2000_480_1_5_400_400,146.44,187.68,N
VIA_via2_3_2000_480_1_6_320_320,146.44,187.68,N
VIA_via3_4_2000_480_1_5_400_400,176.44,187.68,N
VIA_via2_3_2000_480_1_6_320_320,176.44,187.68,N
VIA_via4_5_2000_480_1_5_400_400,176.44,187.68,N
VIA_M2M3_PR,151.57,188.02,N
VIA_M2M3_PR,165.83,188.02,N
VIA_M2M3_PR,173.65,188.02,N
VIA_M1M2_PR,78.89,188.19,N
VIA_L1M1_PR_MR,116.61,188.19,N
VIA_M1M2_PR,117.99,188.19,N
VIA_L1M1_PR_MR,119.83,188.19,N
VIA_M1M2_PR,160.77,188.19,N
VIA_L1M1_PR_MR,175.95,188.19,N
VIA_L1M1_PR_MR,117.07,188.53,N
VIA_M1M2_PR,117.07,188.53,N
VIA_L1M1_PR_MR,121.67,188.53,N
VIA_M1M2_PR,150.65,188.53,N
VIA_M1M2_PR,154.79,188.53,N
VIA_L1M1_PR_MR,154.79,188.53,N
VIA_L1M1_PR_MR,155.71,188.53,N
VIA_M1M2_PR,157.55,188.53,N
VIA_M1M2_PR,166.75,188.53,N
VIA_M1M2_PR,184.69,188.53,N
VIA_M2M3_PR,162.15,188.7,N
VIA_M2M3_PR,164.45,188.7,N
VIA_M2M3_PR,186.53,188.7,N
VIA_L1M1_PR_MR,158.47,188.87,N
VIA_L1M1_PR_MR,158.93,188.87,N
VIA_M1M2_PR,158.93,188.87,N
VIA_M1M2_PR,161.23,188.87,N
VIA_L1M1_PR_MR,161.69,188.87,N
VIA_L1M1_PR_MR,163.07,188.87,N
VIA_M1M2_PR,164.45,188.87,N
VIA_L1M1_PR_MR,167.21,188.87,N
VIA_M1M2_PR,168.13,188.87,N
VIA_L1M1_PR_MR,178.25,188.87,N
VIA_M1M2_PR,178.71,188.87,N
VIA_L1M1_PR_MR,182.39,188.87,N
VIA_L1M1_PR_MR,182.85,188.87,N
VIA_M1M2_PR,182.85,188.87,N
VIA_L1M1_PR_MR,186.99,188.87,N
VIA_M1M2_PR,114.31,189.21,N
VIA_L1M1_PR_MR,120.75,189.21,N
VIA_M1M2_PR,121.67,189.21,N
VIA_M1M2_PR,122.13,189.21,N
VIA_L1M1_PR_MR,122.13,189.21,N
VIA_M1M2_PR,152.03,189.21,N
VIA_L1M1_PR_MR,152.03,189.21,N
VIA_L1M1_PR_MR,152.95,189.21,N
VIA_L1M1_PR_MR,153.41,189.21,N
VIA_M1M2_PR,156.17,189.21,N
VIA_M1M2_PR,157.55,189.21,N
VIA_L1M1_PR_MR,157.55,189.21,N
VIA_M1M2_PR,159.39,189.21,N
VIA_L1M1_PR_MR,159.395,189.21,N
VIA_L1M1_PR_MR,160.31,189.21,N
VIA_L1M1_PR_MR,160.77,189.21,N
VIA_L1M1_PR_MR,162.15,189.21,N
VIA_M1M2_PR,162.15,189.21,N
VIA_L1M1_PR_MR,162.61,189.21,N
VIA_M1M2_PR,163.99,189.21,N
VIA_M1M2_PR,166.29,189.21,N
VIA_L1M1_PR_MR,169.05,189.21,N
VIA_M1M2_PR,173.65,189.21,N
VIA_M1M2_PR_MR,177.79,189.21,N
VIA_M1M2_PR,185.61,189.21,N
VIA_M2M3_PR,162.61,189.38,N
VIA_M2M3_PR,163.53,189.38,N
VIA_M2M3_PR,184.23,189.38,N
VIA_L1M1_PR_MR,118.91,189.55,N
VIA_M1M2_PR,125.35,189.55,N
VIA_M1M2_PR,154.79,189.55,N
VIA_L1M1_PR_MR,156.63,189.55,N
VIA_M1M2_PR,156.63,189.55,N
VIA_M1M2_PR,161.69,189.55,N
VIA_M1M2_PR,171.81,189.55,N
VIA_M1M2_PR,186.53,189.55,N
VIA_L1M1_PR_MR,152.49,189.89,N
VIA_M1M2_PR,152.95,189.89,N
VIA_L1M1_PR_MR,163.99,189.89,N
VIA_M1M2_PR,163.99,189.89,N
VIA_M1M2_PR,174.57,189.89,N
VIA_M1M2_PR,184.69,189.89,N
VIA_M1M2_PR,198.95,189.89,N
VIA_M2M3_PR,163.99,190.06,N
VIA_M2M3_PR,169.97,190.06,N
sky130_fd_sc_hd__decap_3,10.12,190.4,FS
sky130_fd_sc_hd__decap_3,10.12,190.4,N
sky130_fd_sc_hd__tapvpwrvgnd_1,23.0,190.4,N
VIA_via4_5_2000_480_1_5_400_400,30.14,190.4,N
VIA_via3_4_2000_480_1_5_400_400,30.14,190.4,N
VIA_via2_3_2000_480_1_6_320_320,30.14,190.4,N
sky130_fd_sc_hd__tapvpwrvgnd_1,35.88,190.4,FS
sky130_fd_sc_hd__tapvpwrvgnd_1,48.76,190.4,N
VIA_via2_3_2000_480_1_6_320_320,60.14,190.4,N
VIA_via4_5_2000_480_1_5_400_400,60.14,190.4,N
VIA_via3_4_2000_480_1_5_400_400,60.14,190.4,N
sky130_fd_sc_hd__tapvpwrvgnd_1,61.64,190.4,FS
sky130_fd_sc_hd__tapvpwrvgnd_1,74.52,190.4,N
sky130_fd_sc_hd__tapvpwrvgnd_1,87.4,190.4,FS
VIA_via3_4_2000_480_1_5_400_400,90.14,190.4,N
VIA_via2_3_2000_480_1_6_320_320,90.14,190.4,N
VIA_via4_5_2000_480_1_5_400_400,90.14,190.4,N
sky130_fd_sc_hd__tapvpwrvgnd_1,100.28,190.4,N
sky130_fd_sc_hd__tapvpwrvgnd_1,113.16,190.4,FS
sky130_fd_sc_hd__o21a_2,119.14,190.4,FS
sky130_fd_sc_hd__and2b_2,119.14,190.4,S
VIA_via4_5_2000_480_1_5_400_400,120.14,190.4,N
VIA_via3_4_2000_480_1_5_400_400,120.14,190.4,N
VIA_via2_3_2000_480_1_6_320_320,120.14,190.4,N
sky130_fd_sc_hd__a31o_2,120.52,190.4,N
sky130_fd_sc_hd__nand4_2,120.52,190.4,FN
sky130_fd_sc_hd__tapvpwrvgnd_1,126.04,190.4,N
sky130_fd_sc_hd__tapvpwrvgnd_1,138.92,190.4,FS
VIA_via2_3_2000_480_1_6_320_320,150.14,190.4,N
VIA_via3_4_2000_480_1_5_400_400,150.14,190.4,N
VIA_via4_5_2000_480_1_5_400_400,150.14,190.4,N
sky130_fd_sc_hd__tapvpwrvgnd_1,151.8,190.4,N
sky130_fd_sc_hd__and2b_2,153.18,190.4,FS
sky130_fd_sc_hd__nor2_2,153.18,190.4,S
sky130_fd_sc_hd__nand2b_2,155.02,190.4,N
sky130_fd_sc_hd__nand2_2,155.02,190.4,FN
sky130_fd_sc_hd__o221a_2,160.54,190.4,S
sky130_fd_sc_hd__xnor2_2,161.92,190.4,N
sky130_fd_sc_hd__a22o_2,161.92,190.4,FN
sky130_fd_sc_hd__o32a_2,164.68,190.4,S
sky130_fd_sc_hd__tapvpwrvgnd_1,164.68,190.4,FS
sky130_fd_sc_hd__dfstp_2,166.98,190.4,FS
sky130_fd_sc_hd__dfstp_2,167.9,190.4,N
sky130_fd_sc_hd__xor2_2,176.64,190.4,FS
sky130_fd_sc_hd__tapvpwrvgnd_1,177.56,190.4,N
VIA_via4_5_2000_480_1_5_400_400,180.14,190.4,N
VIA_via2_3_2000_480_1_6_320_320,180.14,190.4,N
VIA_via3_4_2000_480_1_5_400_400,180.14,190.4,N
sky130_fd_sc_hd__a221o_2,184.0,190.4,N
sky130_fd_sc_hd__xor2_2,184.0,190.4,FN
sky130_fd_sc_hd__xor2_2,188.6,190.4,S
sky130_fd_sc_hd__decap_3,189.98,190.4,S
sky130_fd_sc_hd__decap_3,189.98,190.4,FN
VIA_M2M3_PR,152.95,190.74,N
VIA_M2M3_PR,169.51,190.74,N
VIA_L1M1_PR_MR,121.21,190.91,N
VIA_M1M2_PR,121.21,190.91,N
VIA_M1M2_PR,122.59,190.91,N
VIA_L1M1_PR_MR,122.59,190.91,N
VIA_M1M2_PR,159.39,190.91,N
VIA_M1M2_PR,160.31,190.91,N
VIA_M1M2_PR,167.21,190.91,N
VIA_L1M1_PR_MR,167.67,190.91,N
VIA_L1M1_PR_MR,187.45,190.91,N
VIA_M1M2_PR,187.45,190.91,N
VIA_M1M2_PR,114.31,191.25,N
VIA_L1M1_PR_MR,123.51,191.25,N
VIA_M1M2_PR,125.35,191.25,N
VIA_L1M1_PR_MR,156.63,191.25,N
VIA_M1M2_PR,158.93,191.25,N
VIA_M1M2_PR,163.07,191.25,N
VIA_M1M2_PR,171.81,191.25,N
VIA_M1M2_PR,174.11,191.25,N
VIA_M1M2_PR_MR,175.03,191.25,N
VIA_M1M2_PR,177.33,191.25,N
VIA_L1M1_PR_MR,177.33,191.25,N
VIA_M1M2_PR,180.55,191.25,N
VIA_M1M2_PR,185.61,191.25,N
VIA_L1M1_PR_MR,185.61,191.25,N
VIA_L1M1_PR_MR,186.07,191.25,N
VIA_M1M2_PR,190.67,191.25,N
VIA_M2M3_PR,158.47,191.42,N
VIA_M2M3_PR,172.27,191.42,N
VIA_M2M3_PR,177.33,191.42,N
VIA_M2M3_PR,189.75,191.42,N
VIA_L1M1_PR_MR,116.15,191.59,N
VIA_L1M1_PR_MR,116.61,191.59,N
VIA_L1M1_PR_MR,117.99,191.59,N
VIA_M1M2_PR,118.91,191.59,N
VIA_L1M1_PR_MR,119.37,191.59,N
VIA_M1M2_PR,120.29,191.59,N
VIA_L1M1_PR_MR,120.29,191.59,N
VIA_L1M1_PR_MR,121.67,191.59,N
VIA_L1M1_PR_MR,122.31,191.59,N
VIA_L1M1_PR_MR,153.87,191.59,N
VIA_L1M1_PR_MR,154.79,191.59,N
VIA_M1M2_PR,155.25,191.59,N
VIA_L1M1_PR_MR,155.71,191.59,N
VIA_M1M2_PR,156.17,191.59,N
VIA_L1M1_PR_MR,157.09,191.59,N
VIA_M1M2_PR,158.47,191.59,N
VIA_M1M2_PR,159.39,191.59,N
VIA_L1M1_PR_MR,159.59,191.59,N
VIA_L1M1_PR_MR,160.31,191.59,N
VIA_M1M2_PR,160.31,191.59,N
VIA_L1M1_PR_MR,160.77,191.59,N
VIA_M1M2_PR,160.77,191.59,N
VIA_M1M2_PR,161.23,191.59,N
VIA_L1M1_PR_MR,161.69,191.59,N
VIA_L1M1_PR_MR,162.61,191.59,N
VIA_L1M1_PR_MR,163.53,191.59,N
VIA_M1M2_PR,163.53,191.59,N
VIA_L1M1_PR_MR,168.13,191.59,N
VIA_M1M2_PR,168.13,191.59,N
VIA_L1M1_PR_MR,169.97,191.59,N
VIA_M1M2_PR,169.97,191.59,N
VIA_M1M2_PR,181.93,191.59,N
VIA_L1M1_PR_MR,184.23,191.59,N
VIA_L1M1_PR_MR,184.97,191.59,N
VIA_M1M2_PR,185.15,191.59,N
VIA_M1M2_PR,186.53,191.59,N
VIA_L1M1_PR_MR,186.555,191.59,N
VIA_M1M2_PR,188.37,191.59,N
VIA_M1M2_PR,164.45,191.93,N
VIA_L1M1_PR_MR,178.25,191.93,N
VIA_L1M1_PR_MR,182.39,191.93,N
VIA_M2M3_PR,154.33,192.1,N
VIA_M2M3_PR,160.31,192.1,N
VIA_M2M3_PR,163.53,192.1,N
VIA_M2M3_PR,166.75,192.1,N
VIA_M2M3_PR,168.59,192.1,N
VIA_M1M2_PR,118.45,192.27,N
VIA_M1M2_PR,122.59,192.27,N
VIA_M1M2_PR,154.79,192.27,N
VIA_L1M1_PR_MR,157.55,192.27,N
VIA_M1M2_PR,163.07,192.27,N
VIA_M1M2_PR,177.79,192.27,N
VIA_M1M2_PR,186.53,192.27,N
VIA_L1M1_PR_MR,154.33,192.61,N
VIA_L1M1_PR_MR,158.93,192.61,N
VIA_M1M2_PR,158.93,192.61,N
VIA_M1M2_PR,161.23,192.61,N
VIA_M1M2_PR,180.55,192.61,N
VIA_via4_5_2000_480_1_5_400_400,26.44,193.12,N
VIA_via2_3_2000_480_1_6_320_320,26.44,193.12,N
VIA_via3_4_2000_480_1_5_400_400,26.44,193.12,N
VIA_via4_5_2000_480_1_5_400_400,56.44,193.12,N
VIA_via2_3_2000_480_1_6_320_320,56.44,193.12,N
VIA_via3_4_2000_480_1_5_400_400,56.44,193.12,N
VIA_via4_5_2000_480_1_5_400_400,86.44,193.12,N
VIA_via2_3_2000_480_1_6_320_320,86.44,193.12,N
VIA_via3_4_2000_480_1_5_400_400,86.44,193.12,N
VIA_via3_4_2000_480_1_5_400_400,116.44,193.12,N
VIA_via4_5_2000_480_1_5_400_400,116.44,193.12,N
VIA_via2_3_2000_480_1_6_320_320,116.44,193.12,N
VIA_via3_4_2000_480_1_5_400_400,146.44,193.12,N
VIA_via2_3_2000_480_1_6_320_320,146.44,193.12,N
VIA_via4_5_2000_480_1_5_400_400,146.44,193.12,N
VIA_via2_3_2000_480_1_6_320_320,176.44,193.12,N
VIA_via3_4_2000_480_1_5_400_400,176.44,193.12,N
VIA_via4_5_2000_480_1_5_400_400,176.44,193.12,N
VIA_M2M3_PR,152.49,193.46,N
VIA_M2M3_PR,171.35,193.46,N
VIA_M3M4_PR,172.5,193.46,N
VIA_M2M3_PR,174.11,193.46,N
VIA_L1M1_PR_MR,158.01,193.63,N
VIA_M1M2_PR,166.29,193.63,N
VIA_M1M2_PR,169.51,193.63,N
VIA_L1M1_PR_MR,171.35,193.63,N
VIA_L1M1_PR_MR,173.19,193.63,N
VIA_L1M1_PR_MR,174.57,193.63,N
VIA_M1M2_PR,174.57,193.63,N
VIA_M1M2_PR,176.87,193.63,N
VIA_M1M2_PR,112.93,193.97,N
VIA_M1M2_PR,155.71,193.97,N
VIA_L1M1_PR_MR,155.71,193.97,N
VIA_M1M2_PR,161.23,193.97,N
VIA_M1M2_PR,173.65,193.97,N
VIA_L1M1_PR_MR,186.53,193.97,N
VIA_M1M2_PR,187.45,193.97,N
VIA_M2M3_PR,157.55,194.14,N
VIA_M2M3_PR,177.33,194.14,N
VIA_M2M3_PR,178.71,194.14,N
VIA_M1M2_PR,81.19,194.31,N
VIA_M1M2_PR,113.39,194.31,N
VIA_M1M2_PR,120.29,194.31,N
VIA_L1M1_PR_MR,120.29,194.31,N
VIA_M1M2_PR,157.55,194.31,N
VIA_M1M2_PR,160.31,194.31,N
VIA_M1M2_PR,166.29,194.31,N
VIA_L1M1_PR_MR,166.29,194.31,N
VIA_M1M2_PR,167.67,194.31,N
VIA_M1M2_PR,170.43,194.31,N
VIA_L1M1_PR_MR,170.43,194.31,N
VIA_L1M1_PR_MR,171.81,194.31,N
VIA_M1M2_PR,171.81,194.31,N
VIA_L1M1_PR_MR,181.93,194.31,N
VIA_L1M1_PR_MR,184.23,194.31,N
VIA_L1M1_PR_MR,186.99,194.31,N
VIA_M1M2_PR,188.37,194.31,N
VIA_M1M2_PR,82.11,194.65,N
VIA_M1M2_PR,114.77,194.65,N
VIA_L1M1_PR_MR,116.15,194.65,N
VIA_L1M1_PR_MR,117.53,194.65,N
VIA_L1M1_PR_MR,118.45,194.65,N
VIA_L1M1_PR_MR,119.83,194.65,N
VIA_M1M2_PR,131.33,194.65,N
VIA_M1M2_PR,154.33,194.65,N
VIA_L1M1_PR_MR,155.71,194.65,N
VIA_L1M1_PR_MR,157.09,194.65,N
VIA_M1M2_PR,158.47,194.65,N
VIA_L1M1_PR_MR,158.93,194.65,N
VIA_M1M2_PR,158.93,194.65,N
VIA_L1M1_PR_MR,161.92,194.65,N
VIA_L1M1_PR_MR,162.61,194.65,N
VIA_M1M2_PR,163.07,194.65,N
VIA_L1M1_PR_MR,163.07,194.65,N
VIA_L1M1_PR_MR,163.71,194.65,N
VIA_L1M1_PR_MR,164.45,194.65,N
VIA_L1M1_PR_MR,166.75,194.65,N
VIA_M1M2_PR,171.35,194.65,N
VIA_L1M1_PR_MR,171.35,194.65,N
VIA_L1M1_PR_MR,183.31,194.65,N
VIA_L1M1_PR_MR,185.15,194.65,N
VIA_L1M1_PR_MR,185.61,194.65,N
VIA_M1M2_PR,187.91,194.65,N
VIA_M1M2_PR,113.39,194.99,N
VIA_L1M1_PR_MR,160.31,194.99,N
VIA_M1M2_PR,160.31,194.99,N
VIA_M1M2_PR,164.91,194.99,N
VIA_M1M2_PR,175.03,194.99,N
VIA_M1M2_PR,178.71,194.99,N
VIA_M1M2_PR,186.99,194.99,N
VIA_M1M2_PR,114.31,195.33,N
VIA_M1M2_PR,157.09,195.33,N
VIA_L1M1_PR_MR,159.85,195.33,N
VIA_L1M1_PR_MR,161.23,195.33,N
VIA_M1M2_PR,167.67,195.33,N
VIA_M1M2_PR,168.13,195.33,N
sky130_fd_sc_hd__decap_3,10.12,195.84,FS
sky130_fd_sc_hd__decap_3,10.12,195.84,N
sky130_fd_sc_hd__tapvpwrvgnd_1,23.0,195.84,N
sky130_fd_sc_hd__diode_2,29.9,195.84,N
VIA_via4_5_2000_480_1_5_400_400,30.14,195.84,N
VIA_via3_4_2000_480_1_5_400_400,30.14,195.84,N
VIA_via2_3_2000_480_1_6_320_320,30.14,195.84,N
sky130_fd_sc_hd__tapvpwrvgnd_1,35.88,195.84,FS
sky130_fd_sc_hd__tapvpwrvgnd_1,48.76,195.84,N
VIA_via2_3_2000_480_1_6_320_320,60.14,195.84,N
VIA_via4_5_2000_480_1_5_400_400,60.14,195.84,N
VIA_via3_4_2000_480_1_5_400_400,60.14,195.84,N
sky130_fd_sc_hd__tapvpwrvgnd_1,61.64,195.84,FS
sky130_fd_sc_hd__tapvpwrvgnd_1,74.52,195.84,N
sky130_fd_sc_hd__tapvpwrvgnd_1,87.4,195.84,FS
VIA_via2_3_2000_480_1_6_320_320,90.14,195.84,N
VIA_via4_5_2000_480_1_5_400_400,90.14,195.84,N
VIA_via3_4_2000_480_1_5_400_400,90.14,195.84,N
sky130_fd_sc_hd__tapvpwrvgnd_1,100.28,195.84,N
sky130_fd_sc_hd__clkbuf_4,100.74,195.84,N
sky130_fd_sc_hd__tapvpwrvgnd_1,113.16,195.84,FS
sky130_fd_sc_hd__nor4_2,115.92,195.84,FS
VIA_via3_4_2000_480_1_5_400_400,120.14,195.84,N
VIA_via2_3_2000_480_1_6_320_320,120.14,195.84,N
VIA_via4_5_2000_480_1_5_400_400,120.14,195.84,N
sky130_fd_sc_hd__tapvpwrvgnd_1,126.04,195.84,N
sky130_fd_sc_hd__tapvpwrvgnd_1,138.92,195.84,FS
VIA_via2_3_2000_480_1_6_320_320,150.14,195.84,N
VIA_via3_4_2000_480_1_5_400_400,150.14,195.84,N
VIA_via4_5_2000_480_1_5_400_400,150.14,195.84,N
sky130_fd_sc_hd__tapvpwrvgnd_1,151.8,195.84,N
sky130_fd_sc_hd__nor2_2,157.32,195.84,S
sky130_fd_sc_hd__a21o_2,157.32,195.84,FS
sky130_fd_sc_hd__and2b_2,161.92,195.84,FN
sky130_fd_sc_hd__a221o_2,164.68,195.84,S
sky130_fd_sc_hd__tapvpwrvgnd_1,164.68,195.84,FS
sky130_fd_sc_hd__xnor2_2,165.14,195.84,FS
sky130_fd_sc_hd__dfrtp_2,167.9,195.84,N
sky130_fd_sc_hd__xnor2_2,167.9,195.84,FN
sky130_fd_sc_hd__or3_2,171.12,195.84,FS
sky130_fd_sc_hd__tapvpwrvgnd_1,177.56,195.84,N
sky130_fd_sc_hd__xnor2_2,178.02,195.84,N
VIA_via3_4_2000_480_1_5_400_400,180.14,195.84,N
VIA_via4_5_2000_480_1_5_400_400,180.14,195.84,N
VIA_via2_3_2000_480_1_6_320_320,180.14,195.84,N
sky130_fd_sc_hd__dfrtp_2,183.54,195.84,S
sky130_fd_sc_hd__o22a_2,183.54,195.84,FS
sky130_fd_sc_hd__o21a_2,187.22,195.84,FN
sky130_fd_sc_hd__decap_3,189.98,195.84,S
sky130_fd_sc_hd__decap_3,189.98,195.84,FN
VIA_M1M2_PR,17.25,196.35,N
VIA_L1M1_PR_MR,30.13,196.35,N
VIA_M1M2_PR,157.09,196.35,N
VIA_L1M1_PR_MR,159.39,196.35,N
VIA_L1M1_PR_MR,176.87,196.35,N
VIA_M1M2_PR,177.79,196.35,N
VIA_M1M2_PR,183.31,196.35,N
VIA_L1M1_PR_MR,183.77,196.35,N
VIA_M1M2_PR,186.53,196.35,N
VIA_L1M1_PR_MR,186.53,196.35,N
VIA_M1M2_PR,160.31,196.69,N
VIA_L1M1_PR_MR,162.15,196.69,N
VIA_M1M2_PR,167.67,196.69,N
VIA_L1M1_PR_MR,169.51,196.69,N
VIA_L1M1_PR_MR,101.43,197.03,N
VIA_M1M2_PR,101.43,197.03,N
VIA_M1M2_PR,154.33,197.03,N
VIA_L1M1_PR_MR,161.69,197.03,N
VIA_M1M2_PR,163.53,197.03,N
VIA_L1M1_PR_MR,166.29,197.03,N
VIA_M1M2_PR,166.75,197.03,N
VIA_L1M1_PR_MR,167.21,197.03,N
VIA_L1M1_PR_MR,168.13,197.03,N
VIA_M1M2_PR,168.13,197.03,N
VIA_M1M2_PR,175.03,197.03,N
VIA_M1M2_PR,177.33,197.03,N
VIA_L1M1_PR_MR,179.63,197.03,N
VIA_M1M2_PR,179.63,197.03,N
VIA_M1M2_PR,181.47,197.03,N
VIA_L1M1_PR_MR,184.23,197.03,N
VIA_M1M2_PR,160.31,197.37,N
VIA_M1M2_PR,162.61,197.37,N
VIA_M1M2_PR,171.81,197.37,N
VIA_L1M1_PR_MR,179.17,197.37,N
VIA_M1M2_PR,183.77,197.37,N
VIA_L1M1_PR_MR,184.69,197.37,N
VIA_L1M1_PR_MR,185.61,197.37,N
VIA_M1M2_PR,185.61,197.37,N
VIA_M1M2_PR,158.93,197.71,N
VIA_L1M1_PR_MR,159.85,197.71,N
VIA_M1M2_PR,164.91,197.71,N
VIA_L1M1_PR_MR,30.59,198.05,N
VIA_M1M2_PR,31.05,198.05,N
VIA_M1M2_PR,169.97,198.05,N
VIA_M1M2_PR,174.57,198.05,N
VIA_L1M1_PR_MR,176.87,198.05,N
VIA_via2_3_2000_480_1_6_320_320,26.44,198.56,N
VIA_via4_5_2000_480_1_5_400_400,26.44,198.56,N
VIA_via3_4_2000_480_1_5_400_400,26.44,198.56,N
VIA_via4_5_2000_480_1_5_400_400,56.44,198.56,N
VIA_via2_3_2000_480_1_6_320_320,56.44,198.56,N
VIA_via3_4_2000_480_1_5_400_400,56.44,198.56,N
VIA_via4_5_2000_480_1_5_400_400,86.44,198.56,N
VIA_via2_3_2000_480_1_6_320_320,86.44,198.56,N
VIA_via3_4_2000_480_1_5_400_400,86.44,198.56,N
VIA_via4_5_2000_480_1_5_400_400,116.44,198.56,N
VIA_via3_4_2000_480_1_5_400_400,116.44,198.56,N
VIA_via2_3_2000_480_1_6_320_320,116.44,198.56,N
VIA_via2_3_2000_480_1_6_320_320,146.44,198.56,N
VIA_via4_5_2000_480_1_5_400_400,146.44,198.56,N
VIA_via3_4_2000_480_1_5_400_400,146.44,198.56,N
VIA_via2_3_2000_480_1_6_320_320,176.44,198.56,N
VIA_via4_5_2000_480_1_5_400_400,176.44,198.56,N
VIA_via3_4_2000_480_1_5_400_400,176.44,198.56,N
VIA_M1M2_PR,112.93,199.07,N
VIA_L1M1_PR_MR,115.69,199.07,N
VIA_L1M1_PR_MR,162.15,199.07,N
VIA_M1M2_PR,162.15,199.07,N
VIA_M1M2_PR,179.63,199.07,N
VIA_L1M1_PR_MR,181.93,199.07,N
VIA_M1M2_PR,31.05,199.41,N
VIA_L1M1_PR_MR,31.05,199.41,N
VIA_M1M2_PR,112.01,199.41,N
VIA_M1M2_PR,114.31,199.41,N
VIA_M1M2_PR,156.63,199.41,N
VIA_M3M4_PR,169.74,199.58,N
VIA_M2M3_PR,173.19,199.58,N
VIA_M1M2_PR,88.55,199.75,N
VIA_M1M2_PR,101.43,199.75,N
VIA_L1M1_PR_MR,104.65,199.75,N
VIA_M1M2_PR,115.23,199.75,N
VIA_M1M2_PR,162.61,199.75,N
VIA_M1M2_PR,166.29,199.75,N
VIA_L1M1_PR_MR,168.59,199.75,N
VIA_M1M2_PR,168.59,199.75,N
VIA_L1M1_PR_MR,173.19,199.75,N
VIA_M1M2_PR,173.19,199.75,N
VIA_L1M1_PR_MR,112.01,200.09,N
VIA_L1M1_PR_MR,112.93,200.09,N
VIA_M1M2_PR,113.39,200.09,N
VIA_L1M1_PR_MR,113.85,200.09,N
VIA_M1M2_PR,114.77,200.09,N
VIA_L1M1_PR_MR,115.69,200.09,N
VIA_L1M1_PR_MR,116.61,200.09,N
VIA_M1M2_PR,118.45,200.09,N
VIA_L1M1_PR_MR,118.45,200.09,N
VIA_M1M2_PR,118.91,200.09,N
VIA_L1M1_PR_MR,118.91,200.09,N
VIA_M1M2_PR,123.51,200.09,N
VIA_M1M2_PR,154.33,200.09,N
VIA_M1M2_PR,161.23,200.09,N
VIA_L1M1_PR_MR,163.07,200.09,N
VIA_L1M1_PR_MR,164.45,200.09,N
VIA_M1M2_PR,169.97,200.09,N
VIA_L1M1_PR_MR,175.03,200.09,N
VIA_M3M4_PR,171.58,200.26,N
VIA_M2M3_PR,172.73,200.26,N
VIA_L1M1_PR_MR,32.89,200.43,N
VIA_M1M2_PR,34.27,200.43,N
VIA_L1M1_PR_MR,100.97,200.43,N
VIA_M1M2_PR,110.63,200.43,N
VIA_M1M2_PR,112.47,200.43,N
VIA_L1M1_PR_MR,117.53,200.43,N
VIA_M1M2_PR,117.53,200.43,N
VIA_L1M1_PR_MR,172.73,200.43,N
VIA_M1M2_PR,178.71,200.43,N
VIA_L1M1_PR_MR,30.59,200.77,N
VIA_M1M2_PR,33.35,200.77,N
VIA_L1M1_PR_MR,111.55,200.77,N
VIA_M1M2_PR,111.55,200.77,N
VIA_M1M2_PR,114.77,200.77,N
VIA_L1M1_PR_MR,114.77,200.77,N
VIA_M1M2_PR,118.91,200.77,N
VIA_M1M2_PR,163.53,200.77,N
VIA_L1M1_PR_MR,163.99,200.77,N
VIA_M1M2_PR,168.59,200.77,N
VIA_M1M2_PR,172.27,200.77,N
VIA_M1M2_PR,181.47,200.77,N
sky130_fd_sc_hd__decap_3,10.12,201.28,N
sky130_fd_sc_hd__decap_3,10.12,201.28,FS
sky130_fd_sc_hd__tapvpwrvgnd_1,23.0,201.28,N
VIA_via3_4_2000_480_1_5_400_400,30.14,201.28,N
VIA_via2_3_2000_480_1_6_320_320,30.14,201.28,N
VIA_via4_5_2000_480_1_5_400_400,30.14,201.28,N
sky130_fd_sc_hd__and2b_2,33.12,201.28,S
sky130_fd_sc_hd__tapvpwrvgnd_1,35.88,201.28,FS
sky130_fd_sc_hd__dfrtp_2,39.56,201.28,FN
sky130_fd_sc_hd__tapvpwrvgnd_1,48.76,201.28,N
VIA_via2_3_2000_480_1_6_320_320,60.14,201.28,N
VIA_via4_5_2000_480_1_5_400_400,60.14,201.28,N
VIA_via3_4_2000_480_1_5_400_400,60.14,201.28,N
sky130_fd_sc_hd__tapvpwrvgnd_1,61.64,201.28,FS
sky130_fd_sc_hd__tapvpwrvgnd_1,74.52,201.28,N
sky130_fd_sc_hd__tapvpwrvgnd_1,87.4,201.28,FS
VIA_via3_4_2000_480_1_5_400_400,90.14,201.28,N
VIA_via2_3_2000_480_1_6_320_320,90.14,201.28,N
VIA_via4_5_2000_480_1_5_400_400,90.14,201.28,N
sky130_fd_sc_hd__tapvpwrvgnd_1,100.28,201.28,N
sky130_fd_sc_hd__clkbuf_8,100.74,201.28,FS
sky130_fd_sc_hd__o21a_2,113.16,201.28,FN
sky130_fd_sc_hd__nor2_2,113.16,201.28,S
sky130_fd_sc_hd__tapvpwrvgnd_1,113.16,201.28,FS
sky130_fd_sc_hd__or4b_2,113.62,201.28,FS
sky130_fd_sc_hd__or4_2,114.08,201.28,N
sky130_fd_sc_hd__nand2_2,119.6,201.28,S
VIA_via2_3_2000_480_1_6_320_320,120.14,201.28,N
VIA_via3_4_2000_480_1_5_400_400,120.14,201.28,N
VIA_via4_5_2000_480_1_5_400_400,120.14,201.28,N
sky130_fd_sc_hd__a21o_2,120.52,201.28,FN
sky130_fd_sc_hd__tapvpwrvgnd_1,126.04,201.28,N
sky130_fd_sc_hd__tapvpwrvgnd_1,138.92,201.28,FS
VIA_via4_5_2000_480_1_5_400_400,150.14,201.28,N
VIA_via2_3_2000_480_1_6_320_320,150.14,201.28,N
VIA_via3_4_2000_480_1_5_400_400,150.14,201.28,N
sky130_fd_sc_hd__tapvpwrvgnd_1,151.8,201.28,N
sky130_fd_sc_hd__a21o_2,161.46,201.28,FS
sky130_fd_sc_hd__tapvpwrvgnd_1,164.68,201.28,FS
sky130_fd_sc_hd__nand2_2,166.52,201.28,FN
sky130_fd_sc_hd__xor2_2,166.98,201.28,FS
sky130_fd_sc_hd__xor2_2,170.2,201.28,N
sky130_fd_sc_hd__a22o_2,170.2,201.28,FN
sky130_fd_sc_hd__dfstp_2,172.96,201.28,FS
sky130_fd_sc_hd__tapvpwrvgnd_1,177.56,201.28,N
VIA_via3_4_2000_480_1_5_400_400,180.14,201.28,N
VIA_via4_5_2000_480_1_5_400_400,180.14,201.28,N
VIA_via2_3_2000_480_1_6_320_320,180.14,201.28,N
sky130_fd_sc_hd__a21oi_2,181.24,201.28,FN
sky130_fd_sc_hd__decap_3,189.98,201.28,FN
sky130_fd_sc_hd__decap_3,189.98,201.28,S
VIA_M1M2_PR,112.47,201.79,N
VIA_M1M2_PR,117.53,201.79,N
VIA_M1M2_PR,163.99,201.79,N
VIA_M1M2_PR,171.35,201.79,N
VIA_L1M1_PR_MR,180.09,201.79,N
VIA_M1M2_PR,185.61,201.79,N
VIA_M1M2_PR,111.55,202.13,N
VIA_L1M1_PR_MR,114.31,202.13,N
VIA_M1M2_PR,158.01,202.13,N
VIA_L1M1_PR_MR,164.45,202.13,N
VIA_M1M2_PR,166.29,202.13,N
VIA_M1M2_PR,166.75,202.13,N
VIA_M1M2_PR,168.59,202.13,N
VIA_L1M1_PR_MR,168.59,202.13,N
VIA_L1M1_PR_MR,169.05,202.13,N
VIA_M1M2_PR,181.47,202.13,N
VIA_M2M3_PR,109.71,202.3,N
VIA_M2M3_PR,117.99,202.3,N
VIA_M1M2_PR,32.43,202.47,N
VIA_L1M1_PR_MR,39.33,202.47,N
VIA_M1M2_PR,88.55,202.47,N
VIA_M1M2_PR,109.71,202.47,N
VIA_L1M1_PR_MR,110.17,202.47,N
VIA_L1M1_PR_MR,110.63,202.47,N
VIA_L1M1_PR_MR,112.47,202.47,N
VIA_M1M2_PR,113.85,202.47,N
VIA_M1M2_PR,114.77,202.47,N
VIA_L1M1_PR_MR,115.23,202.47,N
VIA_L1M1_PR_MR,115.69,202.47,N
VIA_M1M2_PR,115.69,202.47,N
VIA_L1M1_PR_MR,117.53,202.47,N
VIA_M1M2_PR,117.99,202.47,N
VIA_L1M1_PR_MR,117.99,202.47,N
VIA_L1M1_PR_MR,118.91,202.47,N
VIA_L1M1_PR_MR,165.37,202.47,N
VIA_L1M1_PR_MR,165.83,202.47,N
VIA_M1M2_PR,165.83,202.47,N
VIA_L1M1_PR_MR,167.985,202.47,N
VIA_M1M2_PR,169.97,202.47,N
VIA_L1M1_PR_MR,169.97,202.47,N
VIA_M1M2_PR,170.89,202.47,N
VIA_L1M1_PR_MR,180.09,202.47,N
VIA_L1M1_PR_MR,181.01,202.47,N
VIA_M1M2_PR,183.77,202.47,N
VIA_L1M1_PR_MR,37.95,202.81,N
VIA_M1M2_PR,37.95,202.81,N
VIA_L1M1_PR_MR,111.55,202.81,N
VIA_M1M2_PR,124.89,202.81,N
VIA_M1M2_PR,164.45,202.81,N
VIA_L1M1_PR_MR,171.81,202.81,N
VIA_M1M2_PR,175.03,202.81,N
VIA_L1M1_PR_MR,175.49,202.81,N
VIA_L1M1_PR_MR,178.25,202.81,N
VIA_M1M2_PR,178.71,202.81,N
VIA_M1M2_PR,188.83,202.81,N
VIA_L1M1_PR_MR,116.61,203.15,N
VIA_M1M2_PR,167.21,203.15,N
VIA_L1M1_PR_MR,167.21,203.15,N
VIA_L1M1_PR_MR,30.59,203.49,N
VIA_M1M2_PR,34.27,203.49,N
VIA_M1M2_PR,108.33,203.49,N
VIA_L1M1_PR_MR,114.31,203.49,N
VIA_M1M2_PR,114.77,203.49,N
VIA_M1M2_PR,117.99,203.49,N
VIA_L1M1_PR_MR,119.83,203.49,N
VIA_M1M2_PR,119.83,203.49,N
VIA_M1M2_PR,160.77,203.49,N
VIA_M2M3_PR,167.21,203.66,N
VIA_M3M4_PR,168.82,203.66,N
VIA_via4_5_2000_480_1_5_400_400,26.44,204.0,N
VIA_via3_4_2000_480_1_5_400_400,26.44,204.0,N
VIA_via2_3_2000_480_1_6_320_320,26.44,204.0,N
VIA_via4_5_2000_480_1_5_400_400,56.44,204.0,N
VIA_via2_3_2000_480_1_6_320_320,56.44,204.0,N
VIA_via3_4_2000_480_1_5_400_400,56.44,204.0,N
VIA_via4_5_2000_480_1_5_400_400,86.44,204.0,N
VIA_via2_3_2000_480_1_6_320_320,86.44,204.0,N
VIA_via3_4_2000_480_1_5_400_400,86.44,204.0,N
VIA_via3_4_2000_480_1_5_400_400,116.44,204.0,N
VIA_via2_3_2000_480_1_6_320_320,116.44,204.0,N
VIA_via4_5_2000_480_1_5_400_400,116.44,204.0,N
VIA_via4_5_2000_480_1_5_400_400,146.44,204.0,N
VIA_via3_4_2000_480_1_5_400_400,146.44,204.0,N
VIA_via2_3_2000_480_1_6_320_320,146.44,204.0,N
VIA_via2_3_2000_480_1_6_320_320,176.44,204.0,N
VIA_via3_4_2000_480_1_5_400_400,176.44,204.0,N
VIA_via4_5_2000_480_1_5_400_400,176.44,204.0,N
VIA_M2M3_PR,183.31,204.34,N
VIA_L1M1_PR_MR,114.31,204.51,N
VIA_M1M2_PR,115.23,204.51,N
VIA_M1M2_PR,159.85,204.51,N
VIA_L1M1_PR_MR,169.05,204.51,N
VIA_L1M1_PR_MR,31.05,204.85,N
VIA_M1M2_PR,37.95,204.85,N
VIA_M1M2_PR,161.69,204.85,N
VIA_L1M1_PR_MR,165.83,204.85,N
VIA_M1M2_PR,173.65,204.85,N
VIA_L1M1_PR_MR,177.79,204.85,N
VIA_M1M2_PR,110.63,205.19,N
VIA_M1M2_PR,114.77,205.19,N
VIA_M1M2_PR,115.69,205.19,N
VIA_M1M2_PR,118.91,205.19,N
VIA_M1M2_PR,119.83,205.19,N
VIA_L1M1_PR_MR,121.67,205.19,N
VIA_L1M1_PR_MR,169.97,205.19,N
VIA_L1M1_PR_MR,171.81,205.19,N
VIA_M1M2_PR,171.81,205.19,N
VIA_M1M2_PR,187.45,205.19,N
VIA_L1M1_PR_MR,31.97,205.53,N
VIA_M1M2_PR,33.35,205.53,N
VIA_L1M1_PR_MR,33.81,205.53,N
VIA_M1M2_PR,34.27,205.53,N
VIA_L1M1_PR_MR,108.33,205.53,N
VIA_M1M2_PR,123.05,205.53,N
VIA_L1M1_PR_MR,123.05,205.53,N
VIA_M1M2_PR,164.91,205.53,N
VIA_L1M1_PR_MR,166.75,205.53,N
VIA_L1M1_PR_MR,167.67,205.53,N
VIA_L1M1_PR_MR,168.59,205.53,N
VIA_M1M2_PR,174.57,205.53,N
VIA_L1M1_PR_MR,176.41,205.53,N
VIA_M1M2_PR,177.79,205.53,N
VIA_L1M1_PR_MR,178.25,205.53,N
VIA_M1M2_PR,178.25,205.53,N
VIA_L1M1_PR_MR,178.71,205.53,N
VIA_M1M2_PR,178.71,205.53,N
VIA_M2M3_PR,32.43,205.7,N
VIA_M3M4_PR,32.66,205.7,N
VIA_L1M1_PR_MR,112.47,205.87,N
VIA_M1M2_PR,113.39,205.87,N
VIA_M1M2_PR,163.53,205.87,N
VIA_L1M1_PR_MR,169.51,205.87,N
VIA_M1M2_PR,32.43,206.21,N
VIA_L1M1_PR_MR,32.43,206.21,N
VIA_L1M1_PR_MR,32.89,206.21,N
VIA_M1M2_PR,33.81,206.21,N
VIA_M1M2_PR,112.01,206.21,N
VIA_L1M1_PR_MR,114.31,206.21,N
VIA_M1M2_PR,122.59,206.21,N
sky130_fd_sc_hd__decap_3,10.12,206.72,N
sky130_fd_sc_hd__decap_3,10.12,206.72,FS
sky130_fd_sc_hd__tapvpwrvgnd_1,23.0,206.72,N
VIA_via2_3_2000_480_1_6_320_320,30.14,206.72,N
VIA_via4_5_2000_480_1_5_400_400,30.14,206.72,N
VIA_via3_4_2000_480_1_5_400_400,30.14,206.72,N
sky130_fd_sc_hd__a31o_2,30.82,206.72,FS
sky130_fd_sc_hd__tapvpwrvgnd_1,35.88,206.72,FS
sky130_fd_sc_hd__tapvpwrvgnd_1,48.76,206.72,N
VIA_via2_3_2000_480_1_6_320_320,60.14,206.72,N
VIA_via3_4_2000_480_1_5_400_400,60.14,206.72,N
VIA_via4_5_2000_480_1_5_400_400,60.14,206.72,N
sky130_fd_sc_hd__tapvpwrvgnd_1,61.64,206.72,FS
sky130_fd_sc_hd__tapvpwrvgnd_1,74.52,206.72,N
sky130_fd_sc_hd__tapvpwrvgnd_1,87.4,206.72,FS
VIA_via3_4_2000_480_1_5_400_400,90.14,206.72,N
VIA_via2_3_2000_480_1_6_320_320,90.14,206.72,N
VIA_via4_5_2000_480_1_5_400_400,90.14,206.72,N
sky130_fd_sc_hd__tapvpwrvgnd_1,100.28,206.72,N
sky130_fd_sc_hd__clkbuf_8,108.1,206.72,FS
sky130_fd_sc_hd__and2_2,109.48,206.72,FN
sky130_fd_sc_hd__clkbuf_4,112.24,206.72,FN
sky130_fd_sc_hd__tapvpwrvgnd_1,113.16,206.72,FS
sky130_fd_sc_hd__dfrtp_2,115.92,206.72,N
sky130_fd_sc_hd__or4b_2,115.92,206.72,FN
VIA_via3_4_2000_480_1_5_400_400,120.14,206.72,N
VIA_via2_3_2000_480_1_6_320_320,120.14,206.72,N
VIA_via4_5_2000_480_1_5_400_400,120.14,206.72,N
sky130_fd_sc_hd__dfrtp_2,123.28,206.72,S
sky130_fd_sc_hd__tapvpwrvgnd_1,126.04,206.72,N
sky130_fd_sc_hd__tapvpwrvgnd_1,138.92,206.72,FS
VIA_via4_5_2000_480_1_5_400_400,150.14,206.72,N
VIA_via2_3_2000_480_1_6_320_320,150.14,206.72,N
VIA_via3_4_2000_480_1_5_400_400,150.14,206.72,N
sky130_fd_sc_hd__tapvpwrvgnd_1,151.8,206.72,N
sky130_fd_sc_hd__tapvpwrvgnd_1,164.68,206.72,FS
sky130_fd_sc_hd__or3_2,166.06,206.72,N
sky130_fd_sc_hd__nand2b_2,167.9,206.72,FS
sky130_fd_sc_hd__or2_2,167.9,206.72,S
sky130_fd_sc_hd__a22o_2,168.82,206.72,N
sky130_fd_sc_hd__a22o_2,172.5,206.72,N
sky130_fd_sc_hd__xor2_2,177.1,206.72,S
sky130_fd_sc_hd__tapvpwrvgnd_1,177.56,206.72,N
sky130_fd_sc_hd__nor2_2,179.4,206.72,S
VIA_via2_3_2000_480_1_6_320_320,180.14,206.72,N
VIA_via3_4_2000_480_1_5_400_400,180.14,206.72,N
VIA_via4_5_2000_480_1_5_400_400,180.14,206.72,N
sky130_fd_sc_hd__or3_2,180.78,206.72,FN
sky130_fd_sc_hd__decap_3,189.98,206.72,S
sky130_fd_sc_hd__decap_3,189.98,206.72,FN
VIA_M1M2_PR,77.51,207.23,N
VIA_L1M1_PR_MR,107.41,207.23,N
VIA_L1M1_PR_MR,114.77,207.23,N
VIA_M1M2_PR,119.37,207.23,N
VIA_L1M1_PR_MR,124.89,207.23,N
VIA_M1M2_PR,124.89,207.23,N
VIA_M1M2_PR,141.91,207.23,N
VIA_L1M1_PR_MR,178.71,207.23,N
VIA_via5_6_2000_2000_1_1_1600_1600,26.44,207.53,N
VIA_via5_6_2000_2000_1_1_1600_1600,56.44,207.53,N
VIA_via5_6_2000_2000_1_1_1600_1600,86.44,207.53,N
VIA_via5_6_2000_2000_1_1_1600_1600,116.44,207.53,N
VIA_via5_6_2000_2000_1_1_1600_1600,146.44,207.53,N
VIA_via5_6_2000_2000_1_1_1600_1600,176.44,207.53,N
VIA_M1M2_PR,76.13,207.57,N
VIA_M1M2_PR,96.37,207.57,N
VIA_L1M1_PR_MR,111.55,207.57,N
VIA_M1M2_PR,113.39,207.57,N
VIA_L1M1_PR_MR,117.53,207.57,N
VIA_M1M2_PR,117.99,207.57,N
VIA_M1M2_PR,118.91,207.57,N
VIA_M1M2_PR,122.59,207.57,N
VIA_M1M2_PR,130.41,207.57,N
VIA_L1M1_PR_MR,170.43,207.57,N
VIA_M1M2_PR,170.43,207.57,N
VIA_L1M1_PR_MR,173.65,207.57,N
VIA_M1M2_PR,174.11,207.57,N
VIA_L1M1_PR_MR,174.11,207.57,N
VIA_M2M3_PR,136.39,207.74,N
VIA_M2M3_PR,173.19,207.74,N
VIA_M1M2_PR,70.15,207.91,N
VIA_M1M2_PR,81.19,207.91,N
VIA_M1M2_PR,108.33,207.91,N
VIA_L1M1_PR_MR,108.33,207.91,N
VIA_L1M1_PR_MR,109.25,207.91,N
VIA_M1M2_PR,112.01,207.91,N
VIA_L1M1_PR_MR,112.47,207.91,N
VIA_M1M2_PR,112.93,207.91,N
VIA_M1M2_PR,113.85,207.91,N
VIA_L1M1_PR_MR,113.85,207.91,N
VIA_M1M2_PR,115.69,207.91,N
VIA_L1M1_PR_MR,115.69,207.91,N
VIA_M1M2_PR,164.91,207.91,N
VIA_L1M1_PR_MR,166.29,207.91,N
VIA_L1M1_PR_MR,166.75,207.91,N
VIA_L1M1_PR_MR,169.05,207.91,N
VIA_M1M2_PR,169.97,207.91,N
VIA_L1M1_PR_MR,169.97,207.91,N
VIA_L1M1_PR_MR,171.15,207.91,N
VIA_M1M2_PR,171.81,207.91,N
VIA_L1M1_PR_MR,172.73,207.91,N
VIA_M1M2_PR,173.19,207.91,N
VIA_L1M1_PR_MR,174.83,207.91,N
VIA_M1M2_PR,178.25,207.91,N
VIA_L1M1_PR_MR,180.55,207.91,N
VIA_M1M2_PR,181.93,207.91,N
VIA_M1M2_PR,111.55,208.25,N
VIA_L1M1_PR_MR,116.15,208.25,N
VIA_M1M2_PR,133.63,208.25,N
VIA_M1M2_PR,169.51,208.25,N
VIA_L1M1_PR_MR,180.09,208.25,N
VIA_M1M2_PR,189.29,208.25,N
VIA_M3M4_PR,143.06,208.42,N
VIA_M2M3_PR,174.57,208.42,N
VIA_M1M2_PR,123.05,208.59,N
VIA_M1M2_PR,167.67,208.59,N
VIA_M1M2_PR,111.09,208.93,N
VIA_M1M2_PR,112.47,208.93,N
VIA_L1M1_PR_MR,113.39,208.93,N
VIA_L1M1_PR_MR,167.21,208.93,N
VIA_L1M1_PR_MR,168.13,208.93,N
VIA_M1M2_PR,168.59,208.93,N
VIA_M1M2_PR,169.05,208.93,N
VIA_L1M1_PR_MR,171.81,208.93,N
VIA_M1M2_PR,173.19,208.93,N
VIA_L1M1_PR_MR,175.49,208.93,N
VIA_M1M2_PR,178.71,208.93,N
VIA_L1M1_PR_MR,180.55,208.93,N
VIA_M1M2_PR,181.47,208.93,N
VIA_M2M3_PR,163.07,209.1,N
VIA_M3M4_PR,166.06,209.1,N
VIA_via4_5_2000_480_1_5_400_400,26.44,209.44,N
VIA_via3_4_2000_480_1_5_400_400,26.44,209.44,N
VIA_via2_3_2000_480_1_6_320_320,26.44,209.44,N
VIA_via4_5_2000_480_1_5_400_400,56.44,209.44,N
VIA_via2_3_2000_480_1_6_320_320,56.44,209.44,N
VIA_via3_4_2000_480_1_5_400_400,56.44,209.44,N
VIA_via4_5_2000_480_1_5_400_400,86.44,209.44,N
VIA_via2_3_2000_480_1_6_320_320,86.44,209.44,N
VIA_via3_4_2000_480_1_5_400_400,86.44,209.44,N
VIA_via3_4_2000_480_1_5_400_400,116.44,209.44,N
VIA_via2_3_2000_480_1_6_320_320,116.44,209.44,N
VIA_via4_5_2000_480_1_5_400_400,116.44,209.44,N
VIA_via2_3_2000_480_1_6_320_320,146.44,209.44,N
VIA_via4_5_2000_480_1_5_400_400,146.44,209.44,N
VIA_via3_4_2000_480_1_5_400_400,146.44,209.44,N
VIA_via2_3_2000_480_1_6_320_320,176.44,209.44,N
VIA_via3_4_2000_480_1_5_400_400,176.44,209.44,N
VIA_via4_5_2000_480_1_5_400_400,176.44,209.44,N
VIA_M1M2_PR,108.33,209.95,N
VIA_L1M1_PR_MR,109.25,209.95,N
VIA_M1M2_PR,119.37,209.95,N
VIA_M1M2_PR,123.97,209.95,N
VIA_L1M1_PR_MR,162.61,209.95,N
VIA_M1M2_PR,162.61,209.95,N
VIA_M1M2_PR,163.53,209.95,N
VIA_L1M1_PR_MR,164.45,209.95,N
VIA_M1M2_PR,166.75,209.95,N
VIA_L1M1_PR_MR,167.67,209.95,N
VIA_M1M2_PR,169.05,209.95,N
VIA_M1M2_PR,169.51,209.95,N
VIA_M1M2_PR,170.43,209.95,N
VIA_L1M1_PR_MR,171.35,209.95,N
VIA_M1M2_PR,171.35,209.95,N
VIA_L1M1_PR_MR,177.33,209.95,N
VIA_M1M2_PR,177.79,209.95,N
VIA_M1M2_PR,178.25,209.95,N
VIA_L1M1_PR_MR,180.55,209.95,N
VIA_M1M2_PR,181.47,209.95,N
VIA_M1M2_PR,110.17,210.29,N
VIA_L1M1_PR_MR,110.63,210.29,N
VIA_L1M1_PR_MR,114.31,210.29,N
VIA_M1M2_PR,128.11,210.29,N
VIA_M3M4_PR,143.98,210.46,N
VIA_M2M3_PR,174.11,210.46,N
VIA_M1M2_PR,116.15,210.63,N
VIA_L1M1_PR_MR,116.185,210.63,N
VIA_M1M2_PR,128.57,210.63,N
VIA_M1M2_PR,177.33,210.63,N
VIA_L1M1_PR_MR,180.09,210.63,N
VIA_L1M1_PR_MR,109.71,210.97,N
VIA_M1M2_PR,109.71,210.97,N
VIA_L1M1_PR_MR,110.17,210.97,N
VIA_L1M1_PR_MR,111.55,210.97,N
VIA_M1M2_PR,111.55,210.97,N
VIA_L1M1_PR_MR,114.77,210.97,N
VIA_L1M1_PR_MR,115.69,210.97,N
VIA_M1M2_PR,163.07,210.97,N
VIA_L1M1_PR_MR,163.53,210.97,N
VIA_L1M1_PR_MR,164.45,210.97,N
VIA_M1M2_PR,164.91,210.97,N
VIA_M1M2_PR,166.75,210.97,N
VIA_M1M2_PR,167.67,210.97,N
VIA_L1M1_PR_MR,168.33,210.97,N
VIA_L1M1_PR_MR,170.43,210.97,N
VIA_M1M2_PR,170.43,210.97,N
VIA_M1M2_PR,171.81,210.97,N
VIA_L1M1_PR_MR,172.01,210.97,N
VIA_L1M1_PR_MR,172.73,210.97,N
VIA_M1M2_PR,172.73,210.97,N
VIA_L1M1_PR_MR,174.11,210.97,N
VIA_M1M2_PR,174.11,210.97,N
VIA_L1M1_PR_MR,174.57,210.97,N
VIA_M1M2_PR,174.57,210.97,N
VIA_M1M2_PR,176.41,210.97,N
VIA_L1M1_PR_MR,176.67,210.97,N
VIA_M1M2_PR,178.25,210.97,N
VIA_L1M1_PR_MR,180.55,210.97,N
VIA_M1M2_PR,181.93,210.97,N
VIA_M2M3_PR,111.55,211.14,N
VIA_M2M3_PR,125.35,211.14,N
VIA_via5_6_2000_2000_1_1_1600_1600,30.14,211.23,N
VIA_via5_6_2000_2000_1_1_1600_1600,60.14,211.23,N
VIA_via5_6_2000_2000_1_1_1600_1600,90.14,211.23,N
VIA_via5_6_2000_2000_1_1_1600_1600,120.14,211.23,N
VIA_via5_6_2000_2000_1_1_1600_1600,150.14,211.23,N
VIA_via5_6_2000_2000_1_1_1600_1600,180.14,211.23,N
VIA_M1M2_PR,116.15,211.31,N
VIA_L1M1_PR_MR,117.53,211.31,N
VIA_M1M2_PR,118.91,211.31,N
VIA_M1M2_PR,135.93,211.31,N
VIA_M1M2_PR,165.37,211.31,N
VIA_L1M1_PR_MR,169.05,211.31,N
VIA_L1M1_PR_MR,169.51,211.31,N
VIA_M1M2_PR,169.97,211.31,N
VIA_L1M1_PR_MR,173.19,211.31,N
VIA_L1M1_PR_MR,175.49,211.31,N
VIA_L1M1_PR_MR,175.95,211.31,N
VIA_M1M2_PR,190.21,211.31,N
VIA_M1M2_PR,109.71,211.65,N
VIA_L1M1_PR_MR,112.47,211.65,N
VIA_M1M2_PR,112.47,211.65,N
VIA_M1M2_PR,121.67,211.65,N
VIA_M1M2_PR,124.43,211.65,N
VIA_L1M1_PR_MR,124.89,211.65,N
VIA_M1M2_PR,173.65,211.65,N
VIA_M1M2_PR,174.57,211.65,N
VIA_L1M1_PR_MR,178.71,211.65,N
sky130_fd_sc_hd__decap_3,10.12,212.16,N
sky130_fd_sc_hd__decap_3,10.12,212.16,FS
sky130_fd_sc_hd__tapvpwrvgnd_1,23.0,212.16,N
VIA_via3_4_2000_480_1_5_400_400,30.14,212.16,N
VIA_via2_3_2000_480_1_6_320_320,30.14,212.16,N
VIA_via4_5_2000_480_1_5_400_400,30.14,212.16,N
sky130_fd_sc_hd__tapvpwrvgnd_1,35.88,212.16,FS
sky130_fd_sc_hd__tapvpwrvgnd_1,48.76,212.16,N
VIA_via2_3_2000_480_1_6_320_320,60.14,212.16,N
VIA_via3_4_2000_480_1_5_400_400,60.14,212.16,N
VIA_via4_5_2000_480_1_5_400_400,60.14,212.16,N
sky130_fd_sc_hd__tapvpwrvgnd_1,61.64,212.16,FS
sky130_fd_sc_hd__tapvpwrvgnd_1,74.52,212.16,N
sky130_fd_sc_hd__tapvpwrvgnd_1,87.4,212.16,FS
VIA_via3_4_2000_480_1_5_400_400,90.14,212.16,N
VIA_via2_3_2000_480_1_6_320_320,90.14,212.16,N
VIA_via4_5_2000_480_1_5_400_400,90.14,212.16,N
sky130_fd_sc_hd__tapvpwrvgnd_1,100.28,212.16,N
sky130_fd_sc_hd__inv_2,109.94,212.16,S
sky130_fd_sc_hd__o21a_2,113.16,212.16,S
sky130_fd_sc_hd__a21o_2,113.16,212.16,FN
sky130_fd_sc_hd__tapvpwrvgnd_1,113.16,212.16,FS
sky130_fd_sc_hd__dfrtp_2,115.92,212.16,FS
sky130_fd_sc_hd__nor2_2,115.92,212.16,S
VIA_via4_5_2000_480_1_5_400_400,120.14,212.16,N
VIA_via2_3_2000_480_1_6_320_320,120.14,212.16,N
VIA_via3_4_2000_480_1_5_400_400,120.14,212.16,N
sky130_fd_sc_hd__or4_2,122.82,212.16,N
sky130_fd_sc_hd__dfrtp_2,122.82,212.16,FN
sky130_fd_sc_hd__tapvpwrvgnd_1,126.04,212.16,N
sky130_fd_sc_hd__tapvpwrvgnd_1,138.92,212.16,FS
VIA_via4_5_2000_480_1_5_400_400,150.14,212.16,N
VIA_via2_3_2000_480_1_6_320_320,150.14,212.16,N
VIA_via3_4_2000_480_1_5_400_400,150.14,212.16,N
sky130_fd_sc_hd__tapvpwrvgnd_1,151.8,212.16,N
sky130_fd_sc_hd__nor2_2,162.84,212.16,N
sky130_fd_sc_hd__or3_2,164.68,212.16,S
sky130_fd_sc_hd__tapvpwrvgnd_1,164.68,212.16,FS
sky130_fd_sc_hd__nor3b_2,168.82,212.16,N
sky130_fd_sc_hd__a22o_2,168.82,212.16,FN
sky130_fd_sc_hd__a22o_2,170.66,212.16,S
sky130_fd_sc_hd__a22o_2,173.42,212.16,N
sky130_fd_sc_hd__a22o_2,174.34,212.16,FS
sky130_fd_sc_hd__a22o_2,174.34,212.16,S
sky130_fd_sc_hd__tapvpwrvgnd_1,177.56,212.16,N
sky130_fd_sc_hd__or3_2,178.02,212.16,N
VIA_via2_3_2000_480_1_6_320_320,180.14,212.16,N
VIA_via3_4_2000_480_1_5_400_400,180.14,212.16,N
VIA_via4_5_2000_480_1_5_400_400,180.14,212.16,N
sky130_fd_sc_hd__or3_2,180.78,212.16,N
sky130_fd_sc_hd__or3_2,180.78,212.16,S
sky130_fd_sc_hd__decap_3,189.98,212.16,S
sky130_fd_sc_hd__decap_3,189.98,212.16,FN
VIA_M3M4_PR,170.66,212.5,N
VIA_M2M3_PR,170.89,212.5,N
VIA_L1M1_PR_MR,110.63,212.67,N
VIA_L1M1_PR_MR,113.85,212.67,N
VIA_M1M2_PR,124.43,212.67,N
VIA_L1M1_PR_MR,125.35,212.67,N
VIA_M1M2_PR,125.35,212.67,N
VIA_L1M1_PR_MR,163.53,212.67,N
VIA_M1M2_PR,163.99,212.67,N
VIA_M1M2_PR,171.81,212.67,N
VIA_L1M1_PR_MR,171.81,212.67,N
VIA_M1M2_PR,110.17,213.01,N
VIA_L1M1_PR_MR,110.17,213.01,N
VIA_M1M2_PR,118.91,213.01,N
VIA_L1M1_PR_MR,121.21,213.01,N
VIA_M1M2_PR,121.21,213.01,N
VIA_M1M2_PR,121.67,213.01,N
VIA_L1M1_PR_MR,123.05,213.01,N
VIA_M1M2_PR,124.89,213.01,N
VIA_M1M2_PR,141.45,213.01,N
VIA_L1M1_PR_MR,167.21,213.01,N
VIA_M1M2_PR,167.21,213.01,N
VIA_L1M1_PR_MR,175.03,213.01,N
VIA_M1M2_PR,175.03,213.01,N
VIA_M1M2_PR,177.33,213.01,N
VIA_M2M3_PR,112.47,213.18,N
VIA_M2M3_PR,121.21,213.18,N
VIA_L1M1_PR_MR,110.63,213.35,N
VIA_L1M1_PR_MR,111.55,213.35,N
VIA_M1M2_PR,112.93,213.35,N
VIA_L1M1_PR_MR,123.97,213.35,N
VIA_M1M2_PR,123.97,213.35,N
VIA_M1M2_PR,124.43,213.35,N
VIA_L1M1_PR_MR,124.43,213.35,N
VIA_L1M1_PR_MR,163.53,213.35,N
VIA_M1M2_PR,163.53,213.35,N
VIA_L1M1_PR_MR,164.45,213.35,N
VIA_M1M2_PR,165.37,213.35,N
VIA_L1M1_PR_MR,166.725,213.35,N
VIA_M1M2_PR,166.75,213.35,N
VIA_L1M1_PR_MR,167.67,213.35,N
VIA_L1M1_PR_MR,168.59,213.35,N
VIA_L1M1_PR_MR,169.51,213.35,N
VIA_M1M2_PR,169.51,213.35,N
VIA_L1M1_PR_MR,170.43,213.35,N
VIA_M1M2_PR,170.43,213.35,N
VIA_M1M2_PR,170.89,213.35,N
VIA_L1M1_PR_MR,173.19,213.35,N
VIA_M1M2_PR,173.65,213.35,N
VIA_L1M1_PR_MR,173.65,213.35,N
VIA_M1M2_PR,174.11,213.35,N
VIA_L1M1_PR_MR,174.57,213.35,N
VIA_L1M1_PR_MR,175.75,213.35,N
VIA_M1M2_PR,176.41,213.35,N
VIA_L1M1_PR_MR,178.25,213.35,N
VIA_M1M2_PR,178.25,213.35,N
VIA_M1M2_PR,180.09,213.35,N
VIA_L1M1_PR_MR,181.01,213.35,N
VIA_L1M1_PR_MR,181.47,213.35,N
VIA_M1M2_PR,110.17,213.69,N
VIA_L1M1_PR_MR,112.47,213.69,N
VIA_M1M2_PR,116.15,213.69,N
VIA_M1M2_PR,122.59,213.69,N
VIA_L1M1_PR_MR,122.59,213.69,N
VIA_M1M2_PR,125.81,213.69,N
VIA_M1M2_PR,161.69,213.69,N
VIA_M1M2_PR,169.97,213.69,N
VIA_M1M2_PR,177.33,213.69,N
VIA_L1M1_PR_MR,178.71,213.69,N
VIA_M1M2_PR,181.93,213.69,N
VIA_M2M3_PR,161.69,213.86,N
VIA_M2M3_PR,177.33,213.86,N
VIA_M1M2_PR,113.85,214.03,N
VIA_M1M2_PR,115.69,214.03,N
VIA_M1M2_PR,165.37,214.03,N
VIA_M1M2_PR,178.25,214.03,N
VIA_M1M2_PR,112.01,214.37,N
VIA_L1M1_PR_MR,123.05,214.37,N
VIA_L1M1_PR_MR,165.83,214.37,N
VIA_M1M2_PR,171.81,214.37,N
VIA_M1M2_PR,175.03,214.37,N
VIA_L1M1_PR_MR,176.41,214.37,N
VIA_L1M1_PR_MR,179.17,214.37,N
VIA_M1M2_PR,179.63,214.37,N
VIA_L1M1_PR_MR,180.09,214.37,N
VIA_L1M1_PR_MR,181.01,214.37,N
VIA_M1M2_PR,181.01,214.37,N
VIA_L1M1_PR_MR,182.85,214.37,N
VIA_M1M2_PR,182.85,214.37,N
VIA_M3M4_PR,173.42,214.54,N
VIA_M2M3_PR,174.11,214.54,N
VIA_via2_3_2000_480_1_6_320_320,26.44,214.88,N
VIA_via3_4_2000_480_1_5_400_400,26.44,214.88,N
VIA_via4_5_2000_480_1_5_400_400,26.44,214.88,N
VIA_via2_3_2000_480_1_6_320_320,56.44,214.88,N
VIA_via4_5_2000_480_1_5_400_400,56.44,214.88,N
VIA_via3_4_2000_480_1_5_400_400,56.44,214.88,N
VIA_via4_5_2000_480_1_5_400_400,86.44,214.88,N
VIA_via2_3_2000_480_1_6_320_320,86.44,214.88,N
VIA_via3_4_2000_480_1_5_400_400,86.44,214.88,N
VIA_via4_5_2000_480_1_5_400_400,116.44,214.88,N
VIA_via2_3_2000_480_1_6_320_320,116.44,214.88,N
VIA_via3_4_2000_480_1_5_400_400,116.44,214.88,N
VIA_via4_5_2000_480_1_5_400_400,146.44,214.88,N
VIA_via3_4_2000_480_1_5_400_400,146.44,214.88,N
VIA_via2_3_2000_480_1_6_320_320,146.44,214.88,N
VIA_via3_4_2000_480_1_5_400_400,176.44,214.88,N
VIA_via4_5_2000_480_1_5_400_400,176.44,214.88,N
VIA_via2_3_2000_480_1_6_320_320,176.44,214.88,N
VIA_M1M2_PR,100.05,215.39,N
VIA_L1M1_PR_MR,111.09,215.39,N
VIA_M1M2_PR,124.89,215.39,N
VIA_L1M1_PR_MR,125.35,215.39,N
VIA_L1M1_PR_MR,166.29,215.39,N
VIA_M1M2_PR,166.75,215.39,N
VIA_M1M2_PR,172.73,215.39,N
VIA_L1M1_PR_MR,175.49,215.39,N
VIA_M1M2_PR,181.01,215.39,N
VIA_L1M1_PR_MR,181.01,215.39,N
VIA_M1M2_PR,134.09,215.73,N
VIA_L1M1_PR_MR,178.71,215.73,N
VIA_M1M2_PR,178.71,215.73,N
VIA_L1M1_PR_MR,109.71,216.07,N
VIA_L1M1_PR_MR,112.93,216.07,N
VIA_M1M2_PR,112.93,216.07,N
VIA_M1M2_PR,118.45,216.07,N
VIA_M1M2_PR,123.97,216.07,N
VIA_M1M2_PR,129.03,216.07,N
VIA_L1M1_PR_MR,165.83,216.07,N
VIA_M1M2_PR,110.17,216.41,N
VIA_L1M1_PR_MR,110.17,216.41,N
VIA_L1M1_PR_MR,112.01,216.41,N
VIA_M1M2_PR,112.01,216.41,N
VIA_M1M2_PR,113.85,216.41,N
VIA_L1M1_PR_MR,114.31,216.41,N
VIA_M1M2_PR,123.05,216.41,N
VIA_L1M1_PR_MR,124.43,216.41,N
VIA_L1M1_PR_MR,125.35,216.41,N
VIA_L1M1_PR_MR,165.37,216.41,N
VIA_M1M2_PR,165.37,216.41,N
VIA_M1M2_PR,168.13,216.41,N
VIA_L1M1_PR_MR,168.13,216.41,N
VIA_L1M1_PR_MR,169.97,216.41,N
VIA_M1M2_PR,169.97,216.41,N
VIA_M1M2_PR,170.89,216.41,N
VIA_L1M1_PR_MR,171.81,216.41,N
VIA_L1M1_PR_MR,172.73,216.41,N
VIA_L1M1_PR_MR,174.11,216.41,N
VIA_M1M2_PR,174.11,216.41,N
VIA_L1M1_PR_MR,174.83,216.41,N
VIA_M1M2_PR,177.33,216.41,N
VIA_L1M1_PR_MR,177.79,216.41,N
VIA_L1M1_PR_MR,178.25,216.41,N
VIA_M1M2_PR,178.25,216.41,N
VIA_L1M1_PR_MR,179.17,216.41,N
VIA_M1M2_PR,179.63,216.41,N
VIA_M1M2_PR,180.09,216.41,N
VIA_L1M1_PR_MR,180.09,216.41,N
VIA_L1M1_PR_MR,181.01,216.41,N
VIA_M1M2_PR,191.13,216.41,N
VIA_M1M2_PR,115.69,216.75,N
VIA_L1M1_PR_MR,115.69,216.75,N
VIA_M1M2_PR,118.91,216.75,N
VIA_M1M2_PR,122.13,216.75,N
VIA_M1M2_PR,123.51,216.75,N
VIA_L1M1_PR_MR,169.51,216.75,N
VIA_L1M1_PR_MR,173.65,216.75,N
VIA_M1M2_PR,173.65,216.75,N
VIA_L1M1_PR_MR,176.87,216.75,N
VIA_M1M2_PR,182.39,216.75,N
VIA_M1M2_PR,116.15,217.09,N
VIA_L1M1_PR_MR,123.05,217.09,N
VIA_L1M1_PR_MR,167.21,217.09,N
VIA_M1M2_PR,172.27,217.09,N
VIA_M1M2_PR,174.11,217.09,N
VIA_M1M2_PR,181.93,217.09,N
VIA_L1M1_PR_MR,181.93,217.09,N
sky130_fd_sc_hd__decap_3,10.12,217.6,FS
sky130_fd_sc_hd__decap_3,10.12,217.6,N
sky130_fd_sc_hd__tapvpwrvgnd_1,23.0,217.6,N
VIA_via3_4_2000_480_1_5_400_400,30.14,217.6,N
VIA_via2_3_2000_480_1_6_320_320,30.14,217.6,N
VIA_via4_5_2000_480_1_5_400_400,30.14,217.6,N
sky130_fd_sc_hd__tapvpwrvgnd_1,35.88,217.6,FS
sky130_fd_sc_hd__tapvpwrvgnd_1,48.76,217.6,N
VIA_via3_4_2000_480_1_5_400_400,60.14,217.6,N
VIA_via2_3_2000_480_1_6_320_320,60.14,217.6,N
VIA_via4_5_2000_480_1_5_400_400,60.14,217.6,N
sky130_fd_sc_hd__tapvpwrvgnd_1,61.64,217.6,FS
sky130_fd_sc_hd__tapvpwrvgnd_1,74.52,217.6,N
sky130_fd_sc_hd__tapvpwrvgnd_1,87.4,217.6,FS
VIA_via2_3_2000_480_1_6_320_320,90.14,217.6,N
VIA_via3_4_2000_480_1_5_400_400,90.14,217.6,N
VIA_via4_5_2000_480_1_5_400_400,90.14,217.6,N
sky130_fd_sc_hd__tapvpwrvgnd_1,100.28,217.6,N
sky130_fd_sc_hd__inv_2,110.4,217.6,S
sky130_fd_sc_hd__nand2b_2,113.16,217.6,FN
sky130_fd_sc_hd__and2_2,113.16,217.6,S
sky130_fd_sc_hd__tapvpwrvgnd_1,113.16,217.6,FS
sky130_fd_sc_hd__dfrtp_2,114.08,217.6,FS
sky130_fd_sc_hd__dfrtp_2,116.38,217.6,N
sky130_fd_sc_hd__and2b_2,116.38,217.6,FN
VIA_via3_4_2000_480_1_5_400_400,120.14,217.6,N
VIA_via4_5_2000_480_1_5_400_400,120.14,217.6,N
VIA_via2_3_2000_480_1_6_320_320,120.14,217.6,N
sky130_fd_sc_hd__nand2_2,126.04,217.6,S
sky130_fd_sc_hd__tapvpwrvgnd_1,126.04,217.6,N
sky130_fd_sc_hd__tapvpwrvgnd_1,138.92,217.6,FS
VIA_via4_5_2000_480_1_5_400_400,150.14,217.6,N
VIA_via2_3_2000_480_1_6_320_320,150.14,217.6,N
VIA_via3_4_2000_480_1_5_400_400,150.14,217.6,N
sky130_fd_sc_hd__tapvpwrvgnd_1,151.8,217.6,N
sky130_fd_sc_hd__tapvpwrvgnd_1,164.68,217.6,FS
sky130_fd_sc_hd__or3_2,165.14,217.6,FS
sky130_fd_sc_hd__a21oi_2,167.9,217.6,FN
sky130_fd_sc_hd__a22o_2,172.5,217.6,FS
sky130_fd_sc_hd__o31a_2,172.5,217.6,N
sky130_fd_sc_hd__nor3b_2,172.5,217.6,S
sky130_fd_sc_hd__nor3b_2,172.5,217.6,FN
sky130_fd_sc_hd__o31a_2,176.18,217.6,FS
sky130_fd_sc_hd__tapvpwrvgnd_1,177.56,217.6,N
sky130_fd_sc_hd__o31a_2,178.02,217.6,N
sky130_fd_sc_hd__or3_2,179.86,217.6,FS
VIA_via2_3_2000_480_1_6_320_320,180.14,217.6,N
VIA_via4_5_2000_480_1_5_400_400,180.14,217.6,N
VIA_via3_4_2000_480_1_5_400_400,180.14,217.6,N
sky130_fd_sc_hd__decap_3,189.98,217.6,FN
sky130_fd_sc_hd__decap_3,189.98,217.6,S
VIA_M1M2_PR,96.37,218.11,N
VIA_L1M1_PR_MR,113.85,218.11,N
VIA_L1M1_PR_MR,165.37,218.11,N
VIA_M1M2_PR,165.37,218.11,N
VIA_M1M2_PR,167.67,218.11,N
VIA_L1M1_PR_MR,169.51,218.11,N
VIA_M1M2_PR,174.57,218.11,N
VIA_L1M1_PR_MR,111.55,218.45,N
VIA_M1M2_PR,115.69,218.45,N
VIA_L1M1_PR_MR,116.15,218.45,N
VIA_M1M2_PR,118.45,218.45,N
VIA_M1M2_PR,123.05,218.45,N
VIA_M1M2_PR,170.89,218.45,N
VIA_L1M1_PR_MR,112.47,218.79,N
VIA_M1M2_PR,112.47,218.79,N
VIA_M1M2_PR,165.37,218.79,N
VIA_L1M1_PR_MR,166.75,218.79,N
VIA_L1M1_PR_MR,168.13,218.79,N
VIA_M1M2_PR,169.51,218.79,N
VIA_L1M1_PR_MR,169.97,218.79,N
VIA_M1M2_PR,170.43,218.79,N
VIA_L1M1_PR_MR,171.81,218.79,N
VIA_L1M1_PR_MR,172.73,218.79,N
VIA_L1M1_PR_MR,174.11,218.79,N
VIA_M1M2_PR,174.11,218.79,N
VIA_L1M1_PR_MR,174.57,218.79,N
VIA_L1M1_PR_MR,175.49,218.79,N
VIA_M1M2_PR,177.33,218.79,N
VIA_L1M1_PR_MR,179.63,218.79,N
VIA_L1M1_PR_MR,180.09,218.79,N
VIA_L1M1_PR_MR,181.01,218.79,N
VIA_M1M2_PR,181.93,218.79,N
VIA_L1M1_PR_MR,111.09,219.13,N
VIA_M1M2_PR,113.39,219.13,N
VIA_L1M1_PR_MR,116.61,219.13,N
VIA_M1M2_PR,117.99,219.13,N
VIA_L1M1_PR_MR,117.99,219.13,N
VIA_L1M1_PR_MR,164.91,219.13,N
VIA_M1M2_PR,164.91,219.13,N
VIA_L1M1_PR_MR,167.67,219.13,N
VIA_M1M2_PR,173.65,219.13,N
VIA_L1M1_PR_MR,175.03,219.13,N
VIA_M1M2_PR,177.79,219.13,N
VIA_M1M2_PR,178.71,219.13,N
VIA_L1M1_PR_MR,178.71,219.13,N
VIA_M1M2_PR,181.47,219.13,N
VIA_M1M2_PR,112.47,219.47,N
VIA_L1M1_PR_MR,114.77,219.47,N
VIA_M1M2_PR,116.15,219.47,N
VIA_M1M2_PR,168.13,219.47,N
VIA_M1M2_PR,173.19,219.47,N
VIA_L1M1_PR_MR,180.55,219.47,N
VIA_M1M2_PR,112.01,219.81,N
VIA_M1M2_PR,113.85,219.81,N
VIA_M1M2_PR,123.51,219.81,N
VIA_L1M1_PR_MR,125.35,219.81,N
VIA_M1M2_PR,163.99,219.81,N
VIA_M1M2_PR,170.89,219.81,N
VIA_M1M2_PR,181.93,219.81,N
VIA_via4_5_2000_480_1_5_400_400,26.44,220.32,N
VIA_via3_4_2000_480_1_5_400_400,26.44,220.32,N
VIA_via2_3_2000_480_1_6_320_320,26.44,220.32,N
VIA_via2_3_2000_480_1_6_320_320,56.44,220.32,N
VIA_via4_5_2000_480_1_5_400_400,56.44,220.32,N
VIA_via3_4_2000_480_1_5_400_400,56.44,220.32,N
VIA_via4_5_2000_480_1_5_400_400,86.44,220.32,N
VIA_via3_4_2000_480_1_5_400_400,86.44,220.32,N
VIA_via2_3_2000_480_1_6_320_320,86.44,220.32,N
VIA_via3_4_2000_480_1_5_400_400,116.44,220.32,N
VIA_via4_5_2000_480_1_5_400_400,116.44,220.32,N
VIA_via2_3_2000_480_1_6_320_320,116.44,220.32,N
VIA_via4_5_2000_480_1_5_400_400,146.44,220.32,N
VIA_via2_3_2000_480_1_6_320_320,146.44,220.32,N
VIA_via3_4_2000_480_1_5_400_400,146.44,220.32,N
VIA_via2_3_2000_480_1_6_320_320,176.44,220.32,N
VIA_via3_4_2000_480_1_5_400_400,176.44,220.32,N
VIA_via4_5_2000_480_1_5_400_400,176.44,220.32,N
VIA_M1M2_PR,113.85,220.83,N
VIA_M1M2_PR,123.97,220.83,N
VIA_M1M2_PR,163.53,220.83,N
VIA_M1M2_PR,165.37,220.83,N
VIA_M1M2_PR,176.41,220.83,N
VIA_M1M2_PR,178.25,220.83,N
VIA_L1M1_PR_MR,179.17,220.83,N
VIA_M1M2_PR,111.55,221.17,N
VIA_M1M2_PR,116.61,221.17,N
VIA_M1M2_PR,118.45,221.17,N
VIA_M1M2_PR,123.51,221.17,N
VIA_M1M2_PR,143.75,221.17,N
VIA_L1M1_PR_MR,169.97,221.17,N
VIA_M1M2_PR,171.35,221.17,N
VIA_M1M2_PR,175.03,221.17,N
VIA_L1M1_PR_MR,175.03,221.17,N
VIA_M2M3_PR,166.29,221.34,N
VIA_M2M3_PR,169.97,221.34,N
VIA_M1M2_PR,115.69,221.51,N
VIA_L1M1_PR_MR,120.75,221.51,N
VIA_M1M2_PR,162.61,221.51,N
VIA_L1M1_PR_MR,167.67,221.51,N
VIA_M1M2_PR,168.13,221.51,N
VIA_M1M2_PR,175.95,221.51,N
VIA_M1M2_PR,113.85,221.85,N
VIA_L1M1_PR_MR,116.15,221.85,N
VIA_L1M1_PR_MR,116.61,221.85,N
VIA_L1M1_PR_MR,117.99,221.85,N
VIA_M1M2_PR,118.45,221.85,N
VIA_L1M1_PR_MR,118.91,221.85,N
VIA_L1M1_PR_MR,119.83,221.85,N
VIA_L1M1_PR_MR,123.51,221.85,N
VIA_M1M2_PR,142.83,221.85,N
VIA_M1M2_PR,163.99,221.85,N
VIA_M1M2_PR,164.91,221.85,N
VIA_L1M1_PR_MR,165.37,221.85,N
VIA_M1M2_PR,165.83,221.85,N
VIA_L1M1_PR_MR,166.75,221.85,N
VIA_L1M1_PR_MR,169.51,221.85,N
VIA_M1M2_PR,170.43,221.85,N
VIA_L1M1_PR_MR,170.43,221.85,N
VIA_L1M1_PR_MR,170.89,221.85,N
VIA_M1M2_PR,170.89,221.85,N
VIA_M1M2_PR,174.11,221.85,N
VIA_L1M1_PR_MR,174.11,221.85,N
VIA_M1M2_PR,174.57,221.85,N
VIA_L1M1_PR_MR,174.57,221.85,N
VIA_M1M2_PR,175.49,221.85,N
VIA_L1M1_PR_MR,175.49,221.85,N
VIA_L1M1_PR_MR,176.51,221.85,N
VIA_L1M1_PR_MR,177.33,221.85,N
VIA_M1M2_PR,177.33,221.85,N
VIA_L1M1_PR_MR,178.51,221.85,N
VIA_M1M2_PR,178.71,221.85,N
VIA_M2M3_PR,135.47,222.02,N
VIA_M2M3_PR,176.41,222.02,N
VIA_M1M2_PR,113.39,222.19,N
VIA_L1M1_PR_MR,121.67,222.19,N
VIA_M1M2_PR,129.95,222.19,N
VIA_L1M1_PR_MR,177.79,222.19,N
VIA_M1M2_PR,112.93,222.53,N
VIA_M1M2_PR,117.53,222.53,N
VIA_M1M2_PR,118.45,222.53,N
VIA_M1M2_PR,118.91,222.53,N
VIA_M1M2_PR,122.13,222.53,N
VIA_L1M1_PR_MR,122.13,222.53,N
VIA_L1M1_PR_MR,122.59,222.53,N
VIA_M1M2_PR,123.97,222.53,N
VIA_M1M2_PR,127.19,222.53,N
VIA_M1M2_PR,166.29,222.53,N
VIA_M1M2_PR,166.75,222.53,N
VIA_L1M1_PR_MR,166.75,222.53,N
VIA_M1M2_PR,167.21,222.53,N
VIA_M1M2_PR,169.51,222.53,N
VIA_M1M2_PR,171.35,222.53,N
VIA_L1M1_PR_MR,171.81,222.53,N
VIA_L1M1_PR_MR,173.19,222.53,N
VIA_M1M2_PR,175.03,222.53,N
VIA_M1M2_PR,175.49,222.53,N
VIA_M1M2_PR,182.85,222.53,N
VIA_M2M3_PR,167.67,222.7,N
sky130_fd_sc_hd__decap_3,10.12,223.04,N
sky130_fd_sc_hd__decap_3,10.12,223.04,FS
sky130_fd_sc_hd__tapvpwrvgnd_1,23.0,223.04,N
VIA_via3_4_2000_480_1_5_400_400,30.14,223.04,N
VIA_via4_5_2000_480_1_5_400_400,30.14,223.04,N
VIA_via2_3_2000_480_1_6_320_320,30.14,223.04,N
sky130_fd_sc_hd__tapvpwrvgnd_1,35.88,223.04,FS
sky130_fd_sc_hd__tapvpwrvgnd_1,48.76,223.04,N
VIA_via4_5_2000_480_1_5_400_400,60.14,223.04,N
VIA_via2_3_2000_480_1_6_320_320,60.14,223.04,N
VIA_via3_4_2000_480_1_5_400_400,60.14,223.04,N
sky130_fd_sc_hd__tapvpwrvgnd_1,61.64,223.04,FS
sky130_fd_sc_hd__tapvpwrvgnd_1,74.52,223.04,N
sky130_fd_sc_hd__tapvpwrvgnd_1,87.4,223.04,FS
VIA_via3_4_2000_480_1_5_400_400,90.14,223.04,N
VIA_via4_5_2000_480_1_5_400_400,90.14,223.04,N
VIA_via2_3_2000_480_1_6_320_320,90.14,223.04,N
sky130_fd_sc_hd__tapvpwrvgnd_1,100.28,223.04,N
sky130_fd_sc_hd__tapvpwrvgnd_1,113.16,223.04,FS
sky130_fd_sc_hd__o21a_2,115.92,223.04,FN
VIA_via4_5_2000_480_1_5_400_400,120.14,223.04,N
VIA_via2_3_2000_480_1_6_320_320,120.14,223.04,N
VIA_via3_4_2000_480_1_5_400_400,120.14,223.04,N
sky130_fd_sc_hd__and4bb_2,120.52,223.04,FN
sky130_fd_sc_hd__nand4_2,120.52,223.04,S
sky130_fd_sc_hd__a31o_2,120.52,223.04,FS
sky130_fd_sc_hd__tapvpwrvgnd_1,126.04,223.04,N
sky130_fd_sc_hd__tapvpwrvgnd_1,138.92,223.04,FS
sky130_fd_sc_hd__clkbuf_8,146.28,223.04,N
VIA_via4_5_2000_480_1_5_400_400,150.14,223.04,N
VIA_via2_3_2000_480_1_6_320_320,150.14,223.04,N
VIA_via3_4_2000_480_1_5_400_400,150.14,223.04,N
sky130_fd_sc_hd__tapvpwrvgnd_1,151.8,223.04,N
sky130_fd_sc_hd__clkbuf_4,159.62,223.04,FN
sky130_fd_sc_hd__tapvpwrvgnd_1,164.68,223.04,FS
sky130_fd_sc_hd__nor3_2,165.14,223.04,FS
sky130_fd_sc_hd__a22o_2,167.9,223.04,FN
sky130_fd_sc_hd__o31a_2,171.58,223.04,FN
sky130_fd_sc_hd__o31a_2,172.5,223.04,FS
sky130_fd_sc_hd__o31a_2,172.5,223.04,S
sky130_fd_sc_hd__o31a_2,175.26,223.04,FN
sky130_fd_sc_hd__a22o_2,176.18,223.04,FS
sky130_fd_sc_hd__tapvpwrvgnd_1,177.56,223.04,N
sky130_fd_sc_hd__a22o_2,178.02,223.04,N
VIA_via3_4_2000_480_1_5_400_400,180.14,223.04,N
VIA_via2_3_2000_480_1_6_320_320,180.14,223.04,N
VIA_via4_5_2000_480_1_5_400_400,180.14,223.04,N
sky130_fd_sc_hd__decap_3,189.98,223.04,FN
sky130_fd_sc_hd__decap_3,189.98,223.04,S
VIA_M2M3_PR,165.37,223.38,N
VIA_M2M3_PR,167.21,223.38,N
VIA_M3M4_PR,169.74,223.38,N
VIA_M1M2_PR,116.15,223.55,N
VIA_L1M1_PR_MR,117.07,223.55,N
VIA_M1M2_PR,117.53,223.55,N
VIA_L1M1_PR_MR,117.53,223.55,N
VIA_M1M2_PR,118.91,223.55,N
VIA_L1M1_PR_MR,119.37,223.55,N
VIA_M1M2_PR,167.21,223.55,N
VIA_M1M2_PR,169.51,223.55,N
VIA_M1M2_PR,175.95,223.55,N
VIA_M1M2_PR,115.69,223.89,N
VIA_L1M1_PR_MR,116.61,223.89,N
VIA_M1M2_PR,116.61,223.89,N
VIA_L1M1_PR_MR,146.51,223.89,N
VIA_M1M2_PR,149.73,223.89,N
VIA_L1M1_PR_MR,150.65,223.89,N
VIA_L1M1_PR_MR,166.29,223.89,N
VIA_M1M2_PR,166.29,223.89,N
VIA_M1M2_PR,166.75,223.89,N
VIA_L1M1_PR_MR,166.75,223.89,N
VIA_M1M2_PR,177.33,223.89,N
VIA_L1M1_PR_MR,179.17,223.89,N
VIA_M1M2_PR,179.17,223.89,N
VIA_L1M1_PR_MR,179.63,223.89,N
VIA_M1M2_PR,112.47,224.23,N
VIA_L1M1_PR_MR,112.93,224.23,N
VIA_M1M2_PR,113.39,224.23,N
VIA_L1M1_PR_MR,113.39,224.23,N
VIA_L1M1_PR_MR,114.31,224.23,N
VIA_L1M1_PR_MR,115.23,224.23,N
VIA_M1M2_PR,117.99,224.23,N
VIA_M1M2_PR,119.37,224.23,N
VIA_M1M2_PR,119.83,224.23,N
VIA_L1M1_PR_MR,120.29,224.23,N
VIA_L1M1_PR_MR,158.93,224.23,N
VIA_M1M2_PR,158.93,224.23,N
VIA_M1M2_PR,165.37,224.23,N
VIA_L1M1_PR_MR,165.57,224.23,N
VIA_L1M1_PR_MR,167.67,224.23,N
VIA_M1M2_PR,167.67,224.23,N
VIA_L1M1_PR_MR,168.59,224.23,N
VIA_M1M2_PR,169.05,224.23,N
VIA_L1M1_PR_MR,169.05,224.23,N
VIA_M1M2_PR,169.51,224.23,N
VIA_L1M1_PR_MR,169.51,224.23,N
VIA_L1M1_PR_MR,169.97,224.23,N
VIA_M1M2_PR,170.89,224.23,N
VIA_M1M2_PR,172.27,224.23,N
VIA_L1M1_PR_MR,172.27,224.23,N
VIA_M1M2_PR,172.73,224.23,N
VIA_L1M1_PR_MR,172.73,224.23,N
VIA_L1M1_PR_MR,173.19,224.23,N
VIA_M1M2_PR,173.19,224.23,N
VIA_L1M1_PR_MR,173.65,224.23,N
VIA_M1M2_PR,174.11,224.23,N
VIA_L1M1_PR_MR,178.25,224.23,N
VIA_M1M2_PR,178.71,224.23,N
VIA_L1M1_PR_MR,180.115,224.23,N
VIA_M1M2_PR,122.59,224.57,N
VIA_L1M1_PR_MR,150.19,224.57,N
VIA_M1M2_PR,163.99,224.57,N
VIA_M2M3_PR,143.29,224.74,N
VIA_M2M3_PR,167.67,224.74,N
VIA_M2M3_PR,169.97,224.74,N
VIA_M1M2_PR,112.93,224.91,N
VIA_L1M1_PR_MR,164.91,224.91,N
VIA_M1M2_PR,173.65,224.91,N
VIA_L1M1_PR_MR,181.01,224.91,N
VIA_M1M2_PR,181.47,224.91,N
VIA_M1M2_PR,137.31,225.25,N
VIA_M1M2_PR,169.97,225.25,N
VIA_M1M2_PR,170.89,225.25,N
VIA_L1M1_PR_MR,170.89,225.25,N
VIA_L1M1_PR_MR,174.57,225.25,N
VIA_M1M2_PR,178.25,225.25,N
VIA_M2M3_PR,168.59,225.42,N
VIA_via3_4_2000_480_1_5_400_400,26.44,225.76,N
VIA_via4_5_2000_480_1_5_400_400,26.44,225.76,N
VIA_via2_3_2000_480_1_6_320_320,26.44,225.76,N
VIA_via2_3_2000_480_1_6_320_320,56.44,225.76,N
VIA_via4_5_2000_480_1_5_400_400,56.44,225.76,N
VIA_via3_4_2000_480_1_5_400_400,56.44,225.76,N
VIA_via4_5_2000_480_1_5_400_400,86.44,225.76,N
VIA_via3_4_2000_480_1_5_400_400,86.44,225.76,N
VIA_via2_3_2000_480_1_6_320_320,86.44,225.76,N
VIA_via3_4_2000_480_1_5_400_400,116.44,225.76,N
VIA_via4_5_2000_480_1_5_400_400,116.44,225.76,N
VIA_via2_3_2000_480_1_6_320_320,116.44,225.76,N
VIA_via4_5_2000_480_1_5_400_400,146.44,225.76,N
VIA_via3_4_2000_480_1_5_400_400,146.44,225.76,N
VIA_via2_3_2000_480_1_6_320_320,146.44,225.76,N
VIA_via4_5_2000_480_1_5_400_400,176.44,225.76,N
VIA_via3_4_2000_480_1_5_400_400,176.44,225.76,N
VIA_via2_3_2000_480_1_6_320_320,176.44,225.76,N
VIA_M2M3_PR,169.05,226.1,N
VIA_M2M3_PR,172.27,226.1,N
VIA_L1M1_PR_MR,117.99,226.27,N
VIA_M1M2_PR,117.99,226.27,N
VIA_M1M2_PR,118.45,226.27,N
VIA_M1M2_PR,122.13,226.27,N
VIA_M1M2_PR,160.31,226.27,N
VIA_M1M2_PR,166.29,226.27,N
VIA_L1M1_PR_MR,167.21,226.27,N
VIA_M1M2_PR,169.51,226.27,N
VIA_M1M2_PR,170.43,226.27,N
VIA_L1M1_PR_MR,170.89,226.27,N
VIA_M1M2_PR,177.79,226.27,N
VIA_M1M2_PR,136.85,226.61,N
VIA_M1M2_PR,171.81,226.61,N
VIA_L1M1_PR_MR,175.03,226.61,N
VIA_M3M4_PR,165.14,226.78,N
VIA_M2M3_PR,173.65,226.78,N
VIA_M1M2_PR,119.83,226.95,N
VIA_M1M2_PR,122.59,226.95,N
VIA_M1M2_PR,158.93,226.95,N
VIA_L1M1_PR_MR,160.77,226.95,N
VIA_M1M2_PR,164.91,226.95,N
VIA_M1M2_PR,169.51,226.95,N
VIA_M1M2_PR,172.73,226.95,N
VIA_M1M2_PR,111.09,227.29,N
VIA_L1M1_PR_MR,117.53,227.29,N
VIA_L1M1_PR_MR,118.45,227.29,N
VIA_M1M2_PR,119.37,227.29,N
VIA_L1M1_PR_MR,120.29,227.29,N
VIA_M1M2_PR,149.73,227.29,N
VIA_L1M1_PR_MR,157.09,227.29,N
VIA_M1M2_PR,165.37,227.29,N
VIA_L1M1_PR_MR,168.105,227.29,N
VIA_L1M1_PR_MR,168.59,227.29,N
VIA_L1M1_PR_MR,169.97,227.29,N
VIA_M1M2_PR,169.97,227.29,N
VIA_M1M2_PR,170.43,227.29,N
VIA_L1M1_PR_MR,171.55,227.29,N
VIA_M1M2_PR,172.27,227.29,N
VIA_L1M1_PR_MR,172.27,227.29,N
VIA_L1M1_PR_MR,173.65,227.29,N
VIA_M1M2_PR,173.65,227.29,N
VIA_L1M1_PR_MR,174.57,227.29,N
VIA_L1M1_PR_MR,175.49,227.29,N
VIA_M1M2_PR,175.49,227.29,N
VIA_L1M1_PR_MR,175.95,227.29,N
VIA_L1M1_PR_MR,177.33,227.29,N
VIA_M1M2_PR,177.79,227.29,N
VIA_M2M3_PR,166.29,227.46,N
VIA_M2M3_PR,169.05,227.46,N
VIA_M2M3_PR,172.27,227.46,N
VIA_M1M2_PR,115.69,227.63,N
VIA_M1M2_PR,166.75,227.63,N
VIA_L1M1_PR_MR,169.05,227.63,N
VIA_L1M1_PR_MR,172.73,227.63,N
VIA_M1M2_PR,174.11,227.63,N
VIA_M1M2_PR,111.09,227.97,N
VIA_M1M2_PR,116.61,227.97,N
VIA_L1M1_PR_MR,119.37,227.97,N
VIA_M1M2_PR,123.51,227.97,N
VIA_M1M2_PR,170.43,227.97,N
VIA_M1M2_PR,171.35,227.97,N
VIA_M1M2_PR,179.17,227.97,N
VIA_M3M4_PR,164.22,228.14,N
VIA_M2M3_PR,166.29,228.14,N
sky130_fd_sc_hd__decap_3,10.12,228.48,N
sky130_fd_sc_hd__decap_3,10.12,228.48,FS
sky130_fd_sc_hd__tapvpwrvgnd_1,23.0,228.48,N
VIA_via3_4_2000_480_1_5_400_400,30.14,228.48,N
VIA_via4_5_2000_480_1_5_400_400,30.14,228.48,N
VIA_via2_3_2000_480_1_6_320_320,30.14,228.48,N
sky130_fd_sc_hd__tapvpwrvgnd_1,35.88,228.48,FS
sky130_fd_sc_hd__tapvpwrvgnd_1,48.76,228.48,N
VIA_via2_3_2000_480_1_6_320_320,60.14,228.48,N
VIA_via3_4_2000_480_1_5_400_400,60.14,228.48,N
VIA_via4_5_2000_480_1_5_400_400,60.14,228.48,N
sky130_fd_sc_hd__tapvpwrvgnd_1,61.64,228.48,FS
sky130_fd_sc_hd__tapvpwrvgnd_1,74.52,228.48,N
sky130_fd_sc_hd__tapvpwrvgnd_1,87.4,228.48,FS
VIA_via3_4_2000_480_1_5_400_400,90.14,228.48,N
VIA_via4_5_2000_480_1_5_400_400,90.14,228.48,N
VIA_via2_3_2000_480_1_6_320_320,90.14,228.48,N
sky130_fd_sc_hd__tapvpwrvgnd_1,100.28,228.48,N
sky130_fd_sc_hd__tapvpwrvgnd_1,113.16,228.48,FS
sky130_fd_sc_hd__dfrtp_2,115.92,228.48,N
sky130_fd_sc_hd__o21a_2,115.92,228.48,FN
VIA_via2_3_2000_480_1_6_320_320,120.14,228.48,N
VIA_via3_4_2000_480_1_5_400_400,120.14,228.48,N
VIA_via4_5_2000_480_1_5_400_400,120.14,228.48,N
sky130_fd_sc_hd__or4b_2,120.52,228.48,S
sky130_fd_sc_hd__tapvpwrvgnd_1,126.04,228.48,N
sky130_fd_sc_hd__tapvpwrvgnd_1,138.92,228.48,FS
VIA_via4_5_2000_480_1_5_400_400,150.14,228.48,N
VIA_via3_4_2000_480_1_5_400_400,150.14,228.48,N
VIA_via2_3_2000_480_1_6_320_320,150.14,228.48,N
sky130_fd_sc_hd__tapvpwrvgnd_1,151.8,228.48,N
sky130_fd_sc_hd__clkbuf_8,156.86,228.48,FS
sky130_fd_sc_hd__tapvpwrvgnd_1,164.68,228.48,FS
sky130_fd_sc_hd__a22o_2,170.2,228.48,S
sky130_fd_sc_hd__a22o_2,170.2,228.48,N
sky130_fd_sc_hd__a22o_2,173.88,228.48,N
sky130_fd_sc_hd__a22o_2,173.88,228.48,S
sky130_fd_sc_hd__o31a_2,177.56,228.48,S
sky130_fd_sc_hd__tapvpwrvgnd_1,177.56,228.48,N
VIA_via2_3_2000_480_1_6_320_320,180.14,228.48,N
VIA_via4_5_2000_480_1_5_400_400,180.14,228.48,N
VIA_via3_4_2000_480_1_5_400_400,180.14,228.48,N
sky130_fd_sc_hd__decap_3,189.98,228.48,S
sky130_fd_sc_hd__decap_3,189.98,228.48,FN
VIA_M1M2_PR,123.97,228.99,N
VIA_M1M2_PR,170.43,228.99,N
VIA_M1M2_PR,172.27,228.99,N
VIA_M1M2_PR,178.71,228.99,N
VIA_M1M2_PR,112.01,229.33,N
VIA_M1M2_PR,118.91,229.33,N
VIA_M1M2_PR,130.87,229.33,N
VIA_M1M2_PR,171.35,229.33,N
VIA_L1M1_PR_MR,171.35,229.33,N
VIA_L1M1_PR_MR,175.03,229.33,N
VIA_M2M3_PR,170.43,229.5,N
VIA_M3M4_PR,170.66,229.5,N
VIA_M1M2_PR,112.47,229.67,N
VIA_L1M1_PR_MR,112.93,229.67,N
VIA_L1M1_PR_MR,114.31,229.67,N
VIA_M1M2_PR,123.05,229.67,N
VIA_M1M2_PR,137.77,229.67,N
VIA_L1M1_PR_MR,170.43,229.67,N
VIA_L1M1_PR_MR,171.81,229.67,N
VIA_M1M2_PR,172.27,229.67,N
VIA_L1M1_PR_MR,172.295,229.67,N
VIA_L1M1_PR_MR,174.11,229.67,N
VIA_L1M1_PR_MR,175.49,229.67,N
VIA_L1M1_PR_MR,175.975,229.67,N
VIA_L1M1_PR_MR,113.39,230.01,N
VIA_M1M2_PR,113.39,230.01,N
VIA_M1M2_PR,113.85,230.01,N
VIA_L1M1_PR_MR,116.15,230.01,N
VIA_L1M1_PR_MR,117.53,230.01,N
VIA_M1M2_PR,144.67,230.01,N
VIA_M1M2_PR,110.63,230.35,N
VIA_L1M1_PR_MR,173.19,230.35,N
VIA_M1M2_PR,174.57,230.35,N
VIA_M1M2_PR,175.49,230.35,N
VIA_L1M1_PR_MR,176.87,230.35,N
VIA_M1M2_PR,113.39,230.69,N
VIA_L1M1_PR_MR,115.23,230.69,N
VIA_M1M2_PR,116.61,230.69,N
VIA_L1M1_PR_MR,124.89,230.69,N
VIA_M1M2_PR,124.89,230.69,N
VIA_M1M2_PR,144.21,230.69,N
VIA_via3_4_2000_480_1_5_400_400,26.44,231.2,N
VIA_via2_3_2000_480_1_6_320_320,26.44,231.2,N
VIA_via4_5_2000_480_1_5_400_400,26.44,231.2,N
VIA_via3_4_2000_480_1_5_400_400,56.44,231.2,N
VIA_via4_5_2000_480_1_5_400_400,56.44,231.2,N
VIA_via2_3_2000_480_1_6_320_320,56.44,231.2,N
VIA_via2_3_2000_480_1_6_320_320,86.44,231.2,N
VIA_via4_5_2000_480_1_5_400_400,86.44,231.2,N
VIA_via3_4_2000_480_1_5_400_400,86.44,231.2,N
VIA_via4_5_2000_480_1_5_400_400,116.44,231.2,N
VIA_via3_4_2000_480_1_5_400_400,116.44,231.2,N
VIA_via2_3_2000_480_1_6_320_320,116.44,231.2,N
VIA_via3_4_2000_480_1_5_400_400,146.44,231.2,N
VIA_via2_3_2000_480_1_6_320_320,146.44,231.2,N
VIA_via4_5_2000_480_1_5_400_400,146.44,231.2,N
VIA_via4_5_2000_480_1_5_400_400,176.44,231.2,N
VIA_via3_4_2000_480_1_5_400_400,176.44,231.2,N
VIA_via2_3_2000_480_1_6_320_320,176.44,231.2,N
VIA_L1M1_PR_MR,110.63,231.71,N
VIA_M1M2_PR,110.63,231.71,N
VIA_M1M2_PR,112.47,231.71,N
VIA_L1M1_PR_MR,122.59,231.71,N
VIA_L1M1_PR_MR,123.51,231.71,N
VIA_M1M2_PR,123.97,231.71,N
VIA_L1M1_PR_MR,125.81,231.71,N
VIA_M1M2_PR,173.19,231.71,N
VIA_L1M1_PR_MR,173.19,231.71,N
VIA_M1M2_PR,113.39,232.39,N
VIA_L1M1_PR_MR,115.23,232.39,N
VIA_M1M2_PR,115.69,232.39,N
VIA_M1M2_PR,123.51,232.39,N
VIA_L1M1_PR_MR,123.97,232.39,N
VIA_M1M2_PR,111.09,232.73,N
VIA_L1M1_PR_MR,111.55,232.73,N
VIA_L1M1_PR_MR,112.47,232.73,N
VIA_M1M2_PR,113.85,232.73,N
VIA_L1M1_PR_MR,113.85,232.73,N
VIA_L1M1_PR_MR,124.89,232.73,N
VIA_M1M2_PR,124.89,232.73,N
VIA_M1M2_PR,129.49,232.73,N
VIA_L1M1_PR_MR,170.43,232.73,N
VIA_M1M2_PR,171.35,232.73,N
VIA_L1M1_PR_MR,171.35,232.73,N
VIA_M1M2_PR,172.27,232.73,N
VIA_L1M1_PR_MR,172.295,232.73,N
VIA_L1M1_PR_MR,112.93,233.07,N
VIA_M1M2_PR,112.93,233.07,N
VIA_M1M2_PR,118.91,233.07,N
VIA_M1M2_PR,123.51,233.07,N
VIA_L1M1_PR_MR,123.51,233.07,N
VIA_M1M2_PR,166.29,233.07,N
VIA_L1M1_PR_MR,171.81,233.07,N
VIA_M1M2_PR,121.67,233.41,N
sky130_fd_sc_hd__decap_3,10.12,233.92,N
sky130_fd_sc_hd__decap_3,10.12,233.92,FS
sky130_fd_sc_hd__tapvpwrvgnd_1,23.0,233.92,N
VIA_via4_5_2000_480_1_5_400_400,30.14,233.92,N
VIA_via2_3_2000_480_1_6_320_320,30.14,233.92,N
VIA_via3_4_2000_480_1_5_400_400,30.14,233.92,N
sky130_fd_sc_hd__tapvpwrvgnd_1,35.88,233.92,FS
sky130_fd_sc_hd__tapvpwrvgnd_1,48.76,233.92,N
VIA_via2_3_2000_480_1_6_320_320,60.14,233.92,N
VIA_via3_4_2000_480_1_5_400_400,60.14,233.92,N
VIA_via4_5_2000_480_1_5_400_400,60.14,233.92,N
sky130_fd_sc_hd__tapvpwrvgnd_1,61.64,233.92,FS
sky130_fd_sc_hd__tapvpwrvgnd_1,74.52,233.92,N
sky130_fd_sc_hd__tapvpwrvgnd_1,87.4,233.92,FS
VIA_via3_4_2000_480_1_5_400_400,90.14,233.92,N
VIA_via4_5_2000_480_1_5_400_400,90.14,233.92,N
VIA_via2_3_2000_480_1_6_320_320,90.14,233.92,N
sky130_fd_sc_hd__tapvpwrvgnd_1,100.28,233.92,N
sky130_fd_sc_hd__nand2b_2,109.02,233.92,N
sky130_fd_sc_hd__inv_2,109.02,233.92,FN
sky130_fd_sc_hd__a21o_2,109.94,233.92,FS
sky130_fd_sc_hd__tapvpwrvgnd_1,113.16,233.92,FS
sky130_fd_sc_hd__dfrtp_2,113.62,233.92,FS
sky130_fd_sc_hd__nand4_2,116.84,233.92,FN
sky130_fd_sc_hd__and4bb_2,116.84,233.92,N
VIA_via3_4_2000_480_1_5_400_400,120.14,233.92,N
VIA_via4_5_2000_480_1_5_400_400,120.14,233.92,N
VIA_via2_3_2000_480_1_6_320_320,120.14,233.92,N
sky130_fd_sc_hd__or4_2,123.28,233.92,FS
sky130_fd_sc_hd__nor2_2,123.74,233.92,FN
sky130_fd_sc_hd__nand2_2,126.04,233.92,FN
sky130_fd_sc_hd__tapvpwrvgnd_1,126.04,233.92,N
sky130_fd_sc_hd__tapvpwrvgnd_1,138.92,233.92,FS
VIA_via3_4_2000_480_1_5_400_400,150.14,233.92,N
VIA_via2_3_2000_480_1_6_320_320,150.14,233.92,N
VIA_via4_5_2000_480_1_5_400_400,150.14,233.92,N
sky130_fd_sc_hd__tapvpwrvgnd_1,151.8,233.92,N
sky130_fd_sc_hd__tapvpwrvgnd_1,164.68,233.92,FS
sky130_fd_sc_hd__diode_2,170.2,233.92,N
sky130_fd_sc_hd__a22o_2,170.2,233.92,FS
sky130_fd_sc_hd__tapvpwrvgnd_1,177.56,233.92,N
VIA_via3_4_2000_480_1_5_400_400,180.14,233.92,N
VIA_via4_5_2000_480_1_5_400_400,180.14,233.92,N
VIA_via2_3_2000_480_1_6_320_320,180.14,233.92,N
sky130_fd_sc_hd__decap_3,189.98,233.92,S
sky130_fd_sc_hd__decap_3,189.98,233.92,FN
VIA_M2M3_PR,174.11,234.26,N
VIA_M3M4_PR,174.34,234.26,N
VIA_M1M2_PR,112.47,234.43,N
VIA_M1M2_PR,112.93,234.43,N
VIA_M1M2_PR,115.69,234.43,N
VIA_M1M2_PR,118.45,234.43,N
VIA_L1M1_PR_MR,119.83,234.43,N
VIA_M1M2_PR,122.59,234.43,N
VIA_M1M2_PR,169.05,234.43,N
VIA_L1M1_PR_MR,170.43,234.43,N
VIA_M1M2_PR,117.99,234.77,N
VIA_L1M1_PR_MR,120.29,234.77,N
VIA_L1M1_PR_MR,120.75,234.77,N
VIA_M1M2_PR,121.67,234.77,N
VIA_L1M1_PR_MR,121.67,234.77,N
VIA_M1M2_PR,122.13,234.77,N
VIA_M2M3_PR,112.47,234.94,N
VIA_M2M3_PR,124.43,234.94,N
VIA_L1M1_PR_MR,108.79,235.11,N
VIA_L1M1_PR_MR,109.71,235.11,N
VIA_M1M2_PR,112.01,235.11,N
VIA_L1M1_PR_MR,112.47,235.11,N
VIA_M1M2_PR,112.47,235.11,N
VIA_L1M1_PR_MR,114.31,235.11,N
VIA_L1M1_PR_MR,115.23,235.11,N
VIA_L1M1_PR_MR,116.61,235.11,N
VIA_M1M2_PR,117.07,235.11,N
VIA_L1M1_PR_MR,117.07,235.11,N
VIA_L1M1_PR_MR,122.59,235.11,N
VIA_M1M2_PR,123.05,235.11,N
VIA_L1M1_PR_MR,123.05,235.11,N
VIA_M1M2_PR,124.43,235.11,N
VIA_L1M1_PR_MR,124.43,235.11,N
VIA_L1M1_PR_MR,125.35,235.11,N
VIA_L1M1_PR_MR,111.09,235.45,N
VIA_L1M1_PR_MR,113.39,235.45,N
VIA_L1M1_PR_MR,117.99,235.45,N
VIA_M1M2_PR,123.51,235.45,N
VIA_L1M1_PR_MR,123.97,235.45,N
VIA_L1M1_PR_MR,108.33,235.79,N
VIA_M1M2_PR,124.43,235.79,N
VIA_M1M2_PR,124.89,235.79,N
VIA_M1M2_PR,111.55,236.13,N
VIA_L1M1_PR_MR,111.55,236.13,N
VIA_M1M2_PR,112.93,236.13,N
VIA_M1M2_PR,113.39,236.13,N
VIA_L1M1_PR_MR,114.31,236.13,N
VIA_M1M2_PR,126.27,236.13,N
VIA_via4_5_2000_480_1_5_400_400,26.44,236.64,N
VIA_via3_4_2000_480_1_5_400_400,26.44,236.64,N
VIA_via2_3_2000_480_1_6_320_320,26.44,236.64,N
VIA_via3_4_2000_480_1_5_400_400,56.44,236.64,N
VIA_via4_5_2000_480_1_5_400_400,56.44,236.64,N
VIA_via2_3_2000_480_1_6_320_320,56.44,236.64,N
VIA_via2_3_2000_480_1_6_320_320,86.44,236.64,N
VIA_via4_5_2000_480_1_5_400_400,86.44,236.64,N
VIA_via3_4_2000_480_1_5_400_400,86.44,236.64,N
VIA_via3_4_2000_480_1_5_400_400,116.44,236.64,N
VIA_via4_5_2000_480_1_5_400_400,116.44,236.64,N
VIA_via2_3_2000_480_1_6_320_320,116.44,236.64,N
VIA_via4_5_2000_480_1_5_400_400,146.44,236.64,N
VIA_via2_3_2000_480_1_6_320_320,146.44,236.64,N
VIA_via3_4_2000_480_1_5_400_400,146.44,236.64,N
VIA_via4_5_2000_480_1_5_400_400,176.44,236.64,N
VIA_via3_4_2000_480_1_5_400_400,176.44,236.64,N
VIA_via2_3_2000_480_1_6_320_320,176.44,236.64,N
VIA_M1M2_PR,81.19,237.15,N
VIA_L1M1_PR_MR,111.09,237.15,N
VIA_M1M2_PR,112.01,237.15,N
VIA_L1M1_PR_MR,114.31,237.15,N
VIA_M1M2_PR,175.03,237.15,N
VIA_L1M1_PR_MR,175.03,237.15,N
VIA_L1M1_PR_MR,175.95,237.15,N
VIA_M1M2_PR,199.41,237.15,N
VIA_M1M2_PR,111.55,237.49,N
VIA_via5_6_2000_2000_1_1_1600_1600,26.44,237.53,N
VIA_via5_6_2000_2000_1_1_1600_1600,56.44,237.53,N
VIA_via5_6_2000_2000_1_1_1600_1600,86.44,237.53,N
VIA_via5_6_2000_2000_1_1_1600_1600,116.44,237.53,N
VIA_via5_6_2000_2000_1_1_1600_1600,146.44,237.53,N
VIA_via5_6_2000_2000_1_1_1600_1600,176.44,237.53,N
VIA_M3M4_PR,128.34,237.66,N
VIA_M2M3_PR,163.07,237.66,N
VIA_M1M2_PR,111.09,237.83,N
VIA_L1M1_PR_MR,112.93,237.83,N
VIA_L1M1_PR_MR,121.67,237.83,N
VIA_L1M1_PR_MR,112.01,238.17,N
VIA_L1M1_PR_MR,123.05,238.17,N
VIA_M1M2_PR,123.97,238.17,N
VIA_L1M1_PR_MR,124.43,238.17,N
VIA_M1M2_PR,124.43,238.17,N
VIA_M2M3_PR,93.15,238.34,N
VIA_M1M2_PR,112.93,238.51,N
VIA_M1M2_PR,118.91,238.51,N
VIA_M1M2_PR,126.27,238.51,N
VIA_L1M1_PR_MR,126.27,238.51,N
VIA_M1M2_PR,173.19,238.51,N
VIA_L1M1_PR_MR,174.11,238.51,N
VIA_M1M2_PR,122.59,238.85,N
VIA_L1M1_PR_MR,123.97,238.85,N
VIA_L1M1_PR_MR,124.89,238.85,N
VIA_M1M2_PR,124.89,238.85,N
VIA_L1M1_PR_MR,125.35,238.85,N
VIA_M1M2_PR,125.35,238.85,N
VIA_M1M2_PR,175.03,238.85,N
VIA_L1M1_PR_MR,175.03,238.85,N
sky130_fd_sc_hd__decap_3,10.12,239.36,FS
sky130_fd_sc_hd__decap_3,10.12,239.36,N
sky130_fd_sc_hd__tapvpwrvgnd_1,23.0,239.36,N
VIA_via2_3_2000_480_1_6_320_320,30.14,239.36,N
VIA_via4_5_2000_480_1_5_400_400,30.14,239.36,N
VIA_via3_4_2000_480_1_5_400_400,30.14,239.36,N
sky130_fd_sc_hd__tapvpwrvgnd_1,35.88,239.36,FS
sky130_fd_sc_hd__tapvpwrvgnd_1,48.76,239.36,N
VIA_via2_3_2000_480_1_6_320_320,60.14,239.36,N
VIA_via3_4_2000_480_1_5_400_400,60.14,239.36,N
VIA_via4_5_2000_480_1_5_400_400,60.14,239.36,N
sky130_fd_sc_hd__tapvpwrvgnd_1,61.64,239.36,FS
sky130_fd_sc_hd__tapvpwrvgnd_1,74.52,239.36,N
sky130_fd_sc_hd__tapvpwrvgnd_1,87.4,239.36,FS
VIA_via3_4_2000_480_1_5_400_400,90.14,239.36,N
VIA_via4_5_2000_480_1_5_400_400,90.14,239.36,N
VIA_via2_3_2000_480_1_6_320_320,90.14,239.36,N
sky130_fd_sc_hd__tapvpwrvgnd_1,100.28,239.36,N
sky130_fd_sc_hd__and2b_2,112.7,239.36,FN
sky130_fd_sc_hd__and2_2,113.16,239.36,S
sky130_fd_sc_hd__tapvpwrvgnd_1,113.16,239.36,FS
sky130_fd_sc_hd__dfrtp_2,115.92,239.36,N
sky130_fd_sc_hd__o21a_2,115.92,239.36,FN
VIA_via3_4_2000_480_1_5_400_400,120.14,239.36,N
VIA_via4_5_2000_480_1_5_400_400,120.14,239.36,N
VIA_via2_3_2000_480_1_6_320_320,120.14,239.36,N
sky130_fd_sc_hd__a31o_2,123.28,239.36,FS
sky130_fd_sc_hd__dfrtp_2,123.28,239.36,S
sky130_fd_sc_hd__tapvpwrvgnd_1,126.04,239.36,N
sky130_fd_sc_hd__tapvpwrvgnd_1,138.92,239.36,FS
VIA_via3_4_2000_480_1_5_400_400,150.14,239.36,N
VIA_via2_3_2000_480_1_6_320_320,150.14,239.36,N
VIA_via4_5_2000_480_1_5_400_400,150.14,239.36,N
sky130_fd_sc_hd__tapvpwrvgnd_1,151.8,239.36,N
sky130_fd_sc_hd__tapvpwrvgnd_1,164.68,239.36,FS
sky130_fd_sc_hd__inv_2,168.82,239.36,N
sky130_fd_sc_hd__and3_2,173.88,239.36,FS
sky130_fd_sc_hd__a21boi_2,175.26,239.36,FN
sky130_fd_sc_hd__tapvpwrvgnd_1,177.56,239.36,N
VIA_via3_4_2000_480_1_5_400_400,180.14,239.36,N
VIA_via2_3_2000_480_1_6_320_320,180.14,239.36,N
VIA_via4_5_2000_480_1_5_400_400,180.14,239.36,N
sky130_fd_sc_hd__decap_3,189.98,239.36,FN
sky130_fd_sc_hd__decap_3,189.98,239.36,S
VIA_M1M2_PR,74.29,239.87,N
VIA_L1M1_PR_MR,110.17,239.87,N
VIA_M1M2_PR,122.59,239.87,N
VIA_L1M1_PR_MR,124.89,239.87,N
VIA_M1M2_PR,126.27,239.87,N
VIA_L1M1_PR_MR,115.23,240.21,N
VIA_L1M1_PR_MR,117.53,240.21,N
VIA_M1M2_PR,118.91,240.21,N
VIA_M1M2_PR,121.21,240.21,N
VIA_M1M2_PR,174.11,240.21,N
VIA_M1M2_PR,112.01,240.55,N
VIA_L1M1_PR_MR,112.93,240.55,N
VIA_M1M2_PR,113.39,240.55,N
VIA_L1M1_PR_MR,113.39,240.55,N
VIA_L1M1_PR_MR,114.31,240.55,N
VIA_L1M1_PR_MR,169.05,240.55,N
VIA_L1M1_PR_MR,169.51,240.55,N
VIA_L1M1_PR_MR,172.27,240.55,N
VIA_L1M1_PR_MR,112.47,240.89,N
VIA_M1M2_PR,113.85,240.89,N
VIA_L1M1_PR_MR,116.15,240.89,N
VIA_L1M1_PR_MR,124.89,240.89,N
VIA_M1M2_PR,166.75,240.89,N
VIA_L1M1_PR_MR,171.81,240.89,N
VIA_M1M2_PR,173.19,240.89,N
VIA_L1M1_PR_MR,175.03,240.89,N
VIA_M2M3_PR,113.39,241.06,N
VIA_M2M3_PR,115.69,241.06,N
VIA_M2M3_PR,118.45,241.06,N
VIA_M2M3_PR,127.65,241.06,N
VIA_via5_6_2000_2000_1_1_1600_1600,30.14,241.23,N
VIA_via5_6_2000_2000_1_1_1600_1600,60.14,241.23,N
VIA_via5_6_2000_2000_1_1_1600_1600,90.14,241.23,N
VIA_L1M1_PR_MR,111.09,241.23,N
VIA_via5_6_2000_2000_1_1_1600_1600,120.14,241.23,N
VIA_via5_6_2000_2000_1_1_1600_1600,150.14,241.23,N
VIA_M1M2_PR,172.73,241.23,N
VIA_L1M1_PR_MR,173.65,241.23,N
VIA_via5_6_2000_2000_1_1_1600_1600,180.14,241.23,N
VIA_M1M2_PR,170.89,241.57,N
VIA_M1M2_PR,179.17,241.57,N
VIA_via4_5_2000_480_1_5_400_400,26.44,242.08,N
VIA_via3_4_2000_480_1_5_400_400,26.44,242.08,N
VIA_via2_3_2000_480_1_6_320_320,26.44,242.08,N
VIA_via3_4_2000_480_1_5_400_400,56.44,242.08,N
VIA_via4_5_2000_480_1_5_400_400,56.44,242.08,N
VIA_via2_3_2000_480_1_6_320_320,56.44,242.08,N
VIA_via2_3_2000_480_1_6_320_320,86.44,242.08,N
VIA_via4_5_2000_480_1_5_400_400,86.44,242.08,N
VIA_via3_4_2000_480_1_5_400_400,86.44,242.08,N
VIA_via2_3_2000_480_1_6_320_320,116.44,242.08,N
VIA_via4_5_2000_480_1_5_400_400,116.44,242.08,N
VIA_via3_4_2000_480_1_5_400_400,116.44,242.08,N
VIA_via3_4_2000_480_1_5_400_400,146.44,242.08,N
VIA_via2_3_2000_480_1_6_320_320,146.44,242.08,N
VIA_via4_5_2000_480_1_5_400_400,146.44,242.08,N
VIA_via4_5_2000_480_1_5_400_400,176.44,242.08,N
VIA_via3_4_2000_480_1_5_400_400,176.44,242.08,N
VIA_via2_3_2000_480_1_6_320_320,176.44,242.08,N
VIA_M1M2_PR,142.37,242.59,N
VIA_L1M1_PR_MR,177.79,242.59,N
VIA_M1M2_PR,179.17,242.59,N
VIA_M1M2_PR,174.11,242.93,N
VIA_L1M1_PR_MR,175.95,242.93,N
VIA_L1M1_PR_MR,178.71,242.93,N
VIA_M1M2_PR,178.71,242.93,N
VIA_M3M4_PR,156.86,243.1,N
VIA_M2M3_PR,178.71,243.1,N
VIA_M1M2_PR,167.21,243.27,N
VIA_L1M1_PR_MR,169.05,243.27,N
VIA_M1M2_PR,169.05,243.27,N
VIA_M1M2_PR,182.85,243.27,N
VIA_M1M2_PR,113.85,243.61,N
VIA_L1M1_PR_MR,114.31,243.61,N
VIA_M1M2_PR,121.21,243.61,N
VIA_M1M2_PR,163.99,243.61,N
VIA_L1M1_PR_MR,165.37,243.61,N
VIA_L1M1_PR_MR,166.29,243.61,N
VIA_M1M2_PR,166.75,243.61,N
VIA_L1M1_PR_MR,166.75,243.61,N
VIA_L1M1_PR_MR,170.385,243.61,N
VIA_M1M2_PR,172.73,243.61,N
VIA_L1M1_PR_MR,167.215,243.72,N
VIA_M1M2_PR,115.69,243.95,N
VIA_L1M1_PR_MR,115.69,243.95,N
VIA_M1M2_PR,122.13,243.95,N
VIA_M1M2_PR,168.59,243.95,N
VIA_L1M1_PR_MR,168.59,243.95,N
VIA_M1M2_PR,174.11,243.95,N
VIA_L1M1_PR_MR,176.87,243.95,N
VIA_M1M2_PR,176.87,243.95,N
VIA_M1M2_PR,123.05,244.29,N
VIA_L1M1_PR_MR,123.05,244.29,N
VIA_M1M2_PR,167.21,244.29,N
VIA_M1M2_PR,175.03,244.29,N
VIA_M1M2_PR,177.33,244.29,N
VIA_L1M1_PR_MR,177.79,244.29,N
sky130_fd_sc_hd__decap_3,10.12,244.8,N
sky130_fd_sc_hd__decap_3,10.12,244.8,FS
sky130_fd_sc_hd__tapvpwrvgnd_1,23.0,244.8,N
VIA_via4_5_2000_480_1_5_400_400,30.14,244.8,N
VIA_via2_3_2000_480_1_6_320_320,30.14,244.8,N
VIA_via3_4_2000_480_1_5_400_400,30.14,244.8,N
sky130_fd_sc_hd__tapvpwrvgnd_1,35.88,244.8,FS
sky130_fd_sc_hd__tapvpwrvgnd_1,48.76,244.8,N
VIA_via3_4_2000_480_1_5_400_400,60.14,244.8,N
VIA_via4_5_2000_480_1_5_400_400,60.14,244.8,N
VIA_via2_3_2000_480_1_6_320_320,60.14,244.8,N
sky130_fd_sc_hd__tapvpwrvgnd_1,61.64,244.8,FS
sky130_fd_sc_hd__tapvpwrvgnd_1,74.52,244.8,N
sky130_fd_sc_hd__tapvpwrvgnd_1,87.4,244.8,FS
VIA_via3_4_2000_480_1_5_400_400,90.14,244.8,N
VIA_via4_5_2000_480_1_5_400_400,90.14,244.8,N
VIA_via2_3_2000_480_1_6_320_320,90.14,244.8,N
sky130_fd_sc_hd__tapvpwrvgnd_1,100.28,244.8,N
sky130_fd_sc_hd__tapvpwrvgnd_1,113.16,244.8,FS
sky130_fd_sc_hd__dfrtp_2,114.08,244.8,FS
sky130_fd_sc_hd__nand2b_2,116.38,244.8,FN
VIA_via3_4_2000_480_1_5_400_400,120.14,244.8,N
VIA_via2_3_2000_480_1_6_320_320,120.14,244.8,N
VIA_via4_5_2000_480_1_5_400_400,120.14,244.8,N
sky130_fd_sc_hd__dfrtp_2,126.04,244.8,FN
sky130_fd_sc_hd__tapvpwrvgnd_1,126.04,244.8,N
sky130_fd_sc_hd__tapvpwrvgnd_1,138.92,244.8,FS
VIA_via3_4_2000_480_1_5_400_400,150.14,244.8,N
VIA_via4_5_2000_480_1_5_400_400,150.14,244.8,N
VIA_via2_3_2000_480_1_6_320_320,150.14,244.8,N
sky130_fd_sc_hd__tapvpwrvgnd_1,151.8,244.8,N
sky130_fd_sc_hd__inv_2,164.22,244.8,FN
sky130_fd_sc_hd__a211oi_2,164.22,244.8,N
sky130_fd_sc_hd__tapvpwrvgnd_1,164.68,244.8,FS
sky130_fd_sc_hd__o211a_2,165.14,244.8,FS
sky130_fd_sc_hd__xnor2_2,168.82,244.8,N
sky130_fd_sc_hd__dfxtp_2,168.82,244.8,FS
sky130_fd_sc_hd__and3_2,174.8,244.8,N
sky130_fd_sc_hd__and3_2,176.64,244.8,FS
sky130_fd_sc_hd__tapvpwrvgnd_1,177.56,244.8,N
sky130_fd_sc_hd__and3_2,178.02,244.8,N
VIA_via2_3_2000_480_1_6_320_320,180.14,244.8,N
VIA_via4_5_2000_480_1_5_400_400,180.14,244.8,N
VIA_via3_4_2000_480_1_5_400_400,180.14,244.8,N
sky130_fd_sc_hd__and3_2,180.78,244.8,N
sky130_fd_sc_hd__decap_3,189.98,244.8,FN
sky130_fd_sc_hd__decap_3,189.98,244.8,S
VIA_M1M2_PR,115.69,245.31,N
VIA_M1M2_PR,163.99,245.31,N
VIA_M1M2_PR,165.83,245.31,N
VIA_L1M1_PR_MR,165.83,245.31,N
VIA_L1M1_PR_MR,175.95,245.31,N
VIA_M1M2_PR,177.33,245.31,N
VIA_L1M1_PR_MR,179.17,245.31,N
VIA_M1M2_PR,179.17,245.31,N
VIA_L1M1_PR_MR,181.93,245.31,N
VIA_M1M2_PR,182.85,245.31,N
VIA_L1M1_PR_MR,182.85,245.31,N
VIA_L1M1_PR_MR,114.77,245.65,N
VIA_M1M2_PR,122.13,245.65,N
VIA_M1M2_PR,124.43,245.65,N
VIA_L1M1_PR_MR,124.43,245.65,N
VIA_M1M2_PR,163.07,245.65,N
VIA_M1M2_PR,173.19,245.65,N
VIA_L1M1_PR_MR,175.03,245.65,N
VIA_M1M2_PR,176.87,245.65,N
VIA_L1M1_PR_MR,178.25,245.65,N
VIA_L1M1_PR_MR,181.01,245.65,N
VIA_M1M2_PR,181.01,245.65,N
VIA_M3M4_PR,134.78,245.82,N
VIA_M2M3_PR,161.23,245.82,N
VIA_M2M3_PR,165.37,245.82,N
VIA_M1M2_PR,115.69,245.99,N
VIA_L1M1_PR_MR,115.69,245.99,N
VIA_L1M1_PR_MR,163.99,245.99,N
VIA_L1M1_PR_MR,164.45,245.99,N
VIA_M1M2_PR,165.37,245.99,N
VIA_L1M1_PR_MR,165.37,245.99,N
VIA_L1M1_PR_MR,166.75,245.99,N
VIA_M1M2_PR,166.75,245.99,N
VIA_M1M2_PR,168.13,245.99,N
VIA_L1M1_PR_MR,168.13,245.99,N
VIA_L1M1_PR_MR,169.51,245.99,N
VIA_M1M2_PR,169.51,245.99,N
VIA_L1M1_PR_MR,170.43,245.99,N
VIA_L1M1_PR_MR,177.33,245.99,N
VIA_L1M1_PR_MR,180.55,245.99,N
VIA_M1M2_PR,183.31,245.99,N
VIA_L1M1_PR_MR,114.31,246.33,N
VIA_M1M2_PR,117.99,246.33,N
VIA_M1M2_PR,123.97,246.33,N
VIA_L1M1_PR_MR,125.81,246.33,N
VIA_M1M2_PR,165.83,246.33,N
VIA_L1M1_PR_MR,170.89,246.33,N
VIA_M1M2_PR,170.89,246.33,N
VIA_L1M1_PR_MR,174.57,246.33,N
VIA_M1M2_PR,178.71,246.33,N
VIA_M1M2_PR,194.81,246.33,N
VIA_L1M1_PR_MR,163.53,246.67,N
VIA_M1M2_PR,167.67,246.67,N
VIA_M1M2_PR,182.39,246.67,N
VIA_L1M1_PR_MR,117.07,247.01,N
VIA_M1M2_PR,118.91,247.01,N
VIA_M1M2_PR,154.79,247.01,N
VIA_M1M2_PR,169.51,247.01,N
VIA_L1M1_PR_MR,175.95,247.01,N
VIA_M1M2_PR,177.79,247.01,N
VIA_L1M1_PR_MR,179.17,247.01,N
VIA_M1M2_PR,181.93,247.01,N
VIA_L1M1_PR_MR,181.93,247.01,N
VIA_via2_3_2000_480_1_6_320_320,26.44,247.52,N
VIA_via3_4_2000_480_1_5_400_400,26.44,247.52,N
VIA_via4_5_2000_480_1_5_400_400,26.44,247.52,N
VIA_via3_4_2000_480_1_5_400_400,56.44,247.52,N
VIA_via2_3_2000_480_1_6_320_320,56.44,247.52,N
VIA_via4_5_2000_480_1_5_400_400,56.44,247.52,N
VIA_via4_5_2000_480_1_5_400_400,86.44,247.52,N
VIA_via2_3_2000_480_1_6_320_320,86.44,247.52,N
VIA_via3_4_2000_480_1_5_400_400,86.44,247.52,N
VIA_via3_4_2000_480_1_5_400_400,116.44,247.52,N
VIA_via2_3_2000_480_1_6_320_320,116.44,247.52,N
VIA_via4_5_2000_480_1_5_400_400,116.44,247.52,N
VIA_via2_3_2000_480_1_6_320_320,146.44,247.52,N
VIA_via3_4_2000_480_1_5_400_400,146.44,247.52,N
VIA_via4_5_2000_480_1_5_400_400,146.44,247.52,N
VIA_via3_4_2000_480_1_5_400_400,176.44,247.52,N
VIA_via2_3_2000_480_1_6_320_320,176.44,247.52,N
VIA_via4_5_2000_480_1_5_400_400,176.44,247.52,N
VIA_M1M2_PR,117.99,248.03,N
VIA_M1M2_PR,124.43,248.03,N
VIA_L1M1_PR_MR,127.19,248.03,N
VIA_L1M1_PR_MR,166.29,248.03,N
VIA_L1M1_PR_MR,168.59,248.03,N
VIA_M1M2_PR,170.89,248.03,N
VIA_M1M2_PR,171.81,248.03,N
VIA_L1M1_PR_MR,181.47,248.03,N
VIA_M1M2_PR,115.69,248.37,N
VIA_L1M1_PR_MR,117.53,248.37,N
VIA_M1M2_PR,123.05,248.37,N
VIA_L1M1_PR_MR,125.35,248.37,N
VIA_M1M2_PR,169.97,248.37,N
VIA_L1M1_PR_MR,118.91,248.71,N
VIA_M1M2_PR,118.91,248.71,N
VIA_M1M2_PR,123.97,248.71,N
VIA_L1M1_PR_MR,123.97,248.71,N
VIA_L1M1_PR_MR,126.27,248.71,N
VIA_M1M2_PR,126.27,248.71,N
VIA_L1M1_PR_MR,162.61,248.71,N
VIA_M1M2_PR,166.75,248.71,N
VIA_M1M2_PR,177.79,248.71,N
VIA_L1M1_PR_MR,177.79,248.71,N
VIA_M1M2_PR,179.17,248.71,N
VIA_L1M1_PR_MR,179.17,248.71,N
VIA_M1M2_PR,114.77,249.05,N
VIA_L1M1_PR_MR,119.83,249.05,N
VIA_M1M2_PR,121.67,249.05,N
VIA_M1M2_PR,123.05,249.05,N
VIA_L1M1_PR_MR,124.89,249.05,N
VIA_L1M1_PR_MR,128.57,249.05,N
VIA_L1M1_PR_MR,163.07,249.05,N
VIA_M1M2_PR,164.91,249.05,N
VIA_M1M2_PR,172.27,249.05,N
VIA_M1M2_PR,174.11,249.05,N
VIA_L1M1_PR_MR,174.155,249.05,N
VIA_L1M1_PR_MR,175.49,249.05,N
VIA_L1M1_PR_MR,175.95,249.05,N
VIA_M1M2_PR,175.95,249.05,N
VIA_L1M1_PR_MR,177.33,249.05,N
VIA_M1M2_PR,177.33,249.05,N
VIA_L1M1_PR_MR,178.71,249.05,N
VIA_L1M1_PR_MR,179.63,249.05,N
VIA_M1M2_PR,179.63,249.05,N
VIA_L1M1_PR_MR,182.85,249.05,N
VIA_M1M2_PR,184.69,249.05,N
VIA_M2M3_PR,170.89,249.22,N
VIA_M2M3_PR,179.63,249.22,N
VIA_M1M2_PR,162.61,249.39,N
VIA_M1M2_PR,163.99,249.39,N
VIA_L1M1_PR_MR,165.37,249.39,N
VIA_L1M1_PR_MR,166.29,249.39,N
VIA_M1M2_PR,172.73,249.39,N
VIA_L1M1_PR_MR,180.55,249.39,N
VIA_M1M2_PR,181.01,249.39,N
VIA_L1M1_PR_MR,181.47,249.39,N
VIA_M1M2_PR,71.53,249.73,N
VIA_L1M1_PR_MR,116.61,249.73,N
VIA_M1M2_PR,117.07,249.73,N
VIA_M1M2_PR,120.75,249.73,N
VIA_M1M2_PR,123.05,249.73,N
VIA_L1M1_PR_MR,167.21,249.73,N
VIA_M1M2_PR,169.51,249.73,N
sky130_fd_sc_hd__decap_3,10.12,250.24,N
sky130_fd_sc_hd__decap_3,10.12,250.24,FS
sky130_fd_sc_hd__tapvpwrvgnd_1,23.0,250.24,N
VIA_via2_3_2000_480_1_6_320_320,30.14,250.24,N
VIA_via3_4_2000_480_1_5_400_400,30.14,250.24,N
VIA_via4_5_2000_480_1_5_400_400,30.14,250.24,N
sky130_fd_sc_hd__tapvpwrvgnd_1,35.88,250.24,FS
sky130_fd_sc_hd__tapvpwrvgnd_1,48.76,250.24,N
VIA_via3_4_2000_480_1_5_400_400,60.14,250.24,N
VIA_via4_5_2000_480_1_5_400_400,60.14,250.24,N
VIA_via2_3_2000_480_1_6_320_320,60.14,250.24,N
sky130_fd_sc_hd__tapvpwrvgnd_1,61.64,250.24,FS
sky130_fd_sc_hd__tapvpwrvgnd_1,74.52,250.24,N
sky130_fd_sc_hd__tapvpwrvgnd_1,87.4,250.24,FS
VIA_via3_4_2000_480_1_5_400_400,90.14,250.24,N
VIA_via4_5_2000_480_1_5_400_400,90.14,250.24,N
VIA_via2_3_2000_480_1_6_320_320,90.14,250.24,N
sky130_fd_sc_hd__tapvpwrvgnd_1,100.28,250.24,N
sky130_fd_sc_hd__tapvpwrvgnd_1,113.16,250.24,FS
sky130_fd_sc_hd__clkbuf_4,114.54,250.24,N
sky130_fd_sc_hd__and2b_2,119.14,250.24,S
sky130_fd_sc_hd__clkbuf_8,119.6,250.24,FS
VIA_via4_5_2000_480_1_5_400_400,120.14,250.24,N
VIA_via3_4_2000_480_1_5_400_400,120.14,250.24,N
VIA_via2_3_2000_480_1_6_320_320,120.14,250.24,N
sky130_fd_sc_hd__clkbuf_8,122.36,250.24,FN
sky130_fd_sc_hd__a31o_2,125.58,250.24,FN
sky130_fd_sc_hd__tapvpwrvgnd_1,126.04,250.24,N
sky130_fd_sc_hd__o21a_2,127.88,250.24,S
sky130_fd_sc_hd__clkbuf_4,127.88,250.24,FS
sky130_fd_sc_hd__tapvpwrvgnd_1,138.92,250.24,FS
VIA_via2_3_2000_480_1_6_320_320,150.14,250.24,N
VIA_via3_4_2000_480_1_5_400_400,150.14,250.24,N
VIA_via4_5_2000_480_1_5_400_400,150.14,250.24,N
sky130_fd_sc_hd__tapvpwrvgnd_1,151.8,250.24,N
sky130_fd_sc_hd__o21ba_2,160.54,250.24,N
sky130_fd_sc_hd__inv_2,163.3,250.24,S
sky130_fd_sc_hd__tapvpwrvgnd_1,164.68,250.24,FS
sky130_fd_sc_hd__and3_2,165.14,250.24,FS
sky130_fd_sc_hd__or4b_2,167.9,250.24,FN
sky130_fd_sc_hd__dfxtp_2,169.74,250.24,N
sky130_fd_sc_hd__dfxtp_2,175.72,250.24,S
sky130_fd_sc_hd__tapvpwrvgnd_1,177.56,250.24,N
VIA_via4_5_2000_480_1_5_400_400,180.14,250.24,N
VIA_via3_4_2000_480_1_5_400_400,180.14,250.24,N
VIA_via2_3_2000_480_1_6_320_320,180.14,250.24,N
sky130_fd_sc_hd__and3_2,180.32,250.24,FS
sky130_fd_sc_hd__nand4_2,180.32,250.24,S
sky130_fd_sc_hd__a21boi_2,182.16,250.24,FN
sky130_fd_sc_hd__decap_3,189.98,250.24,FN
sky130_fd_sc_hd__decap_3,189.98,250.24,S
VIA_M1M2_PR,108.79,250.75,N
VIA_M1M2_PR,123.05,250.75,N
VIA_L1M1_PR_MR,123.51,250.75,N
VIA_L1M1_PR_MR,123.97,250.75,N
VIA_M1M2_PR,123.97,250.75,N
VIA_L1M1_PR_MR,124.89,250.75,N
VIA_M1M2_PR,126.27,250.75,N
VIA_L1M1_PR_MR,161.69,250.75,N
VIA_M1M2_PR,161.69,250.75,N
VIA_M1M2_PR,165.83,250.75,N
VIA_L1M1_PR_MR,166.75,250.75,N
VIA_M1M2_PR,170.43,250.75,N
VIA_L1M1_PR_MR,176.87,250.75,N
VIA_M1M2_PR,177.33,250.75,N
VIA_M1M2_PR,112.47,251.09,N
VIA_M1M2_PR,117.07,251.09,N
VIA_M1M2_PR,120.75,251.09,N
VIA_L1M1_PR_MR,122.19,251.09,N
VIA_M1M2_PR,125.35,251.09,N
VIA_M1M2_PR,168.59,251.09,N
VIA_L1M1_PR_MR,171.195,251.09,N
VIA_M1M2_PR,173.19,251.09,N
VIA_M1M2_PR,174.57,251.09,N
VIA_L1M1_PR_MR,181.93,251.09,N
VIA_M2M3_PR,161.23,251.26,N
VIA_M2M3_PR,164.45,251.26,N
VIA_M1M2_PR,113.85,251.43,N
VIA_L1M1_PR_MR,115.23,251.43,N
VIA_L1M1_PR_MR,117.99,251.43,N
VIA_M1M2_PR,121.67,251.43,N
VIA_L1M1_PR_MR,122.59,251.43,N
VIA_M1M2_PR,123.05,251.43,N
VIA_L1M1_PR_MR,124.43,251.43,N
VIA_L1M1_PR_MR,161.23,251.43,N
VIA_M1M2_PR,161.23,251.43,N
VIA_L1M1_PR_MR,163.225,251.43,N
VIA_L1M1_PR_MR,164.45,251.43,N
VIA_M1M2_PR,164.45,251.43,N
VIA_L1M1_PR_MR,165.83,251.43,N
VIA_L1M1_PR_MR,167.67,251.43,N
VIA_M1M2_PR,167.67,251.43,N
VIA_M1M2_PR,169.05,251.43,N
VIA_L1M1_PR_MR,169.97,251.43,N
VIA_M1M2_PR,172.73,251.43,N
VIA_M1M2_PR,177.79,251.43,N
VIA_L1M1_PR_MR,179.17,251.43,N
VIA_M1M2_PR,179.17,251.43,N
VIA_M1M2_PR,73.83,251.77,N
VIA_M1M2_PR,103.73,251.77,N
VIA_M1M2_PR,162.61,251.77,N
VIA_L1M1_PR_MR,163.99,251.77,N
VIA_M1M2_PR,178.71,251.77,N
VIA_L1M1_PR_MR,178.71,251.77,N
VIA_M1M2_PR,118.91,252.11,N
VIA_M1M2_PR,163.07,252.11,N
VIA_M1M2_PR,164.91,252.11,N
VIA_M1M2_PR,175.03,252.11,N
VIA_L1M1_PR_MR,180.55,252.11,N
VIA_M1M2_PR,115.23,252.45,N
VIA_L1M1_PR_MR,165.37,252.45,N
VIA_M1M2_PR,171.81,252.45,N
VIA_via2_3_2000_480_1_6_320_320,26.44,252.96,N
VIA_via3_4_2000_480_1_5_400_400,26.44,252.96,N
VIA_via4_5_2000_480_1_5_400_400,26.44,252.96,N
VIA_via2_3_2000_480_1_6_320_320,56.44,252.96,N
VIA_via4_5_2000_480_1_5_400_400,56.44,252.96,N
VIA_via3_4_2000_480_1_5_400_400,56.44,252.96,N
VIA_via4_5_2000_480_1_5_400_400,86.44,252.96,N
VIA_via2_3_2000_480_1_6_320_320,86.44,252.96,N
VIA_via3_4_2000_480_1_5_400_400,86.44,252.96,N
VIA_via2_3_2000_480_1_6_320_320,116.44,252.96,N
VIA_via3_4_2000_480_1_5_400_400,116.44,252.96,N
VIA_via4_5_2000_480_1_5_400_400,116.44,252.96,N
VIA_via2_3_2000_480_1_6_320_320,146.44,252.96,N
VIA_via3_4_2000_480_1_5_400_400,146.44,252.96,N
VIA_via4_5_2000_480_1_5_400_400,146.44,252.96,N
VIA_via3_4_2000_480_1_5_400_400,176.44,252.96,N
VIA_via2_3_2000_480_1_6_320_320,176.44,252.96,N
VIA_via4_5_2000_480_1_5_400_400,176.44,252.96,N
VIA_M1M2_PR,117.99,253.47,N
VIA_L1M1_PR_MR,117.99,253.47,N
VIA_M1M2_PR,120.75,253.47,N
VIA_M1M2_PR,124.43,253.47,N
VIA_M1M2_PR,169.51,253.47,N
VIA_L1M1_PR_MR,169.51,253.47,N
VIA_L1M1_PR_MR,177.79,253.47,N
VIA_M1M2_PR,178.25,253.47,N
VIA_M1M2_PR,122.13,253.81,N
VIA_M1M2_PR,135.01,253.81,N
VIA_L1M1_PR_MR,178.71,253.81,N
VIA_M1M2_PR,118.45,254.15,N
VIA_L1M1_PR_MR,120.75,254.15,N
VIA_L1M1_PR_MR,121.67,254.15,N
VIA_M1M2_PR,122.59,254.15,N
VIA_L1M1_PR_MR,126.73,254.15,N
VIA_L1M1_PR_MR,127.19,254.15,N
VIA_L1M1_PR_MR,127.65,254.15,N
VIA_M1M2_PR,127.65,254.15,N
VIA_L1M1_PR_MR,166.29,254.15,N
VIA_M1M2_PR,166.29,254.15,N
VIA_M1M2_PR,170.89,254.15,N
VIA_M1M2_PR,111.55,254.49,N
VIA_M1M2_PR,115.23,254.49,N
VIA_L1M1_PR_MR,116.15,254.49,N
VIA_M1M2_PR,117.99,254.49,N
VIA_L1M1_PR_MR,117.99,254.49,N
VIA_L1M1_PR_MR,118.91,254.49,N
VIA_M1M2_PR,118.91,254.49,N
VIA_L1M1_PR_MR,120.29,254.49,N
VIA_L1M1_PR_MR,123.51,254.49,N
VIA_L1M1_PR_MR,123.97,254.49,N
VIA_L1M1_PR_MR,124.43,254.49,N
VIA_M1M2_PR,124.43,254.49,N
VIA_L1M1_PR_MR,129.03,254.49,N
VIA_L1M1_PR_MR,165.83,254.49,N
VIA_L1M1_PR_MR,167.67,254.49,N
VIA_L1M1_PR_MR,168.59,254.49,N
VIA_M1M2_PR,170.43,254.49,N
VIA_M1M2_PR,175.03,254.49,N
VIA_L1M1_PR_MR,175.075,254.49,N
VIA_L1M1_PR_MR,176.41,254.49,N
VIA_M2M3_PR,122.59,254.66,N
VIA_M2M3_PR,124.89,254.66,N
VIA_M1M2_PR,115.69,254.83,N
VIA_M1M2_PR,118.45,254.83,N
VIA_M1M2_PR,122.59,254.83,N
VIA_M1M2_PR,124.89,254.83,N
VIA_L1M1_PR_MR,125.35,254.83,N
VIA_M1M2_PR,172.27,254.83,N
VIA_M1M2_PR,176.87,254.83,N
VIA_L1M1_PR_MR,176.87,254.83,N
VIA_M1M2_PR,113.39,255.17,N
VIA_M1M2_PR,124.43,255.17,N
VIA_L1M1_PR_MR,127.65,255.17,N
VIA_L1M1_PR_MR,169.51,255.17,N
VIA_M1M2_PR,174.11,255.17,N
VIA_L1M1_PR_MR,177.79,255.17,N
VIA_M1M2_PR,179.17,255.17,N
sky130_fd_sc_hd__decap_3,10.12,255.68,N
sky130_fd_sc_hd__decap_3,10.12,255.68,FS
sky130_fd_sc_hd__tapvpwrvgnd_1,23.0,255.68,N
VIA_via3_4_2000_480_1_5_400_400,30.14,255.68,N
VIA_via2_3_2000_480_1_6_320_320,30.14,255.68,N
VIA_via4_5_2000_480_1_5_400_400,30.14,255.68,N
sky130_fd_sc_hd__tapvpwrvgnd_1,35.88,255.68,FS
sky130_fd_sc_hd__tapvpwrvgnd_1,48.76,255.68,N
VIA_via4_5_2000_480_1_5_400_400,60.14,255.68,N
VIA_via2_3_2000_480_1_6_320_320,60.14,255.68,N
VIA_via3_4_2000_480_1_5_400_400,60.14,255.68,N
sky130_fd_sc_hd__tapvpwrvgnd_1,61.64,255.68,FS
sky130_fd_sc_hd__tapvpwrvgnd_1,74.52,255.68,N
sky130_fd_sc_hd__tapvpwrvgnd_1,87.4,255.68,FS
VIA_via3_4_2000_480_1_5_400_400,90.14,255.68,N
VIA_via4_5_2000_480_1_5_400_400,90.14,255.68,N
VIA_via2_3_2000_480_1_6_320_320,90.14,255.68,N
sky130_fd_sc_hd__tapvpwrvgnd_1,100.28,255.68,N
sky130_fd_sc_hd__o21a_2,108.1,255.68,N
sky130_fd_sc_hd__tapvpwrvgnd_1,113.16,255.68,FS
sky130_fd_sc_hd__dfrtp_2,115.92,255.68,N
sky130_fd_sc_hd__nand4_2,115.92,255.68,FN
VIA_via4_5_2000_480_1_5_400_400,120.14,255.68,N
VIA_via2_3_2000_480_1_6_320_320,120.14,255.68,N
VIA_via3_4_2000_480_1_5_400_400,120.14,255.68,N
sky130_fd_sc_hd__and4bb_2,120.52,255.68,FS
sky130_fd_sc_hd__nand4_2,120.52,255.68,S
sky130_fd_sc_hd__tapvpwrvgnd_1,126.04,255.68,N
sky130_fd_sc_hd__and4b_2,129.26,255.68,S
sky130_fd_sc_hd__tapvpwrvgnd_1,138.92,255.68,FS
VIA_via4_5_2000_480_1_5_400_400,150.14,255.68,N
VIA_via2_3_2000_480_1_6_320_320,150.14,255.68,N
VIA_via3_4_2000_480_1_5_400_400,150.14,255.68,N
sky130_fd_sc_hd__tapvpwrvgnd_1,151.8,255.68,N
sky130_fd_sc_hd__tapvpwrvgnd_1,164.68,255.68,FS
sky130_fd_sc_hd__nor2_2,165.14,255.68,N
sky130_fd_sc_hd__a21o_2,167.9,255.68,N
sky130_fd_sc_hd__nand3_2,168.82,255.68,S
sky130_fd_sc_hd__a21boi_2,175.26,255.68,FN
sky130_fd_sc_hd__dfxtp_2,176.64,255.68,S
sky130_fd_sc_hd__and3_2,176.64,255.68,FS
sky130_fd_sc_hd__tapvpwrvgnd_1,177.56,255.68,N
VIA_via2_3_2000_480_1_6_320_320,180.14,255.68,N
VIA_via3_4_2000_480_1_5_400_400,180.14,255.68,N
VIA_via4_5_2000_480_1_5_400_400,180.14,255.68,N
sky130_fd_sc_hd__decap_3,189.98,255.68,S
sky130_fd_sc_hd__decap_3,189.98,255.68,FN
VIA_M1M2_PR,117.99,256.19,N
VIA_M1M2_PR,123.97,256.19,N
VIA_M1M2_PR,163.99,256.19,N
VIA_L1M1_PR_MR,165.83,256.19,N
VIA_M1M2_PR,169.51,256.19,N
VIA_L1M1_PR_MR,170.43,256.19,N
VIA_M1M2_PR,173.65,256.19,N
VIA_L1M1_PR_MR,173.65,256.19,N
VIA_L1M1_PR_MR,117.53,256.53,N
VIA_M1M2_PR,118.91,256.53,N
VIA_M1M2_PR,121.21,256.53,N
VIA_M1M2_PR,161.69,256.53,N
VIA_M1M2_PR,167.21,256.53,N
VIA_L1M1_PR_MR,168.59,256.53,N
VIA_L1M1_PR_MR,170.89,256.53,N
VIA_M1M2_PR,170.89,256.53,N
VIA_L1M1_PR_MR,111.09,256.87,N
VIA_M1M2_PR,111.09,256.87,N
VIA_M1M2_PR,111.55,256.87,N
VIA_L1M1_PR_MR,111.55,256.87,N
VIA_L1M1_PR_MR,113.39,256.87,N
VIA_L1M1_PR_MR,114.77,256.87,N
VIA_L1M1_PR_MR,115.69,256.87,N
VIA_M1M2_PR,115.69,256.87,N
VIA_M1M2_PR,164.91,256.87,N
VIA_L1M1_PR_MR,165.37,256.87,N
VIA_L1M1_PR_MR,166.29,256.87,N
VIA_L1M1_PR_MR,169.51,256.87,N
VIA_M1M2_PR,169.97,256.87,N
VIA_L1M1_PR_MR,172.27,256.87,N
VIA_M1M2_PR,109.71,257.21,N
VIA_L1M1_PR_MR,109.71,257.21,N
VIA_L1M1_PR_MR,110.63,257.21,N
VIA_L1M1_PR_MR,112.47,257.21,N
VIA_L1M1_PR_MR,116.15,257.21,N
VIA_M1M2_PR,123.51,257.21,N
VIA_L1M1_PR_MR,171.81,257.21,N
VIA_M1M2_PR,173.65,257.21,N
VIA_M1M2_PR,174.11,257.21,N
VIA_L1M1_PR_MR,175.03,257.21,N
VIA_M1M2_PR,176.87,257.21,N
VIA_L1M1_PR_MR,108.79,257.55,N
VIA_M1M2_PR,112.93,257.89,N
VIA_L1M1_PR_MR,115.23,257.89,N
VIA_M1M2_PR,115.23,257.89,N
VIA_L1M1_PR_MR,124.89,257.89,N
VIA_M1M2_PR,124.89,257.89,N
VIA_via4_5_2000_480_1_5_400_400,26.44,258.4,N
VIA_via3_4_2000_480_1_5_400_400,26.44,258.4,N
VIA_via2_3_2000_480_1_6_320_320,26.44,258.4,N
VIA_via2_3_2000_480_1_6_320_320,56.44,258.4,N
VIA_via4_5_2000_480_1_5_400_400,56.44,258.4,N
VIA_via3_4_2000_480_1_5_400_400,56.44,258.4,N
VIA_via3_4_2000_480_1_5_400_400,86.44,258.4,N
VIA_via2_3_2000_480_1_6_320_320,86.44,258.4,N
VIA_via4_5_2000_480_1_5_400_400,86.44,258.4,N
VIA_via4_5_2000_480_1_5_400_400,116.44,258.4,N
VIA_via3_4_2000_480_1_5_400_400,116.44,258.4,N
VIA_via2_3_2000_480_1_6_320_320,116.44,258.4,N
VIA_via4_5_2000_480_1_5_400_400,146.44,258.4,N
VIA_via3_4_2000_480_1_5_400_400,146.44,258.4,N
VIA_via2_3_2000_480_1_6_320_320,146.44,258.4,N
VIA_via3_4_2000_480_1_5_400_400,176.44,258.4,N
VIA_via2_3_2000_480_1_6_320_320,176.44,258.4,N
VIA_via4_5_2000_480_1_5_400_400,176.44,258.4,N
VIA_M1M2_PR,103.73,258.91,N
VIA_L1M1_PR_MR,110.63,258.91,N
VIA_M1M2_PR,165.37,258.91,N
VIA_L1M1_PR_MR,172.73,258.91,N
VIA_M1M2_PR,111.09,259.25,N
VIA_L1M1_PR_MR,111.55,259.25,N
VIA_L1M1_PR_MR,112.93,259.59,N
VIA_M1M2_PR,112.93,259.59,N
VIA_L1M1_PR_MR,113.85,259.59,N
VIA_M1M2_PR,113.85,259.59,N
VIA_L1M1_PR_MR,173.65,259.93,N
VIA_M1M2_PR,173.65,259.93,N
VIA_L1M1_PR_MR,174.11,259.93,N
VIA_M1M2_PR,174.11,259.93,N
VIA_L1M1_PR_MR,115.23,260.27,N
VIA_M1M2_PR,115.69,260.27,N
VIA_M1M2_PR,118.91,260.27,N
VIA_M1M2_PR,116.61,260.61,N
VIA_L1M1_PR_MR,122.59,260.61,N
sky130_fd_sc_hd__decap_3,10.12,261.12,FS
sky130_fd_sc_hd__decap_3,10.12,261.12,N
sky130_fd_sc_hd__tapvpwrvgnd_1,23.0,261.12,N
VIA_via3_4_2000_480_1_5_400_400,30.14,261.12,N
VIA_via2_3_2000_480_1_6_320_320,30.14,261.12,N
VIA_via4_5_2000_480_1_5_400_400,30.14,261.12,N
sky130_fd_sc_hd__tapvpwrvgnd_1,35.88,261.12,FS
sky130_fd_sc_hd__tapvpwrvgnd_1,48.76,261.12,N
VIA_via2_3_2000_480_1_6_320_320,60.14,261.12,N
VIA_via3_4_2000_480_1_5_400_400,60.14,261.12,N
VIA_via4_5_2000_480_1_5_400_400,60.14,261.12,N
sky130_fd_sc_hd__tapvpwrvgnd_1,61.64,261.12,FS
sky130_fd_sc_hd__tapvpwrvgnd_1,74.52,261.12,N
sky130_fd_sc_hd__tapvpwrvgnd_1,87.4,261.12,FS
VIA_via3_4_2000_480_1_5_400_400,90.14,261.12,N
VIA_via4_5_2000_480_1_5_400_400,90.14,261.12,N
VIA_via2_3_2000_480_1_6_320_320,90.14,261.12,N
sky130_fd_sc_hd__tapvpwrvgnd_1,100.28,261.12,N
sky130_fd_sc_hd__and2b_2,113.16,261.12,S
sky130_fd_sc_hd__tapvpwrvgnd_1,113.16,261.12,FS
sky130_fd_sc_hd__dfrtp_2,113.62,261.12,FS
sky130_fd_sc_hd__a31o_2,117.3,261.12,N
sky130_fd_sc_hd__nand2b_2,117.3,261.12,FN
VIA_via4_5_2000_480_1_5_400_400,120.14,261.12,N
VIA_via2_3_2000_480_1_6_320_320,120.14,261.12,N
VIA_via3_4_2000_480_1_5_400_400,120.14,261.12,N
sky130_fd_sc_hd__tapvpwrvgnd_1,126.04,261.12,N
sky130_fd_sc_hd__tapvpwrvgnd_1,138.92,261.12,FS
VIA_via2_3_2000_480_1_6_320_320,150.14,261.12,N
VIA_via4_5_2000_480_1_5_400_400,150.14,261.12,N
VIA_via3_4_2000_480_1_5_400_400,150.14,261.12,N
sky130_fd_sc_hd__tapvpwrvgnd_1,151.8,261.12,N
sky130_fd_sc_hd__tapvpwrvgnd_1,164.68,261.12,FS
sky130_fd_sc_hd__and2_2,174.8,261.12,S
sky130_fd_sc_hd__tapvpwrvgnd_1,177.56,261.12,N
VIA_via2_3_2000_480_1_6_320_320,180.14,261.12,N
VIA_via3_4_2000_480_1_5_400_400,180.14,261.12,N
VIA_via4_5_2000_480_1_5_400_400,180.14,261.12,N
sky130_fd_sc_hd__decap_3,189.98,261.12,FN
sky130_fd_sc_hd__decap_3,189.98,261.12,S
VIA_M1M2_PR,117.99,261.63,N
VIA_L1M1_PR_MR,118.91,261.63,N
VIA_L1M1_PR_MR,119.37,261.63,N
VIA_L1M1_PR_MR,115.69,261.97,N
VIA_M1M2_PR,115.69,261.97,N
VIA_M1M2_PR,118.45,261.97,N
VIA_L1M1_PR_MR,118.45,261.97,N
VIA_L1M1_PR_MR,120.29,261.97,N
VIA_M1M2_PR,124.89,261.97,N
VIA_L1M1_PR_MR,115.23,262.31,N
VIA_M1M2_PR,115.23,262.31,N
VIA_L1M1_PR_MR,116.61,262.31,N
VIA_M1M2_PR,116.61,262.31,N
VIA_M1M2_PR,109.71,262.65,N
VIA_L1M1_PR_MR,117.53,262.65,N
VIA_M1M2_PR,111.55,262.99,N
VIA_M1M2_PR,114.31,262.99,N
VIA_via3_4_2000_480_1_5_400_400,26.44,263.84,N
VIA_via4_5_2000_480_1_5_400_400,26.44,263.84,N
VIA_via2_3_2000_480_1_6_320_320,26.44,263.84,N
VIA_via2_3_2000_480_1_6_320_320,56.44,263.84,N
VIA_via4_5_2000_480_1_5_400_400,56.44,263.84,N
VIA_via3_4_2000_480_1_5_400_400,56.44,263.84,N
VIA_via3_4_2000_480_1_5_400_400,86.44,263.84,N
VIA_via2_3_2000_480_1_6_320_320,86.44,263.84,N
VIA_via4_5_2000_480_1_5_400_400,86.44,263.84,N
VIA_via2_3_2000_480_1_6_320_320,116.44,263.84,N
VIA_via3_4_2000_480_1_5_400_400,116.44,263.84,N
VIA_via4_5_2000_480_1_5_400_400,116.44,263.84,N
VIA_via4_5_2000_480_1_5_400_400,146.44,263.84,N
VIA_via3_4_2000_480_1_5_400_400,146.44,263.84,N
VIA_via2_3_2000_480_1_6_320_320,146.44,263.84,N
VIA_via3_4_2000_480_1_5_400_400,176.44,263.84,N
VIA_via2_3_2000_480_1_6_320_320,176.44,263.84,N
VIA_via4_5_2000_480_1_5_400_400,176.44,263.84,N
VIA_M1M2_PR,94.99,264.35,N
VIA_L1M1_PR_MR,171.35,264.35,N
VIA_M1M2_PR,34.27,265.37,N
VIA_M1M2_PR,129.03,265.37,N
VIA_M3M4_PR,71.3,265.54,N
VIA_M2M3_PR,123.97,265.54,N
VIA_M1M2_PR,77.05,265.71,N
VIA_M1M2_PR,169.97,265.71,N
VIA_M1M2_PR,79.81,266.05,N
VIA_M1M2_PR,169.05,266.05,N
VIA_M1M2_PR,171.35,266.05,N
VIA_L1M1_PR_MR,171.35,266.05,N
sky130_fd_sc_hd__decap_3,10.12,266.56,FS
sky130_fd_sc_hd__decap_3,10.12,266.56,N
sky130_fd_sc_hd__tapvpwrvgnd_1,23.0,266.56,N
VIA_via3_4_2000_480_1_5_400_400,30.14,266.56,N
VIA_via2_3_2000_480_1_6_320_320,30.14,266.56,N
VIA_via4_5_2000_480_1_5_400_400,30.14,266.56,N
sky130_fd_sc_hd__tapvpwrvgnd_1,35.88,266.56,FS
sky130_fd_sc_hd__tapvpwrvgnd_1,48.76,266.56,N
VIA_via2_3_2000_480_1_6_320_320,60.14,266.56,N
VIA_via4_5_2000_480_1_5_400_400,60.14,266.56,N
VIA_via3_4_2000_480_1_5_400_400,60.14,266.56,N
sky130_fd_sc_hd__tapvpwrvgnd_1,61.64,266.56,FS
sky130_fd_sc_hd__tapvpwrvgnd_1,74.52,266.56,N
sky130_fd_sc_hd__tapvpwrvgnd_1,87.4,266.56,FS
VIA_via3_4_2000_480_1_5_400_400,90.14,266.56,N
VIA_via4_5_2000_480_1_5_400_400,90.14,266.56,N
VIA_via2_3_2000_480_1_6_320_320,90.14,266.56,N
sky130_fd_sc_hd__tapvpwrvgnd_1,100.28,266.56,N
sky130_fd_sc_hd__tapvpwrvgnd_1,113.16,266.56,FS
sky130_fd_sc_hd__nor2_2,114.08,266.56,N
sky130_fd_sc_hd__nand2_2,118.68,266.56,FN
VIA_via4_5_2000_480_1_5_400_400,120.14,266.56,N
VIA_via3_4_2000_480_1_5_400_400,120.14,266.56,N
VIA_via2_3_2000_480_1_6_320_320,120.14,266.56,N
sky130_fd_sc_hd__tapvpwrvgnd_1,126.04,266.56,N
sky130_fd_sc_hd__tapvpwrvgnd_1,138.92,266.56,FS
VIA_via4_5_2000_480_1_5_400_400,150.14,266.56,N
VIA_via3_4_2000_480_1_5_400_400,150.14,266.56,N
VIA_via2_3_2000_480_1_6_320_320,150.14,266.56,N
sky130_fd_sc_hd__tapvpwrvgnd_1,151.8,266.56,N
sky130_fd_sc_hd__tapvpwrvgnd_1,164.68,266.56,FS
sky130_fd_sc_hd__diode_2,171.12,266.56,N
sky130_fd_sc_hd__diode_2,171.12,266.56,FS
sky130_fd_sc_hd__tapvpwrvgnd_1,177.56,266.56,N
VIA_via2_3_2000_480_1_6_320_320,180.14,266.56,N
VIA_via3_4_2000_480_1_5_400_400,180.14,266.56,N
VIA_via4_5_2000_480_1_5_400_400,180.14,266.56,N
sky130_fd_sc_hd__decap_3,189.98,266.56,FN
sky130_fd_sc_hd__decap_3,189.98,266.56,S
VIA_M1M2_PR,171.35,267.07,N
VIA_L1M1_PR_MR,171.35,267.07,N
VIA_M1M2_PR,106.95,267.41,N
VIA_M1M2_PR,165.83,267.41,N
VIA_via5_6_2000_2000_1_1_1600_1600,26.44,267.53,N
VIA_via5_6_2000_2000_1_1_1600_1600,56.44,267.53,N
VIA_via5_6_2000_2000_1_1_1600_1600,86.44,267.53,N
VIA_via5_6_2000_2000_1_1_1600_1600,116.44,267.53,N
VIA_via5_6_2000_2000_1_1_1600_1600,146.44,267.53,N
VIA_via5_6_2000_2000_1_1_1600_1600,176.44,267.53,N
VIA_L1M1_PR_MR,114.77,267.75,N
VIA_M1M2_PR,114.77,267.75,N
VIA_L1M1_PR_MR,115.23,267.75,N
VIA_M1M2_PR,115.23,267.75,N
VIA_L1M1_PR_MR,116.61,267.75,N
VIA_L1M1_PR_MR,117.07,267.75,N
VIA_L1M1_PR_MR,117.99,267.75,N
VIA_M1M2_PR,117.99,267.75,N
VIA_M1M2_PR,109.25,268.09,N
VIA_M1M2_PR,114.31,268.09,N
VIA_M1M2_PR,112.93,268.43,N
VIA_L1M1_PR_MR,115.69,268.43,N
VIA_via3_4_2000_480_1_5_400_400,26.44,269.28,N
VIA_via4_5_2000_480_1_5_400_400,26.44,269.28,N
VIA_via2_3_2000_480_1_6_320_320,26.44,269.28,N
VIA_via2_3_2000_480_1_6_320_320,56.44,269.28,N
VIA_via4_5_2000_480_1_5_400_400,56.44,269.28,N
VIA_via3_4_2000_480_1_5_400_400,56.44,269.28,N
VIA_via3_4_2000_480_1_5_400_400,86.44,269.28,N
VIA_via2_3_2000_480_1_6_320_320,86.44,269.28,N
VIA_via4_5_2000_480_1_5_400_400,86.44,269.28,N
VIA_via2_3_2000_480_1_6_320_320,116.44,269.28,N
VIA_via3_4_2000_480_1_5_400_400,116.44,269.28,N
VIA_via4_5_2000_480_1_5_400_400,116.44,269.28,N
VIA_via4_5_2000_480_1_5_400_400,146.44,269.28,N
VIA_via3_4_2000_480_1_5_400_400,146.44,269.28,N
VIA_via2_3_2000_480_1_6_320_320,146.44,269.28,N
VIA_via2_3_2000_480_1_6_320_320,176.44,269.28,N
VIA_via4_5_2000_480_1_5_400_400,176.44,269.28,N
VIA_via3_4_2000_480_1_5_400_400,176.44,269.28,N
VIA_M1M2_PR,112.01,269.79,N
VIA_L1M1_PR_MR,116.15,269.79,N
VIA_M1M2_PR,122.13,269.79,N
VIA_L1M1_PR_MR,169.05,269.79,N
VIA_M1M2_PR,169.05,269.79,N
VIA_L1M1_PR_MR,170.89,269.79,N
VIA_M1M2_PR,171.35,269.79,N
VIA_M1M2_PR,113.39,270.13,N
VIA_M1M2_PR,114.31,270.13,N
VIA_M1M2_PR,117.07,270.13,N
VIA_M1M2_PR,124.43,270.13,N
VIA_M1M2_PR,112.93,270.47,N
VIA_L1M1_PR_MR,119.83,270.47,N
VIA_M1M2_PR,165.83,270.47,N
VIA_L1M1_PR_MR,171.35,270.47,N
VIA_M1M2_PR,112.47,270.81,N
VIA_L1M1_PR_MR,113.85,270.81,N
VIA_M1M2_PR,114.31,270.81,N
VIA_L1M1_PR_MR,115.69,270.81,N
VIA_L1M1_PR_MR,117.07,270.81,N
VIA_M1M2_PR,117.07,270.81,N
VIA_L1M1_PR_MR,118.91,270.81,N
VIA_L1M1_PR_MR,120.29,270.81,N
VIA_M1M2_PR,121.67,270.81,N
VIA_L1M1_PR_MR,170.89,270.81,N
VIA_L1M1_PR_MR,172.27,270.81,N
VIA_M1M2_PR,111.55,271.15,N
VIA_via5_6_2000_2000_1_1_1600_1600,30.14,271.23,N
VIA_via5_6_2000_2000_1_1_1600_1600,60.14,271.23,N
VIA_via5_6_2000_2000_1_1_1600_1600,90.14,271.23,N
VIA_via5_6_2000_2000_1_1_1600_1600,120.14,271.23,N
VIA_via5_6_2000_2000_1_1_1600_1600,150.14,271.23,N
VIA_via5_6_2000_2000_1_1_1600_1600,180.14,271.23,N
VIA_M1M2_PR,114.77,271.49,N
VIA_L1M1_PR_MR,114.77,271.49,N
VIA_L1M1_PR_MR,117.99,271.49,N
VIA_M1M2_PR,118.45,271.49,N
VIA_M1M2_PR,173.19,271.49,N
VIA_L1M1_PR_MR,173.19,271.49,N
sky130_fd_sc_hd__decap_3,10.12,272.0,N
sky130_fd_sc_hd__decap_3,10.12,272.0,FS
sky130_fd_sc_hd__tapvpwrvgnd_1,23.0,272.0,N
VIA_via3_4_2000_480_1_5_400_400,30.14,272.0,N
VIA_via2_3_2000_480_1_6_320_320,30.14,272.0,N
VIA_via4_5_2000_480_1_5_400_400,30.14,272.0,N
sky130_fd_sc_hd__tapvpwrvgnd_1,35.88,272.0,FS
sky130_fd_sc_hd__tapvpwrvgnd_1,48.76,272.0,N
VIA_via3_4_2000_480_1_5_400_400,60.14,272.0,N
VIA_via2_3_2000_480_1_6_320_320,60.14,272.0,N
VIA_via4_5_2000_480_1_5_400_400,60.14,272.0,N
sky130_fd_sc_hd__tapvpwrvgnd_1,61.64,272.0,FS
sky130_fd_sc_hd__tapvpwrvgnd_1,74.52,272.0,N
sky130_fd_sc_hd__tapvpwrvgnd_1,87.4,272.0,FS
VIA_via3_4_2000_480_1_5_400_400,90.14,272.0,N
VIA_via4_5_2000_480_1_5_400_400,90.14,272.0,N
VIA_via2_3_2000_480_1_6_320_320,90.14,272.0,N
sky130_fd_sc_hd__tapvpwrvgnd_1,100.28,272.0,N
sky130_fd_sc_hd__tapvpwrvgnd_1,113.16,272.0,FS
sky130_fd_sc_hd__or4b_2,113.62,272.0,FS
sky130_fd_sc_hd__or4_2,114.08,272.0,FN
sky130_fd_sc_hd__dfrtp_2,114.08,272.0,N
sky130_fd_sc_hd__o21a_2,117.3,272.0,FS
VIA_via4_5_2000_480_1_5_400_400,120.14,272.0,N
VIA_via2_3_2000_480_1_6_320_320,120.14,272.0,N
VIA_via3_4_2000_480_1_5_400_400,120.14,272.0,N
sky130_fd_sc_hd__tapvpwrvgnd_1,126.04,272.0,N
sky130_fd_sc_hd__tapvpwrvgnd_1,138.92,272.0,FS
VIA_via4_5_2000_480_1_5_400_400,150.14,272.0,N
VIA_via2_3_2000_480_1_6_320_320,150.14,272.0,N
VIA_via3_4_2000_480_1_5_400_400,150.14,272.0,N
sky130_fd_sc_hd__tapvpwrvgnd_1,151.8,272.0,N
sky130_fd_sc_hd__tapvpwrvgnd_1,164.68,272.0,FS
sky130_fd_sc_hd__dfrtp_2,167.9,272.0,N
sky130_fd_sc_hd__diode_2,168.82,272.0,FS
sky130_fd_sc_hd__diode_2,170.2,272.0,FS
sky130_fd_sc_hd__and2_2,171.12,272.0,FS
sky130_fd_sc_hd__tapvpwrvgnd_1,177.56,272.0,N
VIA_via2_3_2000_480_1_6_320_320,180.14,272.0,N
VIA_via4_5_2000_480_1_5_400_400,180.14,272.0,N
VIA_via3_4_2000_480_1_5_400_400,180.14,272.0,N
sky130_fd_sc_hd__decap_3,189.98,272.0,FN
sky130_fd_sc_hd__decap_3,189.98,272.0,S
VIA_L1M1_PR_MR,111.55,272.51,N
VIA_M1M2_PR,111.55,272.51,N
VIA_M1M2_PR,114.77,272.51,N
VIA_L1M1_PR_MR,113.85,272.85,N
VIA_M1M2_PR,115.23,272.85,N
VIA_M1M2_PR,119.37,272.85,N
VIA_M1M2_PR,123.05,272.85,N
VIA_M1M2_PR,169.51,272.85,N
VIA_L1M1_PR_MR,169.51,272.85,N
VIA_M1M2_PR,172.73,272.85,N
VIA_M1M2_PR,111.55,273.19,N
VIA_L1M1_PR_MR,112.47,273.19,N
VIA_L1M1_PR_MR,112.93,273.19,N
VIA_M1M2_PR,113.85,273.53,N
VIA_L1M1_PR_MR,114.31,273.53,N
VIA_L1M1_PR_MR,115.69,273.53,N
VIA_L1M1_PR_MR,168.13,273.53,N
VIA_M1M2_PR,172.27,273.53,N
VIA_M1M2_PR,110.17,273.87,N
VIA_M1M2_PR,110.63,274.21,N
VIA_L1M1_PR_MR,112.47,274.21,N
VIA_L1M1_PR_MR,113.85,274.21,N
VIA_M1M2_PR,114.31,274.21,N
VIA_M1M2_PR,114.77,274.21,N
VIA_L1M1_PR_MR,123.05,274.21,N
VIA_M1M2_PR,124.43,274.21,N
VIA_M1M2_PR,174.57,274.21,N
VIA_L1M1_PR_MR,176.87,274.21,N
VIA_via3_4_2000_480_1_5_400_400,26.44,274.72,N
VIA_via2_3_2000_480_1_6_320_320,26.44,274.72,N
VIA_via4_5_2000_480_1_5_400_400,26.44,274.72,N
VIA_via4_5_2000_480_1_5_400_400,56.44,274.72,N
VIA_via3_4_2000_480_1_5_400_400,56.44,274.72,N
VIA_via2_3_2000_480_1_6_320_320,56.44,274.72,N
VIA_via3_4_2000_480_1_5_400_400,86.44,274.72,N
VIA_via2_3_2000_480_1_6_320_320,86.44,274.72,N
VIA_via4_5_2000_480_1_5_400_400,86.44,274.72,N
VIA_via2_3_2000_480_1_6_320_320,116.44,274.72,N
VIA_via4_5_2000_480_1_5_400_400,116.44,274.72,N
VIA_via3_4_2000_480_1_5_400_400,116.44,274.72,N
VIA_via4_5_2000_480_1_5_400_400,146.44,274.72,N
VIA_via3_4_2000_480_1_5_400_400,146.44,274.72,N
VIA_via2_3_2000_480_1_6_320_320,146.44,274.72,N
VIA_via3_4_2000_480_1_5_400_400,176.44,274.72,N
VIA_via2_3_2000_480_1_6_320_320,176.44,274.72,N
VIA_via4_5_2000_480_1_5_400_400,176.44,274.72,N
VIA_M1M2_PR,111.09,275.23,N
VIA_M1M2_PR,114.77,275.23,N
VIA_M1M2_PR,123.97,275.23,N
VIA_L1M1_PR_MR,123.97,275.23,N
VIA_L1M1_PR_MR,169.05,275.23,N
VIA_M1M2_PR,169.05,275.23,N
VIA_M1M2_PR,169.51,275.23,N
VIA_L1M1_PR_MR,170.43,275.23,N
VIA_M1M2_PR,124.43,275.57,N
VIA_L1M1_PR_MR,124.43,275.57,N
VIA_M1M2_PR,167.67,275.57,N
VIA_M1M2_PR,174.57,275.57,N
VIA_L1M1_PR_MR,114.31,275.91,N
VIA_L1M1_PR_MR,172.645,275.91,N
VIA_M1M2_PR,173.19,275.91,N
VIA_L1M1_PR_MR,173.65,275.91,N
VIA_M1M2_PR,111.55,276.25,N
VIA_L1M1_PR_MR,111.55,276.25,N
VIA_M1M2_PR,112.93,276.25,N
VIA_L1M1_PR_MR,112.93,276.25,N
VIA_L1M1_PR_MR,123.05,276.25,N
VIA_M1M2_PR,123.51,276.25,N
VIA_M1M2_PR,174.11,276.25,N
VIA_L1M1_PR_MR,174.11,276.25,N
VIA_L1M1_PR_MR,174.57,276.25,N
VIA_M1M2_PR,174.57,276.25,N
VIA_M2M3_PR,116.61,276.42,N
VIA_M2M3_PR,117.99,276.42,N
VIA_M2M3_PR,127.19,276.42,N
VIA_L1M1_PR_MR,110.63,276.59,N
VIA_L1M1_PR_MR,112.47,276.59,N
VIA_M1M2_PR,113.39,276.59,N
VIA_M1M2_PR,119.37,276.59,N
VIA_L1M1_PR_MR,121.67,276.59,N
VIA_M1M2_PR,126.27,276.59,N
VIA_L1M1_PR_MR,126.27,276.59,N
VIA_M1M2_PR,171.35,276.59,N
VIA_L1M1_PR_MR,171.35,276.59,N
VIA_L1M1_PR_MR,173.19,276.93,N
VIA_L1M1_PR_MR,175.03,276.93,N
sky130_fd_sc_hd__decap_3,10.12,277.44,FS
sky130_fd_sc_hd__decap_3,10.12,277.44,N
sky130_fd_sc_hd__tapvpwrvgnd_1,23.0,277.44,N
VIA_via3_4_2000_480_1_5_400_400,30.14,277.44,N
VIA_via2_3_2000_480_1_6_320_320,30.14,277.44,N
VIA_via4_5_2000_480_1_5_400_400,30.14,277.44,N
sky130_fd_sc_hd__tapvpwrvgnd_1,35.88,277.44,FS
sky130_fd_sc_hd__tapvpwrvgnd_1,48.76,277.44,N
VIA_via3_4_2000_480_1_5_400_400,60.14,277.44,N
VIA_via2_3_2000_480_1_6_320_320,60.14,277.44,N
VIA_via4_5_2000_480_1_5_400_400,60.14,277.44,N
sky130_fd_sc_hd__tapvpwrvgnd_1,61.64,277.44,FS
sky130_fd_sc_hd__tapvpwrvgnd_1,74.52,277.44,N
sky130_fd_sc_hd__tapvpwrvgnd_1,87.4,277.44,FS
VIA_via2_3_2000_480_1_6_320_320,90.14,277.44,N
VIA_via3_4_2000_480_1_5_400_400,90.14,277.44,N
VIA_via4_5_2000_480_1_5_400_400,90.14,277.44,N
sky130_fd_sc_hd__tapvpwrvgnd_1,100.28,277.44,N
sky130_fd_sc_hd__and2_2,108.56,277.44,FN
sky130_fd_sc_hd__a21o_2,109.94,277.44,FS
sky130_fd_sc_hd__nand2b_2,111.78,277.44,FN
sky130_fd_sc_hd__tapvpwrvgnd_1,113.16,277.44,FS
sky130_fd_sc_hd__dfrtp_2,116.38,277.44,N
sky130_fd_sc_hd__nand4_2,116.38,277.44,FN
VIA_via3_4_2000_480_1_5_400_400,120.14,277.44,N
VIA_via4_5_2000_480_1_5_400_400,120.14,277.44,N
VIA_via2_3_2000_480_1_6_320_320,120.14,277.44,N
sky130_fd_sc_hd__dfrtp_2,123.28,277.44,S
sky130_fd_sc_hd__tapvpwrvgnd_1,126.04,277.44,N
sky130_fd_sc_hd__and2b_2,126.5,277.44,S
sky130_fd_sc_hd__tapvpwrvgnd_1,138.92,277.44,FS
VIA_via2_3_2000_480_1_6_320_320,150.14,277.44,N
VIA_via4_5_2000_480_1_5_400_400,150.14,277.44,N
VIA_via3_4_2000_480_1_5_400_400,150.14,277.44,N
sky130_fd_sc_hd__tapvpwrvgnd_1,151.8,277.44,N
sky130_fd_sc_hd__tapvpwrvgnd_1,164.68,277.44,FS
sky130_fd_sc_hd__diode_2,167.9,277.44,N
sky130_fd_sc_hd__diode_2,168.82,277.44,FS
sky130_fd_sc_hd__and4b_2,168.82,277.44,N
sky130_fd_sc_hd__a32o_2,170.2,277.44,FS
sky130_fd_sc_hd__inv_2,174.34,277.44,FS
sky130_fd_sc_hd__a32o_2,177.1,277.44,FN
sky130_fd_sc_hd__tapvpwrvgnd_1,177.56,277.44,N
VIA_via2_3_2000_480_1_6_320_320,180.14,277.44,N
VIA_via4_5_2000_480_1_5_400_400,180.14,277.44,N
VIA_via3_4_2000_480_1_5_400_400,180.14,277.44,N
sky130_fd_sc_hd__decap_3,189.98,277.44,S
sky130_fd_sc_hd__decap_3,189.98,277.44,FN
VIA_M1M2_PR,110.63,277.95,N
VIA_M1M2_PR,111.55,277.95,N
VIA_M1M2_PR,112.47,277.95,N
VIA_M1M2_PR,115.69,277.95,N
VIA_L1M1_PR_MR,125.35,277.95,N
VIA_M1M2_PR,126.27,277.95,N
VIA_M1M2_PR,173.19,277.95,N
VIA_L1M1_PR_MR,173.65,277.95,N
VIA_L1M1_PR_MR,174.11,277.95,N
VIA_M1M2_PR,174.57,277.95,N
VIA_M1M2_PR,106.49,278.29,N
VIA_L1M1_PR_MR,106.49,278.29,N
VIA_L1M1_PR_MR,110.17,278.29,N
VIA_M1M2_PR,110.17,278.29,N
VIA_M1M2_PR,116.61,278.29,N
VIA_M1M2_PR,123.05,278.29,N
VIA_M1M2_PR,169.97,278.29,N
VIA_L1M1_PR_MR,171.35,278.29,N
VIA_M1M2_PR,171.81,278.29,N
VIA_M1M2_PR,181.47,278.29,N
VIA_M3M4_PR,78.66,278.46,N
VIA_M2M3_PR,106.49,278.46,N
VIA_M2M3_PR,111.55,278.46,N
VIA_M2M3_PR,112.47,278.46,N
VIA_M3M4_PR,129.26,278.46,N
VIA_M2M3_PR,174.57,278.46,N
VIA_L1M1_PR_MR,107.41,278.63,N
VIA_L1M1_PR_MR,108.33,278.63,N
VIA_L1M1_PR_MR,111.09,278.63,N
VIA_M1M2_PR,111.09,278.63,N
VIA_L1M1_PR_MR,112.01,278.63,N
VIA_L1M1_PR_MR,112.47,278.63,N
VIA_L1M1_PR_MR,113.39,278.63,N
VIA_L1M1_PR_MR,115.23,278.63,N
VIA_M1M2_PR,115.69,278.63,N
VIA_L1M1_PR_MR,116.15,278.63,N
VIA_M1M2_PR,116.15,278.63,N
VIA_L1M1_PR_MR,168.59,278.63,N
VIA_L1M1_PR_MR,170.89,278.63,N
VIA_L1M1_PR_MR,172.73,278.63,N
VIA_L1M1_PR_MR,173.19,278.63,N
VIA_M1M2_PR,174.11,278.63,N
VIA_L1M1_PR_MR,174.67,278.63,N
VIA_L1M1_PR_MR,175.95,278.63,N
VIA_L1M1_PR_MR,109.71,278.97,N
VIA_M1M2_PR,110.63,278.97,N
VIA_M1M2_PR,113.85,278.97,N
VIA_L1M1_PR_MR,116.61,278.97,N
VIA_L1M1_PR_MR,117.99,278.97,N
VIA_L1M1_PR_MR,169.05,278.97,N
VIA_M1M2_PR,170.43,278.97,N
VIA_L1M1_PR_MR,170.43,278.97,N
VIA_M1M2_PR,171.35,278.97,N
VIA_M2M3_PR,116.15,279.14,N
VIA_M2M3_PR,126.73,279.14,N
VIA_M1M2_PR,108.79,279.31,N
VIA_M1M2_PR,112.47,279.31,N
VIA_M1M2_PR,173.19,279.31,N
VIA_M1M2_PR,168.59,279.65,N
VIA_L1M1_PR_MR,168.59,279.65,N
VIA_M1M2_PR,173.65,279.65,N
VIA_L1M1_PR_MR,175.95,279.65,N
VIA_via3_4_2000_480_1_5_400_400,26.44,280.16,N
VIA_via4_5_2000_480_1_5_400_400,26.44,280.16,N
VIA_via2_3_2000_480_1_6_320_320,26.44,280.16,N
VIA_via2_3_2000_480_1_6_320_320,56.44,280.16,N
VIA_via4_5_2000_480_1_5_400_400,56.44,280.16,N
VIA_via3_4_2000_480_1_5_400_400,56.44,280.16,N
VIA_via3_4_2000_480_1_5_400_400,86.44,280.16,N
VIA_via2_3_2000_480_1_6_320_320,86.44,280.16,N
VIA_via4_5_2000_480_1_5_400_400,86.44,280.16,N
VIA_via4_5_2000_480_1_5_400_400,116.44,280.16,N
VIA_via3_4_2000_480_1_5_400_400,116.44,280.16,N
VIA_via2_3_2000_480_1_6_320_320,116.44,280.16,N
VIA_via4_5_2000_480_1_5_400_400,146.44,280.16,N
VIA_via3_4_2000_480_1_5_400_400,146.44,280.16,N
VIA_via2_3_2000_480_1_6_320_320,146.44,280.16,N
VIA_via3_4_2000_480_1_5_400_400,176.44,280.16,N
VIA_via2_3_2000_480_1_6_320_320,176.44,280.16,N
VIA_via4_5_2000_480_1_5_400_400,176.44,280.16,N
VIA_M1M2_PR,112.47,280.67,N
VIA_L1M1_PR_MR,112.47,280.67,N
VIA_M1M2_PR,114.77,280.67,N
VIA_M1M2_PR,115.69,280.67,N
VIA_M1M2_PR,128.57,280.67,N
VIA_L1M1_PR_MR,170.89,280.67,N
VIA_M1M2_PR,171.35,280.67,N
VIA_M1M2_PR,110.63,281.01,N
VIA_L1M1_PR_MR,110.63,281.01,N
VIA_M1M2_PR,125.81,281.01,N
VIA_L1M1_PR_MR,125.81,281.01,N
VIA_M2M3_PR,112.47,281.18,N
VIA_M2M3_PR,125.81,281.18,N
VIA_M1M2_PR,108.79,281.35,N
VIA_L1M1_PR_MR,111.55,281.35,N
VIA_M1M2_PR,112.47,281.35,N
VIA_M1M2_PR,113.85,281.35,N
VIA_L1M1_PR_MR,116.15,281.35,N
VIA_M1M2_PR,116.15,281.35,N
VIA_L1M1_PR_MR,117.53,281.35,N
VIA_M1M2_PR,117.99,281.35,N
VIA_L1M1_PR_MR,169.97,281.35,N
VIA_M1M2_PR,170.43,281.35,N
VIA_L1M1_PR_MR,172.27,281.35,N
VIA_M1M2_PR,172.27,281.35,N
VIA_M1M2_PR,173.65,281.35,N
VIA_L1M1_PR_MR,173.65,281.35,N
VIA_L1M1_PR_MR,110.17,281.69,N
VIA_M1M2_PR,111.09,281.69,N
VIA_M1M2_PR,113.39,281.69,N
VIA_L1M1_PR_MR,115.69,281.69,N
VIA_M1M2_PR,123.05,281.69,N
VIA_M1M2_PR,126.27,281.69,N
VIA_L1M1_PR_MR,128.57,281.69,N
VIA_M1M2_PR,129.03,281.69,N
VIA_L1M1_PR_MR,166.75,281.69,N
VIA_L1M1_PR_MR,169.05,281.69,N
VIA_L1M1_PR_MR,171.35,281.69,N
VIA_M1M2_PR,114.77,282.03,N
VIA_L1M1_PR_MR,115.23,282.03,N
VIA_M1M2_PR,126.73,282.03,N
VIA_L1M1_PR_MR,126.73,282.03,N
VIA_L1M1_PR_MR,167.67,282.03,N
VIA_L1M1_PR_MR,168.59,282.03,N
VIA_M1M2_PR,169.51,282.03,N
VIA_M1M2_PR,173.19,282.03,N
VIA_M1M2_PR,175.95,282.03,N
VIA_M1M2_PR,121.67,282.37,N
VIA_L1M1_PR_MR,124.89,282.37,N
VIA_M1M2_PR,127.19,282.37,N
VIA_L1M1_PR_MR,127.19,282.37,N
VIA_L1M1_PR_MR,127.65,282.37,N
VIA_M1M2_PR,128.57,282.37,N
VIA_L1M1_PR_MR,181.01,282.37,N
VIA_M1M2_PR,181.47,282.37,N
sky130_fd_sc_hd__decap_3,10.12,282.88,N
sky130_fd_sc_hd__decap_3,10.12,282.88,FS
sky130_fd_sc_hd__tapvpwrvgnd_1,23.0,282.88,N
VIA_via2_3_2000_480_1_6_320_320,30.14,282.88,N
VIA_via4_5_2000_480_1_5_400_400,30.14,282.88,N
VIA_via3_4_2000_480_1_5_400_400,30.14,282.88,N
sky130_fd_sc_hd__tapvpwrvgnd_1,35.88,282.88,FS
sky130_fd_sc_hd__tapvpwrvgnd_1,48.76,282.88,N
VIA_via3_4_2000_480_1_5_400_400,60.14,282.88,N
VIA_via2_3_2000_480_1_6_320_320,60.14,282.88,N
VIA_via4_5_2000_480_1_5_400_400,60.14,282.88,N
sky130_fd_sc_hd__tapvpwrvgnd_1,61.64,282.88,FS
sky130_fd_sc_hd__tapvpwrvgnd_1,74.52,282.88,N
sky130_fd_sc_hd__tapvpwrvgnd_1,87.4,282.88,FS
VIA_via3_4_2000_480_1_5_400_400,90.14,282.88,N
VIA_via4_5_2000_480_1_5_400_400,90.14,282.88,N
VIA_via2_3_2000_480_1_6_320_320,90.14,282.88,N
sky130_fd_sc_hd__tapvpwrvgnd_1,100.28,282.88,N
sky130_fd_sc_hd__nand2b_2,108.1,282.88,N
sky130_fd_sc_hd__and2b_2,108.1,282.88,FN
sky130_fd_sc_hd__o21a_2,113.16,282.88,S
sky130_fd_sc_hd__tapvpwrvgnd_1,113.16,282.88,FS
sky130_fd_sc_hd__dfrtp_2,115.92,282.88,N
sky130_fd_sc_hd__dfrtp_2,115.92,282.88,FS
sky130_fd_sc_hd__and4bb_2,115.92,282.88,FN
sky130_fd_sc_hd__inv_2,115.92,282.88,S
VIA_via4_5_2000_480_1_5_400_400,120.14,282.88,N
VIA_via3_4_2000_480_1_5_400_400,120.14,282.88,N
VIA_via2_3_2000_480_1_6_320_320,120.14,282.88,N
sky130_fd_sc_hd__a31o_2,125.58,282.88,FS
sky130_fd_sc_hd__tapvpwrvgnd_1,126.04,282.88,N
sky130_fd_sc_hd__and4bb_2,126.5,282.88,N
sky130_fd_sc_hd__tapvpwrvgnd_1,138.92,282.88,FS
VIA_via2_3_2000_480_1_6_320_320,150.14,282.88,N
VIA_via4_5_2000_480_1_5_400_400,150.14,282.88,N
VIA_via3_4_2000_480_1_5_400_400,150.14,282.88,N
sky130_fd_sc_hd__tapvpwrvgnd_1,151.8,282.88,N
sky130_fd_sc_hd__tapvpwrvgnd_1,164.68,282.88,FS
sky130_fd_sc_hd__or2_2,166.52,282.88,FS
sky130_fd_sc_hd__dfrtp_2,167.9,282.88,N
sky130_fd_sc_hd__dfrtp_2,172.04,282.88,FS
sky130_fd_sc_hd__nand2b_2,172.04,282.88,S
sky130_fd_sc_hd__tapvpwrvgnd_1,177.56,282.88,N
VIA_via2_3_2000_480_1_6_320_320,180.14,282.88,N
VIA_via4_5_2000_480_1_5_400_400,180.14,282.88,N
VIA_via3_4_2000_480_1_5_400_400,180.14,282.88,N
sky130_fd_sc_hd__decap_3,189.98,282.88,S
sky130_fd_sc_hd__decap_3,189.98,282.88,FN
VIA_M1M2_PR,79.35,283.39,N
VIA_L1M1_PR_MR,105.57,283.39,N
VIA_M1M2_PR,112.93,283.39,N
VIA_L1M1_PR_MR,112.93,283.39,N
VIA_L1M1_PR_MR,129.49,283.39,N
VIA_M1M2_PR,173.19,283.39,N
VIA_L1M1_PR_MR,176.87,283.39,N
VIA_L1M1_PR_MR,107.87,283.73,N
VIA_M1M2_PR,112.01,283.73,N
VIA_L1M1_PR_MR,112.01,283.73,N
VIA_L1M1_PR_MR,112.47,283.73,N
VIA_M1M2_PR,117.99,283.73,N
VIA_M1M2_PR,120.29,283.73,N
VIA_M1M2_PR,129.95,283.73,N
VIA_L1M1_PR_MR,129.95,283.73,N
VIA_L1M1_PR_MR,169.51,283.73,N
VIA_M1M2_PR,169.51,283.73,N
VIA_M1M2_PR,172.73,283.73,N
VIA_M1M2_PR,175.95,283.73,N
VIA_M2M3_PR,115.69,283.9,N
VIA_M2M3_PR,129.95,283.9,N
VIA_M1M2_PR,108.33,284.07,N
VIA_L1M1_PR_MR,108.79,284.07,N
VIA_L1M1_PR_MR,115.69,284.07,N
VIA_M1M2_PR,115.69,284.07,N
VIA_L1M1_PR_MR,116.15,284.07,N
VIA_M1M2_PR,116.15,284.07,N
VIA_M1M2_PR,123.05,284.07,N
VIA_M1M2_PR,124.89,284.07,N
VIA_L1M1_PR_MR,130.41,284.07,N
VIA_L1M1_PR_MR,110.17,284.41,N
VIA_M1M2_PR,110.17,284.41,N
VIA_M1M2_PR,112.01,284.41,N
VIA_L1M1_PR_MR,114.77,284.41,N
VIA_M1M2_PR,114.77,284.41,N
VIA_L1M1_PR_MR,117.53,284.41,N
VIA_M1M2_PR,117.99,284.41,N
VIA_M1M2_PR,122.59,284.41,N
VIA_L1M1_PR_MR,126.73,284.41,N
VIA_M1M2_PR,127.65,284.41,N
VIA_L1M1_PR_MR,127.65,284.41,N
VIA_L1M1_PR_MR,168.13,284.41,N
VIA_M1M2_PR,172.27,284.41,N
VIA_L1M1_PR_MR,106.49,284.75,N
VIA_M1M2_PR,108.33,284.75,N
VIA_M1M2_PR,109.71,284.75,N
VIA_L1M1_PR_MR,110.63,285.09,N
VIA_M1M2_PR,111.09,285.09,N
VIA_M1M2_PR,112.01,285.09,N
VIA_L1M1_PR_MR,124.89,285.09,N
VIA_M1M2_PR,129.49,285.09,N
VIA_via3_4_2000_480_1_5_400_400,26.44,285.6,N
VIA_via4_5_2000_480_1_5_400_400,26.44,285.6,N
VIA_via2_3_2000_480_1_6_320_320,26.44,285.6,N
VIA_via4_5_2000_480_1_5_400_400,56.44,285.6,N
VIA_via3_4_2000_480_1_5_400_400,56.44,285.6,N
VIA_via2_3_2000_480_1_6_320_320,56.44,285.6,N
VIA_via3_4_2000_480_1_5_400_400,86.44,285.6,N
VIA_via2_3_2000_480_1_6_320_320,86.44,285.6,N
VIA_via4_5_2000_480_1_5_400_400,86.44,285.6,N
VIA_via2_3_2000_480_1_6_320_320,116.44,285.6,N
VIA_via4_5_2000_480_1_5_400_400,116.44,285.6,N
VIA_via3_4_2000_480_1_5_400_400,116.44,285.6,N
VIA_via3_4_2000_480_1_5_400_400,146.44,285.6,N
VIA_via2_3_2000_480_1_6_320_320,146.44,285.6,N
VIA_via4_5_2000_480_1_5_400_400,146.44,285.6,N
VIA_via3_4_2000_480_1_5_400_400,176.44,285.6,N
VIA_via2_3_2000_480_1_6_320_320,176.44,285.6,N
VIA_via4_5_2000_480_1_5_400_400,176.44,285.6,N
VIA_M2M3_PR,181.47,285.94,N
VIA_L1M1_PR_MR,106.03,286.11,N
VIA_M1M2_PR,109.71,286.11,N
VIA_M1M2_PR,110.17,286.11,N
VIA_L1M1_PR_MR,110.63,286.11,N
VIA_M1M2_PR,111.09,286.11,N
VIA_M1M2_PR,115.23,286.11,N
VIA_M1M2_PR,168.59,286.11,N
VIA_L1M1_PR_MR,169.05,286.11,N
VIA_M1M2_PR,108.33,286.45,N
VIA_L1M1_PR_MR,114.31,286.45,N
VIA_L1M1_PR_MR,107.87,286.79,N
VIA_L1M1_PR_MR,109.71,286.79,N
VIA_L1M1_PR_MR,121.67,286.79,N
VIA_L1M1_PR_MR,123.05,286.79,N
VIA_M1M2_PR,123.51,286.79,N
VIA_L1M1_PR_MR,106.95,287.13,N
VIA_M1M2_PR,108.33,287.13,N
VIA_L1M1_PR_MR,108.33,287.13,N
VIA_L1M1_PR_MR,108.79,287.13,N
VIA_M1M2_PR,108.79,287.13,N
VIA_L1M1_PR_MR,110.63,287.13,N
VIA_M1M2_PR,111.55,287.13,N
VIA_M1M2_PR,112.01,287.13,N
VIA_L1M1_PR_MR,112.01,287.13,N
VIA_L1M1_PR_MR,112.93,287.13,N
VIA_M1M2_PR,115.23,287.13,N
VIA_M1M2_PR,127.65,287.13,N
VIA_L1M1_PR_MR,127.65,287.13,N
VIA_M1M2_PR,129.49,287.13,N
VIA_L1M1_PR_MR,129.49,287.13,N
VIA_M1M2_PR,120.29,287.47,N
VIA_L1M1_PR_MR,127.19,287.81,N
VIA_M1M2_PR,127.65,287.81,N
VIA_L1M1_PR_MR,128.11,287.81,N
VIA_M1M2_PR,128.57,287.81,N
VIA_L1M1_PR_MR,128.57,287.81,N
sky130_fd_sc_hd__decap_3,10.12,288.32,FS
sky130_fd_sc_hd__tapvpwrvgnd_1,23.0,288.32,FS
VIA_via4_5_2000_480_1_5_400_400,30.14,288.32,N
VIA_via2_3_2000_480_1_6_320_320,30.14,288.32,N
VIA_via3_4_2000_480_1_5_400_400,30.14,288.32,N
sky130_fd_sc_hd__tapvpwrvgnd_1,35.88,288.32,FS
sky130_fd_sc_hd__tapvpwrvgnd_1,48.76,288.32,FS
VIA_via4_5_2000_480_1_5_400_400,60.14,288.32,N
VIA_via3_4_2000_480_1_5_400_400,60.14,288.32,N
VIA_via2_3_2000_480_1_6_320_320,60.14,288.32,N
sky130_fd_sc_hd__tapvpwrvgnd_1,61.64,288.32,FS
sky130_fd_sc_hd__tapvpwrvgnd_1,74.52,288.32,FS
sky130_fd_sc_hd__tapvpwrvgnd_1,87.4,288.32,FS
VIA_via3_4_2000_480_1_5_400_400,90.14,288.32,N
VIA_via4_5_2000_480_1_5_400_400,90.14,288.32,N
VIA_via2_3_2000_480_1_6_320_320,90.14,288.32,N
sky130_fd_sc_hd__tapvpwrvgnd_1,100.28,288.32,FS
sky130_fd_sc_hd__o21a_2,105.34,288.32,FS
sky130_fd_sc_hd__nand4_2,113.16,288.32,S
sky130_fd_sc_hd__tapvpwrvgnd_1,113.16,288.32,FS
VIA_via3_4_2000_480_1_5_400_400,120.14,288.32,N
VIA_via2_3_2000_480_1_6_320_320,120.14,288.32,N
VIA_via4_5_2000_480_1_5_400_400,120.14,288.32,N
sky130_fd_sc_hd__dfrtp_2,123.28,288.32,S
sky130_fd_sc_hd__tapvpwrvgnd_1,126.04,288.32,FS
sky130_fd_sc_hd__a31o_2,126.5,288.32,FS
sky130_fd_sc_hd__tapvpwrvgnd_1,138.92,288.32,FS
VIA_via2_3_2000_480_1_6_320_320,150.14,288.32,N
VIA_via4_5_2000_480_1_5_400_400,150.14,288.32,N
VIA_via3_4_2000_480_1_5_400_400,150.14,288.32,N
sky130_fd_sc_hd__tapvpwrvgnd_1,151.8,288.32,FS
sky130_fd_sc_hd__tapvpwrvgnd_1,164.68,288.32,FS
sky130_fd_sc_hd__diode_2,168.82,288.32,FS
sky130_fd_sc_hd__tapvpwrvgnd_1,177.56,288.32,FS
VIA_via4_5_2000_480_1_5_400_400,180.14,288.32,N
VIA_via2_3_2000_480_1_6_320_320,180.14,288.32,N
VIA_via3_4_2000_480_1_5_400_400,180.14,288.32,N
sky130_fd_sc_hd__decap_3,189.98,288.32,S
