
 /----------------------------------------------------------------------------\
 |                                                                            |
 |  yosys -- Yosys Open SYnthesis Suite                                       |
 |                                                                            |
 |  Copyright (C) 2012 - 2020  Claire Xenia Wolf <claire@yosyshq.com>         |
 |                                                                            |
 |  Permission to use, copy, modify, and/or distribute this software for any  |
 |  purpose with or without fee is hereby granted, provided that the above    |
 |  copyright notice and this permission notice appear in all copies.         |
 |                                                                            |
 |  THE SOFTWARE IS PROVIDED "AS IS" AND THE AUTHOR DISCLAIMS ALL WARRANTIES  |
 |  WITH REGARD TO THIS SOFTWARE INCLUDING ALL IMPLIED WARRANTIES OF          |
 |  MERCHANTABILITY AND FITNESS. IN NO EVENT SHALL THE AUTHOR BE LIABLE FOR   |
 |  ANY SPECIAL, DIRECT, INDIRECT, OR CONSEQUENTIAL DAMAGES OR ANY DAMAGES    |
 |  WHATSOEVER RESULTING FROM LOSS OF USE, DATA OR PROFITS, WHETHER IN AN     |
 |  ACTION OF CONTRACT, NEGLIGENCE OR OTHER TORTIOUS ACTION, ARISING OUT OF   |
 |  OR IN CONNECTION WITH THE USE OR PERFORMANCE OF THIS SOFTWARE.            |
 |                                                                            |
 \----------------------------------------------------------------------------/

 Yosys 0.33 (git sha1 2584903a060)


-- Running command `read_verilog results/puzzle/models/puzzle_models.v results/puzzle/extracted_netlist.v;         hierarchy -top puzzle_extracted; proc; flatten; async2sync; dffunmap; opt;         sat -seq 123 -set enable 1 -set-at 123 success 1 -show I' --

1. Executing Verilog-2005 frontend: results/puzzle/models/puzzle_models.v
Parsing Verilog input from `results/puzzle/models/puzzle_models.v' to AST representation.
Generating RTLIL representation for module `\sky130_fd_sc_hd__a2111oi_2'.
Generating RTLIL representation for module `\sky130_fd_sc_hd__a211o_2'.
Generating RTLIL representation for module `\sky130_fd_sc_hd__a211oi_2'.
Generating RTLIL representation for module `\sky130_fd_sc_hd__a21bo_2'.
Generating RTLIL representation for module `\sky130_fd_sc_hd__a21boi_2'.
Generating RTLIL representation for module `\sky130_fd_sc_hd__a21o_2'.
Generating RTLIL representation for module `\sky130_fd_sc_hd__a21oi_2'.
Generating RTLIL representation for module `\sky130_fd_sc_hd__a221o_2'.
Generating RTLIL representation for module `\sky130_fd_sc_hd__a221oi_2'.
Generating RTLIL representation for module `\sky130_fd_sc_hd__a22o_2'.
Generating RTLIL representation for module `\sky130_fd_sc_hd__a22oi_2'.
Generating RTLIL representation for module `\sky130_fd_sc_hd__a311o_2'.
Generating RTLIL representation for module `\sky130_fd_sc_hd__a31o_2'.
Generating RTLIL representation for module `\sky130_fd_sc_hd__a31oi_2'.
Generating RTLIL representation for module `\sky130_fd_sc_hd__a32o_2'.
Generating RTLIL representation for module `\sky130_fd_sc_hd__a41oi_2'.
Generating RTLIL representation for module `\sky130_fd_sc_hd__and2_2'.
Generating RTLIL representation for module `\sky130_fd_sc_hd__and2b_2'.
Generating RTLIL representation for module `\sky130_fd_sc_hd__and3_2'.
Generating RTLIL representation for module `\sky130_fd_sc_hd__and3b_2'.
Generating RTLIL representation for module `\sky130_fd_sc_hd__and4_2'.
Generating RTLIL representation for module `\sky130_fd_sc_hd__and4b_2'.
Generating RTLIL representation for module `\sky130_fd_sc_hd__and4bb_2'.
Generating RTLIL representation for module `\sky130_fd_sc_hd__buf_2'.
Generating RTLIL representation for module `\sky130_fd_sc_hd__clkbuf_16'.
Generating RTLIL representation for module `\sky130_fd_sc_hd__clkbuf_4'.
Generating RTLIL representation for module `\sky130_fd_sc_hd__clkbuf_8'.
Generating RTLIL representation for module `\sky130_fd_sc_hd__conb_1'.
Generating RTLIL representation for module `\sky130_fd_sc_hd__dfrtp_2'.
Generating RTLIL representation for module `\sky130_fd_sc_hd__dfstp_2'.
Generating RTLIL representation for module `\sky130_fd_sc_hd__dfxtp_2'.
Generating RTLIL representation for module `\sky130_fd_sc_hd__inv_2'.
Generating RTLIL representation for module `\sky130_fd_sc_hd__mux2_1'.
Generating RTLIL representation for module `\sky130_fd_sc_hd__nand2_2'.
Generating RTLIL representation for module `\sky130_fd_sc_hd__nand2b_2'.
Generating RTLIL representation for module `\sky130_fd_sc_hd__nand3_2'.
Generating RTLIL representation for module `\sky130_fd_sc_hd__nand3b_2'.
Generating RTLIL representation for module `\sky130_fd_sc_hd__nand4_2'.
Generating RTLIL representation for module `\sky130_fd_sc_hd__nor2_2'.
Generating RTLIL representation for module `\sky130_fd_sc_hd__nor3_2'.
Generating RTLIL representation for module `\sky130_fd_sc_hd__nor3b_2'.
Generating RTLIL representation for module `\sky130_fd_sc_hd__nor4_2'.
Generating RTLIL representation for module `\sky130_fd_sc_hd__nor4b_2'.
Generating RTLIL representation for module `\sky130_fd_sc_hd__o211a_2'.
Generating RTLIL representation for module `\sky130_fd_sc_hd__o211ai_2'.
Generating RTLIL representation for module `\sky130_fd_sc_hd__o21a_2'.
Generating RTLIL representation for module `\sky130_fd_sc_hd__o21ai_2'.
Generating RTLIL representation for module `\sky130_fd_sc_hd__o21ba_2'.
Generating RTLIL representation for module `\sky130_fd_sc_hd__o21bai_2'.
Generating RTLIL representation for module `\sky130_fd_sc_hd__o221a_2'.
Generating RTLIL representation for module `\sky130_fd_sc_hd__o22a_2'.
Generating RTLIL representation for module `\sky130_fd_sc_hd__o22ai_2'.
Generating RTLIL representation for module `\sky130_fd_sc_hd__o2bb2a_2'.
Generating RTLIL representation for module `\sky130_fd_sc_hd__o311a_2'.
Generating RTLIL representation for module `\sky130_fd_sc_hd__o31a_2'.
Generating RTLIL representation for module `\sky130_fd_sc_hd__o31ai_2'.
Generating RTLIL representation for module `\sky130_fd_sc_hd__o32a_2'.
Generating RTLIL representation for module `\sky130_fd_sc_hd__o32ai_2'.
Generating RTLIL representation for module `\sky130_fd_sc_hd__or2_2'.
Generating RTLIL representation for module `\sky130_fd_sc_hd__or3_2'.
Generating RTLIL representation for module `\sky130_fd_sc_hd__or3b_2'.
Generating RTLIL representation for module `\sky130_fd_sc_hd__or4_2'.
Generating RTLIL representation for module `\sky130_fd_sc_hd__or4b_2'.
Generating RTLIL representation for module `\sky130_fd_sc_hd__or4bb_2'.
Generating RTLIL representation for module `\sky130_fd_sc_hd__xnor2_2'.
Generating RTLIL representation for module `\sky130_fd_sc_hd__xor2_2'.
Generating RTLIL representation for module `\sky130_fd_sc_hd__decap_3'.
Generating RTLIL representation for module `\sky130_fd_sc_hd__decap_4'.
Generating RTLIL representation for module `\sky130_fd_sc_hd__decap_6'.
Generating RTLIL representation for module `\sky130_fd_sc_hd__decap_8'.
Generating RTLIL representation for module `\sky130_fd_sc_hd__decap_12'.
Generating RTLIL representation for module `\sky130_fd_sc_hd__tapvpwrvgnd_1'.
Generating RTLIL representation for module `\sky130_fd_sc_hd__fill_1'.
Generating RTLIL representation for module `\sky130_fd_sc_hd__fill_2'.
Generating RTLIL representation for module `\sky130_fd_sc_hd__fill_4'.
Generating RTLIL representation for module `\sky130_fd_sc_hd__fill_8'.
Generating RTLIL representation for module `\sky130_fd_sc_hd__diode_2'.
Successfully finished Verilog frontend.

2. Executing Verilog-2005 frontend: results/puzzle/extracted_netlist.v
Parsing Verilog input from `results/puzzle/extracted_netlist.v' to AST representation.
Generating RTLIL representation for module `\puzzle_extracted'.
Successfully finished Verilog frontend.

3. Executing HIERARCHY pass (managing design hierarchy).

3.1. Analyzing design hierarchy..
Top module:  \puzzle_extracted
Used module:     \sky130_fd_sc_hd__nor2_2
Used module:     \sky130_fd_sc_hd__nand2_2
Used module:     \sky130_fd_sc_hd__and2_2
Used module:     \sky130_fd_sc_hd__or2_2
Used module:     \sky130_fd_sc_hd__or3_2
Used module:     \sky130_fd_sc_hd__and3_2
Used module:     \sky130_fd_sc_hd__xnor2_2
Used module:     \sky130_fd_sc_hd__o221a_2
Used module:     \sky130_fd_sc_hd__mux2_1
Used module:     \sky130_fd_sc_hd__a32o_2
Used module:     \sky130_fd_sc_hd__xor2_2
Used module:     \sky130_fd_sc_hd__a21oi_2
Used module:     \sky130_fd_sc_hd__a311o_2
Used module:     \sky130_fd_sc_hd__and2b_2
Used module:     \sky130_fd_sc_hd__o211a_2
Used module:     \sky130_fd_sc_hd__or4_2
Used module:     \sky130_fd_sc_hd__o21a_2
Used module:     \sky130_fd_sc_hd__o21ba_2
Used module:     \sky130_fd_sc_hd__o31ai_2
Used module:     \sky130_fd_sc_hd__nand2b_2
Used module:     \sky130_fd_sc_hd__a31o_2
Used module:     \sky130_fd_sc_hd__a21bo_2
Used module:     \sky130_fd_sc_hd__inv_2
Used module:     \sky130_fd_sc_hd__a22o_2
Used module:     \sky130_fd_sc_hd__and4bb_2
Used module:     \sky130_fd_sc_hd__o22a_2
Used module:     \sky130_fd_sc_hd__dfrtp_2
Used module:     \sky130_fd_sc_hd__or4b_2
Used module:     \sky130_fd_sc_hd__nor4_2
Used module:     \sky130_fd_sc_hd__a21o_2
Used module:     \sky130_fd_sc_hd__nand4_2
Used module:     \sky130_fd_sc_hd__clkbuf_8
Used module:     \sky130_fd_sc_hd__clkbuf_4
Used module:     \sky130_fd_sc_hd__o32a_2
Used module:     \sky130_fd_sc_hd__a211o_2
Used module:     \sky130_fd_sc_hd__o211ai_2
Used module:     \sky130_fd_sc_hd__o21ai_2
Used module:     \sky130_fd_sc_hd__o22ai_2
Used module:     \sky130_fd_sc_hd__and3b_2
Used module:     \sky130_fd_sc_hd__conb_1
Used module:     \sky130_fd_sc_hd__nor3_2
Used module:     \sky130_fd_sc_hd__o21bai_2
Used module:     \sky130_fd_sc_hd__o32ai_2
Used module:     \sky130_fd_sc_hd__a31oi_2
Used module:     \sky130_fd_sc_hd__nor4b_2
Used module:     \sky130_fd_sc_hd__a221o_2
Used module:     \sky130_fd_sc_hd__and4b_2
Used module:     \sky130_fd_sc_hd__o31a_2
Used module:     \sky130_fd_sc_hd__o2bb2a_2
Used module:     \sky130_fd_sc_hd__o311a_2
Used module:     \sky130_fd_sc_hd__and4_2
Used module:     \sky130_fd_sc_hd__nand3_2
Used module:     \sky130_fd_sc_hd__nand3b_2
Used module:     \sky130_fd_sc_hd__buf_2
Used module:     \sky130_fd_sc_hd__or4bb_2
Used module:     \sky130_fd_sc_hd__a41oi_2
Used module:     \sky130_fd_sc_hd__a211oi_2
Used module:     \sky130_fd_sc_hd__a221oi_2
Used module:     \sky130_fd_sc_hd__or3b_2
Used module:     \sky130_fd_sc_hd__a22oi_2
Used module:     \sky130_fd_sc_hd__dfstp_2
Used module:     \sky130_fd_sc_hd__a21boi_2
Used module:     \sky130_fd_sc_hd__a2111oi_2
Used module:     \sky130_fd_sc_hd__nor3b_2
Used module:     \sky130_fd_sc_hd__clkbuf_16
Used module:     \sky130_fd_sc_hd__dfxtp_2

3.2. Analyzing design hierarchy..
Top module:  \puzzle_extracted
Used module:     \sky130_fd_sc_hd__nor2_2
Used module:     \sky130_fd_sc_hd__nand2_2
Used module:     \sky130_fd_sc_hd__and2_2
Used module:     \sky130_fd_sc_hd__or2_2
Used module:     \sky130_fd_sc_hd__or3_2
Used module:     \sky130_fd_sc_hd__and3_2
Used module:     \sky130_fd_sc_hd__xnor2_2
Used module:     \sky130_fd_sc_hd__o221a_2
Used module:     \sky130_fd_sc_hd__mux2_1
Used module:     \sky130_fd_sc_hd__a32o_2
Used module:     \sky130_fd_sc_hd__xor2_2
Used module:     \sky130_fd_sc_hd__a21oi_2
Used module:     \sky130_fd_sc_hd__a311o_2
Used module:     \sky130_fd_sc_hd__and2b_2
Used module:     \sky130_fd_sc_hd__o211a_2
Used module:     \sky130_fd_sc_hd__or4_2
Used module:     \sky130_fd_sc_hd__o21a_2
Used module:     \sky130_fd_sc_hd__o21ba_2
Used module:     \sky130_fd_sc_hd__o31ai_2
Used module:     \sky130_fd_sc_hd__nand2b_2
Used module:     \sky130_fd_sc_hd__a31o_2
Used module:     \sky130_fd_sc_hd__a21bo_2
Used module:     \sky130_fd_sc_hd__inv_2
Used module:     \sky130_fd_sc_hd__a22o_2
Used module:     \sky130_fd_sc_hd__and4bb_2
Used module:     \sky130_fd_sc_hd__o22a_2
Used module:     \sky130_fd_sc_hd__dfrtp_2
Used module:     \sky130_fd_sc_hd__or4b_2
Used module:     \sky130_fd_sc_hd__nor4_2
Used module:     \sky130_fd_sc_hd__a21o_2
Used module:     \sky130_fd_sc_hd__nand4_2
Used module:     \sky130_fd_sc_hd__clkbuf_8
Used module:     \sky130_fd_sc_hd__clkbuf_4
Used module:     \sky130_fd_sc_hd__o32a_2
Used module:     \sky130_fd_sc_hd__a211o_2
Used module:     \sky130_fd_sc_hd__o211ai_2
Used module:     \sky130_fd_sc_hd__o21ai_2
Used module:     \sky130_fd_sc_hd__o22ai_2
Used module:     \sky130_fd_sc_hd__and3b_2
Used module:     \sky130_fd_sc_hd__conb_1
Used module:     \sky130_fd_sc_hd__nor3_2
Used module:     \sky130_fd_sc_hd__o21bai_2
Used module:     \sky130_fd_sc_hd__o32ai_2
Used module:     \sky130_fd_sc_hd__a31oi_2
Used module:     \sky130_fd_sc_hd__nor4b_2
Used module:     \sky130_fd_sc_hd__a221o_2
Used module:     \sky130_fd_sc_hd__and4b_2
Used module:     \sky130_fd_sc_hd__o31a_2
Used module:     \sky130_fd_sc_hd__o2bb2a_2
Used module:     \sky130_fd_sc_hd__o311a_2
Used module:     \sky130_fd_sc_hd__and4_2
Used module:     \sky130_fd_sc_hd__nand3_2
Used module:     \sky130_fd_sc_hd__nand3b_2
Used module:     \sky130_fd_sc_hd__buf_2
Used module:     \sky130_fd_sc_hd__or4bb_2
Used module:     \sky130_fd_sc_hd__a41oi_2
Used module:     \sky130_fd_sc_hd__a211oi_2
Used module:     \sky130_fd_sc_hd__a221oi_2
Used module:     \sky130_fd_sc_hd__or3b_2
Used module:     \sky130_fd_sc_hd__a22oi_2
Used module:     \sky130_fd_sc_hd__dfstp_2
Used module:     \sky130_fd_sc_hd__a21boi_2
Used module:     \sky130_fd_sc_hd__a2111oi_2
Used module:     \sky130_fd_sc_hd__nor3b_2
Used module:     \sky130_fd_sc_hd__clkbuf_16
Used module:     \sky130_fd_sc_hd__dfxtp_2
Removed 0 unused modules.

4. Executing PROC pass (convert processes to netlists).

4.1. Executing PROC_CLEAN pass (remove empty switches from decision trees).
Cleaned up 0 empty switches.

4.2. Executing PROC_RMDEAD pass (remove dead branches from decision trees).
Marked 1 switch rules as full_case in process $proc$results/puzzle/models/puzzle_models.v:253$152 in module sky130_fd_sc_hd__dfstp_2.
Marked 1 switch rules as full_case in process $proc$results/puzzle/models/puzzle_models.v:242$149 in module sky130_fd_sc_hd__dfrtp_2.
Removed a total of 0 dead cases.

4.3. Executing PROC_PRUNE pass (remove redundant assignments in processes).
Removed 2 redundant assignments.
Promoted 3 assignments to connections.

4.4. Executing PROC_INIT pass (extract init attributes).
Found init rule in `\sky130_fd_sc_hd__dfstp_2.$proc$results/puzzle/models/puzzle_models.v:252$154'.
  Set init value: \q_int = 1'1
Found init rule in `\sky130_fd_sc_hd__dfrtp_2.$proc$results/puzzle/models/puzzle_models.v:241$151'.
  Set init value: \q_int = 1'0

4.5. Executing PROC_ARST pass (detect async resets in processes).
Found async reset \SET_B in `\sky130_fd_sc_hd__dfstp_2.$proc$results/puzzle/models/puzzle_models.v:253$152'.
Found async reset \RESET_B in `\sky130_fd_sc_hd__dfrtp_2.$proc$results/puzzle/models/puzzle_models.v:242$149'.

4.6. Executing PROC_ROM pass (convert switches to ROMs).
Converted 0 switches.

4.7. Executing PROC_MUX pass (convert decision trees to multiplexers).
Creating decoders for process `\sky130_fd_sc_hd__dfxtp_2.$proc$results/puzzle/models/puzzle_models.v:263$155'.
Creating decoders for process `\sky130_fd_sc_hd__dfstp_2.$proc$results/puzzle/models/puzzle_models.v:252$154'.
Creating decoders for process `\sky130_fd_sc_hd__dfstp_2.$proc$results/puzzle/models/puzzle_models.v:253$152'.
     1/1: $0\q_int[0:0]
Creating decoders for process `\sky130_fd_sc_hd__dfrtp_2.$proc$results/puzzle/models/puzzle_models.v:241$151'.
Creating decoders for process `\sky130_fd_sc_hd__dfrtp_2.$proc$results/puzzle/models/puzzle_models.v:242$149'.
     1/1: $0\q_int[0:0]

4.8. Executing PROC_DLATCH pass (convert process syncs to latches).

4.9. Executing PROC_DFF pass (convert process syncs to FFs).
Creating register for signal `\sky130_fd_sc_hd__dfxtp_2.\q_int' using process `\sky130_fd_sc_hd__dfxtp_2.$proc$results/puzzle/models/puzzle_models.v:263$155'.
  created $dff cell `$procdff$340' with positive edge clock.
Creating register for signal `\sky130_fd_sc_hd__dfstp_2.\q_int' using process `\sky130_fd_sc_hd__dfstp_2.$proc$results/puzzle/models/puzzle_models.v:253$152'.
  created $adff cell `$procdff$341' with positive edge clock and negative level reset.
Creating register for signal `\sky130_fd_sc_hd__dfrtp_2.\q_int' using process `\sky130_fd_sc_hd__dfrtp_2.$proc$results/puzzle/models/puzzle_models.v:242$149'.
  created $adff cell `$procdff$342' with positive edge clock and negative level reset.

4.10. Executing PROC_MEMWR pass (convert process memory writes to cells).

4.11. Executing PROC_CLEAN pass (remove empty switches from decision trees).
Removing empty process `sky130_fd_sc_hd__dfxtp_2.$proc$results/puzzle/models/puzzle_models.v:263$155'.
Removing empty process `sky130_fd_sc_hd__dfstp_2.$proc$results/puzzle/models/puzzle_models.v:252$154'.
Removing empty process `sky130_fd_sc_hd__dfstp_2.$proc$results/puzzle/models/puzzle_models.v:253$152'.
Removing empty process `sky130_fd_sc_hd__dfrtp_2.$proc$results/puzzle/models/puzzle_models.v:241$151'.
Removing empty process `sky130_fd_sc_hd__dfrtp_2.$proc$results/puzzle/models/puzzle_models.v:242$149'.
Cleaned up 0 empty switches.

4.12. Executing OPT_EXPR pass (perform const folding).
Optimizing module puzzle_extracted.
Optimizing module sky130_fd_sc_hd__xor2_2.
Optimizing module sky130_fd_sc_hd__xnor2_2.
Optimizing module sky130_fd_sc_hd__or4bb_2.
Optimizing module sky130_fd_sc_hd__or4b_2.
Optimizing module sky130_fd_sc_hd__or4_2.
Optimizing module sky130_fd_sc_hd__or3b_2.
Optimizing module sky130_fd_sc_hd__or3_2.
Optimizing module sky130_fd_sc_hd__or2_2.
Optimizing module sky130_fd_sc_hd__o32ai_2.
Optimizing module sky130_fd_sc_hd__o32a_2.
Optimizing module sky130_fd_sc_hd__o31ai_2.
Optimizing module sky130_fd_sc_hd__o31a_2.
Optimizing module sky130_fd_sc_hd__o311a_2.
Optimizing module sky130_fd_sc_hd__o2bb2a_2.
Optimizing module sky130_fd_sc_hd__o22ai_2.
Optimizing module sky130_fd_sc_hd__o22a_2.
Optimizing module sky130_fd_sc_hd__o221a_2.
Optimizing module sky130_fd_sc_hd__o21bai_2.
Optimizing module sky130_fd_sc_hd__o21ba_2.
Optimizing module sky130_fd_sc_hd__o21ai_2.
Optimizing module sky130_fd_sc_hd__o21a_2.
Optimizing module sky130_fd_sc_hd__o211ai_2.
Optimizing module sky130_fd_sc_hd__o211a_2.
Optimizing module sky130_fd_sc_hd__nor4b_2.
Optimizing module sky130_fd_sc_hd__nor4_2.
Optimizing module sky130_fd_sc_hd__nor3b_2.
Optimizing module sky130_fd_sc_hd__nor3_2.
Optimizing module sky130_fd_sc_hd__nor2_2.
Optimizing module sky130_fd_sc_hd__nand4_2.
Optimizing module sky130_fd_sc_hd__nand3b_2.
Optimizing module sky130_fd_sc_hd__nand3_2.
Optimizing module sky130_fd_sc_hd__nand2b_2.
Optimizing module sky130_fd_sc_hd__nand2_2.
Optimizing module sky130_fd_sc_hd__mux2_1.
Optimizing module sky130_fd_sc_hd__inv_2.
Optimizing module sky130_fd_sc_hd__dfxtp_2.
Optimizing module sky130_fd_sc_hd__dfstp_2.
Optimizing module sky130_fd_sc_hd__dfrtp_2.
Optimizing module sky130_fd_sc_hd__conb_1.
Optimizing module sky130_fd_sc_hd__clkbuf_8.
Optimizing module sky130_fd_sc_hd__clkbuf_4.
Optimizing module sky130_fd_sc_hd__clkbuf_16.
Optimizing module sky130_fd_sc_hd__buf_2.
Optimizing module sky130_fd_sc_hd__and4bb_2.
Optimizing module sky130_fd_sc_hd__and4b_2.
Optimizing module sky130_fd_sc_hd__and4_2.
Optimizing module sky130_fd_sc_hd__and3b_2.
Optimizing module sky130_fd_sc_hd__and3_2.
Optimizing module sky130_fd_sc_hd__and2b_2.
Optimizing module sky130_fd_sc_hd__and2_2.
Optimizing module sky130_fd_sc_hd__a41oi_2.
Optimizing module sky130_fd_sc_hd__a32o_2.
Optimizing module sky130_fd_sc_hd__a31oi_2.
Optimizing module sky130_fd_sc_hd__a31o_2.
Optimizing module sky130_fd_sc_hd__a311o_2.
Optimizing module sky130_fd_sc_hd__a22oi_2.
Optimizing module sky130_fd_sc_hd__a22o_2.
Optimizing module sky130_fd_sc_hd__a221oi_2.
Optimizing module sky130_fd_sc_hd__a221o_2.
Optimizing module sky130_fd_sc_hd__a21oi_2.
Optimizing module sky130_fd_sc_hd__a21o_2.
Optimizing module sky130_fd_sc_hd__a21boi_2.
Optimizing module sky130_fd_sc_hd__a21bo_2.
Optimizing module sky130_fd_sc_hd__a211oi_2.
Optimizing module sky130_fd_sc_hd__a211o_2.
Optimizing module sky130_fd_sc_hd__a2111oi_2.

5. Executing FLATTEN pass (flatten design).
Deleting now unused module sky130_fd_sc_hd__xor2_2.
Deleting now unused module sky130_fd_sc_hd__xnor2_2.
Deleting now unused module sky130_fd_sc_hd__or4bb_2.
Deleting now unused module sky130_fd_sc_hd__or4b_2.
Deleting now unused module sky130_fd_sc_hd__or4_2.
Deleting now unused module sky130_fd_sc_hd__or3b_2.
Deleting now unused module sky130_fd_sc_hd__or3_2.
Deleting now unused module sky130_fd_sc_hd__or2_2.
Deleting now unused module sky130_fd_sc_hd__o32ai_2.
Deleting now unused module sky130_fd_sc_hd__o32a_2.
Deleting now unused module sky130_fd_sc_hd__o31ai_2.
Deleting now unused module sky130_fd_sc_hd__o31a_2.
Deleting now unused module sky130_fd_sc_hd__o311a_2.
Deleting now unused module sky130_fd_sc_hd__o2bb2a_2.
Deleting now unused module sky130_fd_sc_hd__o22ai_2.
Deleting now unused module sky130_fd_sc_hd__o22a_2.
Deleting now unused module sky130_fd_sc_hd__o221a_2.
Deleting now unused module sky130_fd_sc_hd__o21bai_2.
Deleting now unused module sky130_fd_sc_hd__o21ba_2.
Deleting now unused module sky130_fd_sc_hd__o21ai_2.
Deleting now unused module sky130_fd_sc_hd__o21a_2.
Deleting now unused module sky130_fd_sc_hd__o211ai_2.
Deleting now unused module sky130_fd_sc_hd__o211a_2.
Deleting now unused module sky130_fd_sc_hd__nor4b_2.
Deleting now unused module sky130_fd_sc_hd__nor4_2.
Deleting now unused module sky130_fd_sc_hd__nor3b_2.
Deleting now unused module sky130_fd_sc_hd__nor3_2.
Deleting now unused module sky130_fd_sc_hd__nor2_2.
Deleting now unused module sky130_fd_sc_hd__nand4_2.
Deleting now unused module sky130_fd_sc_hd__nand3b_2.
Deleting now unused module sky130_fd_sc_hd__nand3_2.
Deleting now unused module sky130_fd_sc_hd__nand2b_2.
Deleting now unused module sky130_fd_sc_hd__nand2_2.
Deleting now unused module sky130_fd_sc_hd__mux2_1.
Deleting now unused module sky130_fd_sc_hd__inv_2.
Deleting now unused module sky130_fd_sc_hd__dfxtp_2.
Deleting now unused module sky130_fd_sc_hd__dfstp_2.
Deleting now unused module sky130_fd_sc_hd__dfrtp_2.
Deleting now unused module sky130_fd_sc_hd__conb_1.
Deleting now unused module sky130_fd_sc_hd__clkbuf_8.
Deleting now unused module sky130_fd_sc_hd__clkbuf_4.
Deleting now unused module sky130_fd_sc_hd__clkbuf_16.
Deleting now unused module sky130_fd_sc_hd__buf_2.
Deleting now unused module sky130_fd_sc_hd__and4bb_2.
Deleting now unused module sky130_fd_sc_hd__and4b_2.
Deleting now unused module sky130_fd_sc_hd__and4_2.
Deleting now unused module sky130_fd_sc_hd__and3b_2.
Deleting now unused module sky130_fd_sc_hd__and3_2.
Deleting now unused module sky130_fd_sc_hd__and2b_2.
Deleting now unused module sky130_fd_sc_hd__and2_2.
Deleting now unused module sky130_fd_sc_hd__a41oi_2.
Deleting now unused module sky130_fd_sc_hd__a32o_2.
Deleting now unused module sky130_fd_sc_hd__a31oi_2.
Deleting now unused module sky130_fd_sc_hd__a31o_2.
Deleting now unused module sky130_fd_sc_hd__a311o_2.
Deleting now unused module sky130_fd_sc_hd__a22oi_2.
Deleting now unused module sky130_fd_sc_hd__a22o_2.
Deleting now unused module sky130_fd_sc_hd__a221oi_2.
Deleting now unused module sky130_fd_sc_hd__a221o_2.
Deleting now unused module sky130_fd_sc_hd__a21oi_2.
Deleting now unused module sky130_fd_sc_hd__a21o_2.
Deleting now unused module sky130_fd_sc_hd__a21boi_2.
Deleting now unused module sky130_fd_sc_hd__a21bo_2.
Deleting now unused module sky130_fd_sc_hd__a211oi_2.
Deleting now unused module sky130_fd_sc_hd__a211o_2.
Deleting now unused module sky130_fd_sc_hd__a2111oi_2.
<suppressed ~728 debug messages>

6. Executing ASYNC2SYNC pass.
Replacing puzzle_extracted.$flatten\u661_dfrtp_2.$procdff$342 ($adff): ARST=\u661_dfrtp_2.RESET_B, D=\u661_dfrtp_2.D, Q=\u661_dfrtp_2.q_int
Replacing puzzle_extracted.$flatten\u651_dfrtp_2.$procdff$342 ($adff): ARST=\u651_dfrtp_2.RESET_B, D=\u651_dfrtp_2.D, Q=\u651_dfrtp_2.q_int
Replacing puzzle_extracted.$flatten\u647_dfrtp_2.$procdff$342 ($adff): ARST=\u647_dfrtp_2.RESET_B, D=\u647_dfrtp_2.D, Q=\u647_dfrtp_2.q_int
Replacing puzzle_extracted.$flatten\u634_dfrtp_2.$procdff$342 ($adff): ARST=\u634_dfrtp_2.RESET_B, D=\u634_dfrtp_2.D, Q=\u634_dfrtp_2.q_int
Replacing puzzle_extracted.$flatten\u625_dfrtp_2.$procdff$342 ($adff): ARST=\u625_dfrtp_2.RESET_B, D=\u625_dfrtp_2.D, Q=\u625_dfrtp_2.q_int
Replacing puzzle_extracted.$flatten\u622_dfrtp_2.$procdff$342 ($adff): ARST=\u622_dfrtp_2.RESET_B, D=\u622_dfrtp_2.D, Q=\u622_dfrtp_2.q_int
Replacing puzzle_extracted.$flatten\u614_dfrtp_2.$procdff$342 ($adff): ARST=\u614_dfrtp_2.RESET_B, D=\u614_dfrtp_2.D, Q=\u614_dfrtp_2.q_int
Replacing puzzle_extracted.$flatten\u603_dfrtp_2.$procdff$342 ($adff): ARST=\u603_dfrtp_2.RESET_B, D=\u603_dfrtp_2.D, Q=\u603_dfrtp_2.q_int
Replacing puzzle_extracted.$flatten\u602_dfrtp_2.$procdff$342 ($adff): ARST=\u602_dfrtp_2.RESET_B, D=\u602_dfrtp_2.D, Q=\u602_dfrtp_2.q_int
Replacing puzzle_extracted.$flatten\u601_dfrtp_2.$procdff$342 ($adff): ARST=\u601_dfrtp_2.RESET_B, D=\u601_dfrtp_2.D, Q=\u601_dfrtp_2.q_int
Replacing puzzle_extracted.$flatten\u600_dfrtp_2.$procdff$342 ($adff): ARST=\u600_dfrtp_2.RESET_B, D=\u600_dfrtp_2.D, Q=\u600_dfrtp_2.q_int
Replacing puzzle_extracted.$flatten\u595_dfrtp_2.$procdff$342 ($adff): ARST=\u595_dfrtp_2.RESET_B, D=\u595_dfrtp_2.D, Q=\u595_dfrtp_2.q_int
Replacing puzzle_extracted.$flatten\u475_dfrtp_2.$procdff$342 ($adff): ARST=\u475_dfrtp_2.RESET_B, D=\u475_dfrtp_2.D, Q=\u475_dfrtp_2.q_int
Replacing puzzle_extracted.$flatten\u471_dfrtp_2.$procdff$342 ($adff): ARST=\u471_dfrtp_2.RESET_B, D=\u471_dfrtp_2.D, Q=\u471_dfrtp_2.q_int
Replacing puzzle_extracted.$flatten\u468_dfrtp_2.$procdff$342 ($adff): ARST=\u468_dfrtp_2.RESET_B, D=\u468_dfrtp_2.D, Q=\u468_dfrtp_2.q_int
Replacing puzzle_extracted.$flatten\u467_dfrtp_2.$procdff$342 ($adff): ARST=\u467_dfrtp_2.RESET_B, D=\u467_dfrtp_2.D, Q=\u467_dfrtp_2.q_int
Replacing puzzle_extracted.$flatten\u461_dfrtp_2.$procdff$342 ($adff): ARST=\u461_dfrtp_2.RESET_B, D=\u461_dfrtp_2.D, Q=\u461_dfrtp_2.q_int
Replacing puzzle_extracted.$flatten\u460_dfrtp_2.$procdff$342 ($adff): ARST=\u460_dfrtp_2.RESET_B, D=\u460_dfrtp_2.D, Q=\u460_dfrtp_2.q_int
Replacing puzzle_extracted.$flatten\u459_dfrtp_2.$procdff$342 ($adff): ARST=\u459_dfrtp_2.RESET_B, D=\u459_dfrtp_2.D, Q=\u459_dfrtp_2.q_int
Replacing puzzle_extracted.$flatten\u454_dfrtp_2.$procdff$342 ($adff): ARST=\u454_dfrtp_2.RESET_B, D=\u454_dfrtp_2.D, Q=\u454_dfrtp_2.q_int
Replacing puzzle_extracted.$flatten\u453_dfrtp_2.$procdff$342 ($adff): ARST=\u453_dfrtp_2.RESET_B, D=\u453_dfrtp_2.D, Q=\u453_dfrtp_2.q_int
Replacing puzzle_extracted.$flatten\u451_dfrtp_2.$procdff$342 ($adff): ARST=\u451_dfrtp_2.RESET_B, D=\u451_dfrtp_2.D, Q=\u451_dfrtp_2.q_int
Replacing puzzle_extracted.$flatten\u449_dfrtp_2.$procdff$342 ($adff): ARST=\u449_dfrtp_2.RESET_B, D=\u449_dfrtp_2.D, Q=\u449_dfrtp_2.q_int
Replacing puzzle_extracted.$flatten\u447_dfrtp_2.$procdff$342 ($adff): ARST=\u447_dfrtp_2.RESET_B, D=\u447_dfrtp_2.D, Q=\u447_dfrtp_2.q_int
Replacing puzzle_extracted.$flatten\u420_dfrtp_2.$procdff$342 ($adff): ARST=\u420_dfrtp_2.RESET_B, D=\u420_dfrtp_2.D, Q=\u420_dfrtp_2.q_int
Replacing puzzle_extracted.$flatten\u419_dfrtp_2.$procdff$342 ($adff): ARST=\u419_dfrtp_2.RESET_B, D=\u419_dfrtp_2.D, Q=\u419_dfrtp_2.q_int
Replacing puzzle_extracted.$flatten\u404_dfrtp_2.$procdff$342 ($adff): ARST=\u404_dfrtp_2.RESET_B, D=\u404_dfrtp_2.D, Q=\u404_dfrtp_2.q_int
Replacing puzzle_extracted.$flatten\u399_dfrtp_2.$procdff$342 ($adff): ARST=\u399_dfrtp_2.RESET_B, D=\u399_dfrtp_2.D, Q=\u399_dfrtp_2.q_int
Replacing puzzle_extracted.$flatten\u397_dfrtp_2.$procdff$342 ($adff): ARST=\u397_dfrtp_2.RESET_B, D=\u397_dfrtp_2.D, Q=\u397_dfrtp_2.q_int
Replacing puzzle_extracted.$flatten\u395_dfrtp_2.$procdff$342 ($adff): ARST=\u395_dfrtp_2.RESET_B, D=\u395_dfrtp_2.D, Q=\u395_dfrtp_2.q_int
Replacing puzzle_extracted.$flatten\u394_dfrtp_2.$procdff$342 ($adff): ARST=\u394_dfrtp_2.RESET_B, D=\u394_dfrtp_2.D, Q=\u394_dfrtp_2.q_int
Replacing puzzle_extracted.$flatten\u393_dfrtp_2.$procdff$342 ($adff): ARST=\u393_dfrtp_2.RESET_B, D=\u393_dfrtp_2.D, Q=\u393_dfrtp_2.q_int
Replacing puzzle_extracted.$flatten\u391_dfrtp_2.$procdff$342 ($adff): ARST=\u391_dfrtp_2.RESET_B, D=\u391_dfrtp_2.D, Q=\u391_dfrtp_2.q_int
Replacing puzzle_extracted.$flatten\u390_dfrtp_2.$procdff$342 ($adff): ARST=\u390_dfrtp_2.RESET_B, D=\u390_dfrtp_2.D, Q=\u390_dfrtp_2.q_int
Replacing puzzle_extracted.$flatten\u389_dfrtp_2.$procdff$342 ($adff): ARST=\u389_dfrtp_2.RESET_B, D=\u389_dfrtp_2.D, Q=\u389_dfrtp_2.q_int
Replacing puzzle_extracted.$flatten\u370_dfrtp_2.$procdff$342 ($adff): ARST=\u370_dfrtp_2.RESET_B, D=\u370_dfrtp_2.D, Q=\u370_dfrtp_2.q_int
Replacing puzzle_extracted.$flatten\u368_dfrtp_2.$procdff$342 ($adff): ARST=\u368_dfrtp_2.RESET_B, D=\u368_dfrtp_2.D, Q=\u368_dfrtp_2.q_int
Replacing puzzle_extracted.$flatten\u363_dfrtp_2.$procdff$342 ($adff): ARST=\u363_dfrtp_2.RESET_B, D=\u363_dfrtp_2.D, Q=\u363_dfrtp_2.q_int
Replacing puzzle_extracted.$flatten\u355_dfrtp_2.$procdff$342 ($adff): ARST=\u355_dfrtp_2.RESET_B, D=\u355_dfrtp_2.D, Q=\u355_dfrtp_2.q_int
Replacing puzzle_extracted.$flatten\u354_dfrtp_2.$procdff$342 ($adff): ARST=\u354_dfrtp_2.RESET_B, D=\u354_dfrtp_2.D, Q=\u354_dfrtp_2.q_int
Replacing puzzle_extracted.$flatten\u352_dfrtp_2.$procdff$342 ($adff): ARST=\u352_dfrtp_2.RESET_B, D=\u352_dfrtp_2.D, Q=\u352_dfrtp_2.q_int
Replacing puzzle_extracted.$flatten\u350_dfrtp_2.$procdff$342 ($adff): ARST=\u350_dfrtp_2.RESET_B, D=\u350_dfrtp_2.D, Q=\u350_dfrtp_2.q_int
Replacing puzzle_extracted.$flatten\u266_dfstp_2.$procdff$341 ($adff): ARST=\u266_dfstp_2.SET_B, D=\u266_dfstp_2.D, Q=\u266_dfstp_2.q_int
Replacing puzzle_extracted.$flatten\u265_dfstp_2.$procdff$341 ($adff): ARST=\u265_dfstp_2.SET_B, D=\u265_dfstp_2.D, Q=\u265_dfstp_2.q_int
Replacing puzzle_extracted.$flatten\u264_dfstp_2.$procdff$341 ($adff): ARST=\u264_dfstp_2.SET_B, D=\u264_dfstp_2.D, Q=\u264_dfstp_2.q_int
Replacing puzzle_extracted.$flatten\u263_dfstp_2.$procdff$341 ($adff): ARST=\u263_dfstp_2.SET_B, D=\u263_dfstp_2.D, Q=\u263_dfstp_2.q_int
Replacing puzzle_extracted.$flatten\u255_dfrtp_2.$procdff$342 ($adff): ARST=\u255_dfrtp_2.RESET_B, D=\u255_dfrtp_2.D, Q=\u255_dfrtp_2.q_int
Replacing puzzle_extracted.$flatten\u254_dfrtp_2.$procdff$342 ($adff): ARST=\u254_dfrtp_2.RESET_B, D=\u254_dfrtp_2.D, Q=\u254_dfrtp_2.q_int
Replacing puzzle_extracted.$flatten\u253_dfrtp_2.$procdff$342 ($adff): ARST=\u253_dfrtp_2.RESET_B, D=\u253_dfrtp_2.D, Q=\u253_dfrtp_2.q_int
Replacing puzzle_extracted.$flatten\u252_dfrtp_2.$procdff$342 ($adff): ARST=\u252_dfrtp_2.RESET_B, D=\u252_dfrtp_2.D, Q=\u252_dfrtp_2.q_int
Replacing puzzle_extracted.$flatten\u233_dfrtp_2.$procdff$342 ($adff): ARST=\u233_dfrtp_2.RESET_B, D=\u233_dfrtp_2.D, Q=\u233_dfrtp_2.q_int
Replacing puzzle_extracted.$flatten\u232_dfrtp_2.$procdff$342 ($adff): ARST=\u232_dfrtp_2.RESET_B, D=\u232_dfrtp_2.D, Q=\u232_dfrtp_2.q_int
Replacing puzzle_extracted.$flatten\u231_dfrtp_2.$procdff$342 ($adff): ARST=\u231_dfrtp_2.RESET_B, D=\u231_dfrtp_2.D, Q=\u231_dfrtp_2.q_int
Replacing puzzle_extracted.$flatten\u226_dfrtp_2.$procdff$342 ($adff): ARST=\u226_dfrtp_2.RESET_B, D=\u226_dfrtp_2.D, Q=\u226_dfrtp_2.q_int
Replacing puzzle_extracted.$flatten\u215_dfrtp_2.$procdff$342 ($adff): ARST=\u215_dfrtp_2.RESET_B, D=\u215_dfrtp_2.D, Q=\u215_dfrtp_2.q_int
Replacing puzzle_extracted.$flatten\u209_dfrtp_2.$procdff$342 ($adff): ARST=\u209_dfrtp_2.RESET_B, D=\u209_dfrtp_2.D, Q=\u209_dfrtp_2.q_int
Replacing puzzle_extracted.$flatten\u197_dfrtp_2.$procdff$342 ($adff): ARST=\u197_dfrtp_2.RESET_B, D=\u197_dfrtp_2.D, Q=\u197_dfrtp_2.q_int
Replacing puzzle_extracted.$flatten\u194_dfrtp_2.$procdff$342 ($adff): ARST=\u194_dfrtp_2.RESET_B, D=\u194_dfrtp_2.D, Q=\u194_dfrtp_2.q_int
Replacing puzzle_extracted.$flatten\u190_dfrtp_2.$procdff$342 ($adff): ARST=\u190_dfrtp_2.RESET_B, D=\u190_dfrtp_2.D, Q=\u190_dfrtp_2.q_int
Replacing puzzle_extracted.$flatten\u189_dfrtp_2.$procdff$342 ($adff): ARST=\u189_dfrtp_2.RESET_B, D=\u189_dfrtp_2.D, Q=\u189_dfrtp_2.q_int
Replacing puzzle_extracted.$flatten\u188_dfrtp_2.$procdff$342 ($adff): ARST=\u188_dfrtp_2.RESET_B, D=\u188_dfrtp_2.D, Q=\u188_dfrtp_2.q_int
Replacing puzzle_extracted.$flatten\u180_dfrtp_2.$procdff$342 ($adff): ARST=\u180_dfrtp_2.RESET_B, D=\u180_dfrtp_2.D, Q=\u180_dfrtp_2.q_int
Replacing puzzle_extracted.$flatten\u179_dfrtp_2.$procdff$342 ($adff): ARST=\u179_dfrtp_2.RESET_B, D=\u179_dfrtp_2.D, Q=\u179_dfrtp_2.q_int
Replacing puzzle_extracted.$flatten\u178_dfrtp_2.$procdff$342 ($adff): ARST=\u178_dfrtp_2.RESET_B, D=\u178_dfrtp_2.D, Q=\u178_dfrtp_2.q_int
Replacing puzzle_extracted.$flatten\u143_dfrtp_2.$procdff$342 ($adff): ARST=\u143_dfrtp_2.RESET_B, D=\u143_dfrtp_2.D, Q=\u143_dfrtp_2.q_int
Replacing puzzle_extracted.$flatten\u142_dfrtp_2.$procdff$342 ($adff): ARST=\u142_dfrtp_2.RESET_B, D=\u142_dfrtp_2.D, Q=\u142_dfrtp_2.q_int
Replacing puzzle_extracted.$flatten\u141_dfrtp_2.$procdff$342 ($adff): ARST=\u141_dfrtp_2.RESET_B, D=\u141_dfrtp_2.D, Q=\u141_dfrtp_2.q_int
Replacing puzzle_extracted.$flatten\u124_dfrtp_2.$procdff$342 ($adff): ARST=\u124_dfrtp_2.RESET_B, D=\u124_dfrtp_2.D, Q=\u124_dfrtp_2.q_int
Replacing puzzle_extracted.$flatten\u123_dfrtp_2.$procdff$342 ($adff): ARST=\u123_dfrtp_2.RESET_B, D=\u123_dfrtp_2.D, Q=\u123_dfrtp_2.q_int
Replacing puzzle_extracted.$flatten\u122_dfrtp_2.$procdff$342 ($adff): ARST=\u122_dfrtp_2.RESET_B, D=\u122_dfrtp_2.D, Q=\u122_dfrtp_2.q_int
Replacing puzzle_extracted.$flatten\u121_dfrtp_2.$procdff$342 ($adff): ARST=\u121_dfrtp_2.RESET_B, D=\u121_dfrtp_2.D, Q=\u121_dfrtp_2.q_int
Replacing puzzle_extracted.$flatten\u118_dfrtp_2.$procdff$342 ($adff): ARST=\u118_dfrtp_2.RESET_B, D=\u118_dfrtp_2.D, Q=\u118_dfrtp_2.q_int
Replacing puzzle_extracted.$flatten\u117_dfrtp_2.$procdff$342 ($adff): ARST=\u117_dfrtp_2.RESET_B, D=\u117_dfrtp_2.D, Q=\u117_dfrtp_2.q_int
Replacing puzzle_extracted.$flatten\u108_dfrtp_2.$procdff$342 ($adff): ARST=\u108_dfrtp_2.RESET_B, D=\u108_dfrtp_2.D, Q=\u108_dfrtp_2.q_int
Replacing puzzle_extracted.$flatten\u107_dfrtp_2.$procdff$342 ($adff): ARST=\u107_dfrtp_2.RESET_B, D=\u107_dfrtp_2.D, Q=\u107_dfrtp_2.q_int
Replacing puzzle_extracted.$flatten\u106_dfrtp_2.$procdff$342 ($adff): ARST=\u106_dfrtp_2.RESET_B, D=\u106_dfrtp_2.D, Q=\u106_dfrtp_2.q_int
Replacing puzzle_extracted.$flatten\u28_dfrtp_2.$procdff$342 ($adff): ARST=\u28_dfrtp_2.RESET_B, D=\u28_dfrtp_2.D, Q=\u28_dfrtp_2.q_int
Replacing puzzle_extracted.$flatten\u27_dfrtp_2.$procdff$342 ($adff): ARST=\u27_dfrtp_2.RESET_B, D=\u27_dfrtp_2.D, Q=\u27_dfrtp_2.q_int
Replacing puzzle_extracted.$flatten\u26_dfrtp_2.$procdff$342 ($adff): ARST=\u26_dfrtp_2.RESET_B, D=\u26_dfrtp_2.D, Q=\u26_dfrtp_2.q_int
Replacing puzzle_extracted.$flatten\u635_dfrtp_2.$procdff$342 ($adff): ARST=\u635_dfrtp_2.RESET_B, D=\u635_dfrtp_2.D, Q=\u635_dfrtp_2.q_int
Replacing puzzle_extracted.$flatten\u596_dfrtp_2.$procdff$342 ($adff): ARST=\u596_dfrtp_2.RESET_B, D=\u596_dfrtp_2.D, Q=\u596_dfrtp_2.q_int
Replacing puzzle_extracted.$flatten\u597_dfrtp_2.$procdff$342 ($adff): ARST=\u597_dfrtp_2.RESET_B, D=\u597_dfrtp_2.D, Q=\u597_dfrtp_2.q_int
Replacing puzzle_extracted.$flatten\u416_dfrtp_2.$procdff$342 ($adff): ARST=\u416_dfrtp_2.RESET_B, D=\u416_dfrtp_2.D, Q=\u416_dfrtp_2.q_int
Replacing puzzle_extracted.$flatten\u379_dfrtp_2.$procdff$342 ($adff): ARST=\u379_dfrtp_2.RESET_B, D=\u379_dfrtp_2.D, Q=\u379_dfrtp_2.q_int
Replacing puzzle_extracted.$flatten\u371_dfrtp_2.$procdff$342 ($adff): ARST=\u371_dfrtp_2.RESET_B, D=\u371_dfrtp_2.D, Q=\u371_dfrtp_2.q_int
Replacing puzzle_extracted.$flatten\u198_dfrtp_2.$procdff$342 ($adff): ARST=\u198_dfrtp_2.RESET_B, D=\u198_dfrtp_2.D, Q=\u198_dfrtp_2.q_int
Replacing puzzle_extracted.$flatten\u153_dfrtp_2.$procdff$342 ($adff): ARST=\u153_dfrtp_2.RESET_B, D=\u153_dfrtp_2.D, Q=\u153_dfrtp_2.q_int
Replacing puzzle_extracted.$flatten\u126_dfrtp_2.$procdff$342 ($adff): ARST=\u126_dfrtp_2.RESET_B, D=\u126_dfrtp_2.D, Q=\u126_dfrtp_2.q_int

7. Executing DFFUNMAP pass (unmap clock enable and synchronous reset from FFs).

8. Executing OPT pass (performing simple optimizations).

8.1. Executing OPT_EXPR pass (perform const folding).
Optimizing module puzzle_extracted.
<suppressed ~26 debug messages>

8.2. Executing OPT_MERGE pass (detect identical cells).
Finding identical cells in module `\puzzle_extracted'.
<suppressed ~1971 debug messages>
Removed a total of 657 cells.

8.3. Executing OPT_MUXTREE pass (detect dead branches in mux trees).
Running muxtree optimizer on module \puzzle_extracted..
  Creating internal representation of mux trees.
  Evaluating internal representation of mux trees.
  Analyzing evaluation results.
Removed 0 multiplexer ports.
<suppressed ~176 debug messages>

8.4. Executing OPT_REDUCE pass (consolidate $*mux and $reduce_* inputs).
  Optimizing cells in module \puzzle_extracted.
Performed a total of 0 changes.

8.5. Executing OPT_MERGE pass (detect identical cells).
Finding identical cells in module `\puzzle_extracted'.
Removed a total of 0 cells.

8.6. Executing OPT_DFF pass (perform DFF optimizations).
Adding SRST signal on $flatten\u416_dfrtp_2.$procdff$342 ($dff) from module puzzle_extracted (D = \u416_dfrtp_2.D, Q = $auto$async2sync.cc:171:execute$507, rval = 1'0).
Adding SRST signal on $flatten\u124_dfrtp_2.$procdff$342 ($dff) from module puzzle_extracted (D = \u124_dfrtp_2.D, Q = $auto$async2sync.cc:171:execute$477, rval = 1'0).
Adding SRST signal on $flatten\u603_dfrtp_2.$procdff$342 ($dff) from module puzzle_extracted (D = \u603_dfrtp_2.D, Q = $auto$async2sync.cc:171:execute$357, rval = 1'0).
Adding SRST signal on $flatten\u602_dfrtp_2.$procdff$342 ($dff) from module puzzle_extracted (D = \u602_dfrtp_2.D, Q = $auto$async2sync.cc:171:execute$359, rval = 1'0).
Adding SRST signal on $flatten\u461_dfrtp_2.$procdff$342 ($dff) from module puzzle_extracted (D = \u461_dfrtp_2.D, Q = $auto$async2sync.cc:171:execute$375, rval = 1'0).
Adding SRST signal on $flatten\u661_dfrtp_2.$procdff$342 ($dff) from module puzzle_extracted (D = \u661_dfrtp_2.D, Q = $auto$async2sync.cc:171:execute$343, rval = 1'0).
Adding SRST signal on $flatten\u141_dfrtp_2.$procdff$342 ($dff) from module puzzle_extracted (D = \u141_dfrtp_2.D, Q = $auto$async2sync.cc:171:execute$475, rval = 1'0).
Adding SRST signal on $flatten\u420_dfrtp_2.$procdff$342 ($dff) from module puzzle_extracted (D = \u420_dfrtp_2.D, Q = $auto$async2sync.cc:171:execute$391, rval = 1'0).
Adding SRST signal on $flatten\u597_dfrtp_2.$procdff$342 ($dff) from module puzzle_extracted (D = \u597_dfrtp_2.D, Q = $auto$async2sync.cc:171:execute$505, rval = 1'0).
Adding SRST signal on $flatten\u459_dfrtp_2.$procdff$342 ($dff) from module puzzle_extracted (D = \u459_dfrtp_2.D, Q = $auto$async2sync.cc:171:execute$379, rval = 1'0).
Adding SRST signal on $flatten\u453_dfrtp_2.$procdff$342 ($dff) from module puzzle_extracted (D = \u453_dfrtp_2.D, Q = $auto$async2sync.cc:171:execute$383, rval = 1'0).
Adding SRST signal on $flatten\u142_dfrtp_2.$procdff$342 ($dff) from module puzzle_extracted (D = \u142_dfrtp_2.D, Q = $auto$async2sync.cc:171:execute$473, rval = 1'0).
Adding SRST signal on $flatten\u143_dfrtp_2.$procdff$342 ($dff) from module puzzle_extracted (D = \u143_dfrtp_2.D, Q = $auto$async2sync.cc:171:execute$471, rval = 1'0).
Adding SRST signal on $flatten\u178_dfrtp_2.$procdff$342 ($dff) from module puzzle_extracted (D = \u178_dfrtp_2.D, Q = $auto$async2sync.cc:171:execute$469, rval = 1'0).
Adding SRST signal on $flatten\u179_dfrtp_2.$procdff$342 ($dff) from module puzzle_extracted (D = \u179_dfrtp_2.D, Q = $auto$async2sync.cc:171:execute$467, rval = 1'0).
Adding SRST signal on $flatten\u180_dfrtp_2.$procdff$342 ($dff) from module puzzle_extracted (D = \u180_dfrtp_2.D, Q = $auto$async2sync.cc:171:execute$465, rval = 1'0).
Adding SRST signal on $flatten\u188_dfrtp_2.$procdff$342 ($dff) from module puzzle_extracted (D = \u188_dfrtp_2.D, Q = $auto$async2sync.cc:171:execute$463, rval = 1'0).
Adding SRST signal on $flatten\u189_dfrtp_2.$procdff$342 ($dff) from module puzzle_extracted (D = \u189_dfrtp_2.D, Q = $auto$async2sync.cc:171:execute$461, rval = 1'0).
Adding SRST signal on $flatten\u190_dfrtp_2.$procdff$342 ($dff) from module puzzle_extracted (D = \u190_dfrtp_2.D, Q = $auto$async2sync.cc:171:execute$459, rval = 1'0).
Adding SRST signal on $flatten\u194_dfrtp_2.$procdff$342 ($dff) from module puzzle_extracted (D = \u194_dfrtp_2.D, Q = $auto$async2sync.cc:171:execute$457, rval = 1'0).
Adding SRST signal on $flatten\u197_dfrtp_2.$procdff$342 ($dff) from module puzzle_extracted (D = \u197_dfrtp_2.D, Q = $auto$async2sync.cc:171:execute$455, rval = 1'0).
Adding SRST signal on $flatten\u209_dfrtp_2.$procdff$342 ($dff) from module puzzle_extracted (D = \u209_dfrtp_2.D, Q = $auto$async2sync.cc:171:execute$453, rval = 1'0).
Adding SRST signal on $flatten\u215_dfrtp_2.$procdff$342 ($dff) from module puzzle_extracted (D = \u215_dfrtp_2.D, Q = $auto$async2sync.cc:171:execute$451, rval = 1'0).
Adding SRST signal on $flatten\u226_dfrtp_2.$procdff$342 ($dff) from module puzzle_extracted (D = \u226_dfrtp_2.D, Q = $auto$async2sync.cc:171:execute$449, rval = 1'0).
Adding SRST signal on $flatten\u471_dfrtp_2.$procdff$342 ($dff) from module puzzle_extracted (D = \u471_dfrtp_2.D, Q = $auto$async2sync.cc:171:execute$369, rval = 1'0).
Adding SRST signal on $flatten\u596_dfrtp_2.$procdff$342 ($dff) from module puzzle_extracted (D = \u596_dfrtp_2.D, Q = $auto$async2sync.cc:171:execute$503, rval = 1'0).
Adding SRST signal on $flatten\u231_dfrtp_2.$procdff$342 ($dff) from module puzzle_extracted (D = \u231_dfrtp_2.D, Q = $auto$async2sync.cc:171:execute$447, rval = 1'0).
Adding SRST signal on $flatten\u232_dfrtp_2.$procdff$342 ($dff) from module puzzle_extracted (D = \u232_dfrtp_2.D, Q = $auto$async2sync.cc:171:execute$445, rval = 1'0).
Adding SRST signal on $flatten\u635_dfrtp_2.$procdff$342 ($dff) from module puzzle_extracted (D = \u635_dfrtp_2.D, Q = $auto$async2sync.cc:171:execute$501, rval = 1'0).
Adding SRST signal on $flatten\u26_dfrtp_2.$procdff$342 ($dff) from module puzzle_extracted (D = \u26_dfrtp_2.D, Q = $auto$async2sync.cc:171:execute$499, rval = 1'0).
Adding SRST signal on $flatten\u233_dfrtp_2.$procdff$342 ($dff) from module puzzle_extracted (D = \u233_dfrtp_2.D, Q = $auto$async2sync.cc:171:execute$443, rval = 1'0).
Adding SRST signal on $flatten\u252_dfrtp_2.$procdff$342 ($dff) from module puzzle_extracted (D = \u252_dfrtp_2.D, Q = $auto$async2sync.cc:171:execute$441, rval = 1'0).
Adding SRST signal on $flatten\u253_dfrtp_2.$procdff$342 ($dff) from module puzzle_extracted (D = \u253_dfrtp_2.D, Q = $auto$async2sync.cc:171:execute$439, rval = 1'0).
Adding SRST signal on $flatten\u254_dfrtp_2.$procdff$342 ($dff) from module puzzle_extracted (D = \u254_dfrtp_2.D, Q = $auto$async2sync.cc:171:execute$437, rval = 1'0).
Adding SRST signal on $flatten\u255_dfrtp_2.$procdff$342 ($dff) from module puzzle_extracted (D = \u255_dfrtp_2.D, Q = $auto$async2sync.cc:171:execute$435, rval = 1'0).
Adding SRST signal on $flatten\u622_dfrtp_2.$procdff$342 ($dff) from module puzzle_extracted (D = \u622_dfrtp_2.D, Q = $auto$async2sync.cc:171:execute$353, rval = 1'0).
Adding SRST signal on $flatten\u263_dfstp_2.$procdff$341 ($dff) from module puzzle_extracted (D = \u263_dfstp_2.D, Q = $auto$async2sync.cc:171:execute$433, rval = 1'1).
Adding SRST signal on $flatten\u27_dfrtp_2.$procdff$342 ($dff) from module puzzle_extracted (D = \u27_dfrtp_2.D, Q = $auto$async2sync.cc:171:execute$497, rval = 1'0).
Adding SRST signal on $flatten\u264_dfstp_2.$procdff$341 ($dff) from module puzzle_extracted (D = \u264_dfstp_2.D, Q = $auto$async2sync.cc:171:execute$431, rval = 1'1).
Adding SRST signal on $flatten\u265_dfstp_2.$procdff$341 ($dff) from module puzzle_extracted (D = \u265_dfstp_2.D, Q = $auto$async2sync.cc:171:execute$429, rval = 1'1).
Adding SRST signal on $flatten\u266_dfstp_2.$procdff$341 ($dff) from module puzzle_extracted (D = \u266_dfstp_2.D, Q = $auto$async2sync.cc:171:execute$427, rval = 1'1).
Adding SRST signal on $flatten\u625_dfrtp_2.$procdff$342 ($dff) from module puzzle_extracted (D = \u625_dfrtp_2.D, Q = $auto$async2sync.cc:171:execute$351, rval = 1'0).
Adding SRST signal on $flatten\u634_dfrtp_2.$procdff$342 ($dff) from module puzzle_extracted (D = \u634_dfrtp_2.D, Q = $auto$async2sync.cc:171:execute$349, rval = 1'0).
Adding SRST signal on $flatten\u350_dfrtp_2.$procdff$342 ($dff) from module puzzle_extracted (D = \u350_dfrtp_2.D, Q = $auto$async2sync.cc:171:execute$425, rval = 1'0).
Adding SRST signal on $flatten\u352_dfrtp_2.$procdff$342 ($dff) from module puzzle_extracted (D = \u352_dfrtp_2.D, Q = $auto$async2sync.cc:171:execute$423, rval = 1'0).
Adding SRST signal on $flatten\u354_dfrtp_2.$procdff$342 ($dff) from module puzzle_extracted (D = \u354_dfrtp_2.D, Q = $auto$async2sync.cc:171:execute$421, rval = 1'0).
Adding SRST signal on $flatten\u355_dfrtp_2.$procdff$342 ($dff) from module puzzle_extracted (D = \u355_dfrtp_2.D, Q = $auto$async2sync.cc:171:execute$419, rval = 1'0).
Adding SRST signal on $flatten\u363_dfrtp_2.$procdff$342 ($dff) from module puzzle_extracted (D = \u363_dfrtp_2.D, Q = $auto$async2sync.cc:171:execute$417, rval = 1'0).
Adding SRST signal on $flatten\u368_dfrtp_2.$procdff$342 ($dff) from module puzzle_extracted (D = \u368_dfrtp_2.D, Q = $auto$async2sync.cc:171:execute$415, rval = 1'0).
Adding SRST signal on $flatten\u651_dfrtp_2.$procdff$342 ($dff) from module puzzle_extracted (D = \u651_dfrtp_2.D, Q = $auto$async2sync.cc:171:execute$345, rval = 1'0).
Adding SRST signal on $flatten\u370_dfrtp_2.$procdff$342 ($dff) from module puzzle_extracted (D = \u370_dfrtp_2.D, Q = $auto$async2sync.cc:171:execute$413, rval = 1'0).
Adding SRST signal on $flatten\u389_dfrtp_2.$procdff$342 ($dff) from module puzzle_extracted (D = \u389_dfrtp_2.D, Q = $auto$async2sync.cc:171:execute$411, rval = 1'0).
Adding SRST signal on $flatten\u390_dfrtp_2.$procdff$342 ($dff) from module puzzle_extracted (D = \u390_dfrtp_2.D, Q = $auto$async2sync.cc:171:execute$409, rval = 1'0).
Adding SRST signal on $flatten\u391_dfrtp_2.$procdff$342 ($dff) from module puzzle_extracted (D = \u391_dfrtp_2.D, Q = $auto$async2sync.cc:171:execute$407, rval = 1'0).
Adding SRST signal on $flatten\u393_dfrtp_2.$procdff$342 ($dff) from module puzzle_extracted (D = \u393_dfrtp_2.D, Q = $auto$async2sync.cc:171:execute$405, rval = 1'0).
Adding SRST signal on $flatten\u394_dfrtp_2.$procdff$342 ($dff) from module puzzle_extracted (D = \u394_dfrtp_2.D, Q = $auto$async2sync.cc:171:execute$403, rval = 1'0).
Adding SRST signal on $flatten\u395_dfrtp_2.$procdff$342 ($dff) from module puzzle_extracted (D = \u395_dfrtp_2.D, Q = $auto$async2sync.cc:171:execute$401, rval = 1'0).
Adding SRST signal on $flatten\u397_dfrtp_2.$procdff$342 ($dff) from module puzzle_extracted (D = \u397_dfrtp_2.D, Q = $auto$async2sync.cc:171:execute$399, rval = 1'0).
Adding SRST signal on $flatten\u123_dfrtp_2.$procdff$342 ($dff) from module puzzle_extracted (D = \u123_dfrtp_2.D, Q = $auto$async2sync.cc:171:execute$479, rval = 1'0).
Adding SRST signal on $flatten\u28_dfrtp_2.$procdff$342 ($dff) from module puzzle_extracted (D = \u28_dfrtp_2.D, Q = $auto$async2sync.cc:171:execute$495, rval = 1'0).
Adding SRST signal on $flatten\u106_dfrtp_2.$procdff$342 ($dff) from module puzzle_extracted (D = \u106_dfrtp_2.D, Q = $auto$async2sync.cc:171:execute$493, rval = 1'0).
Adding SRST signal on $flatten\u399_dfrtp_2.$procdff$342 ($dff) from module puzzle_extracted (D = \u399_dfrtp_2.D, Q = $auto$async2sync.cc:171:execute$397, rval = 1'0).
Adding SRST signal on $flatten\u107_dfrtp_2.$procdff$342 ($dff) from module puzzle_extracted (D = \u107_dfrtp_2.D, Q = $auto$async2sync.cc:171:execute$491, rval = 1'0).
Adding SRST signal on $flatten\u460_dfrtp_2.$procdff$342 ($dff) from module puzzle_extracted (D = \u460_dfrtp_2.D, Q = $auto$async2sync.cc:171:execute$377, rval = 1'0).
Adding SRST signal on $flatten\u419_dfrtp_2.$procdff$342 ($dff) from module puzzle_extracted (D = \u419_dfrtp_2.D, Q = $auto$async2sync.cc:171:execute$393, rval = 1'0).
Adding SRST signal on $flatten\u601_dfrtp_2.$procdff$342 ($dff) from module puzzle_extracted (D = \u601_dfrtp_2.D, Q = $auto$async2sync.cc:171:execute$361, rval = 1'0).
Adding SRST signal on $flatten\u108_dfrtp_2.$procdff$342 ($dff) from module puzzle_extracted (D = \u108_dfrtp_2.D, Q = $auto$async2sync.cc:171:execute$489, rval = 1'0).
Adding SRST signal on $flatten\u595_dfrtp_2.$procdff$342 ($dff) from module puzzle_extracted (D = \u595_dfrtp_2.D, Q = $auto$async2sync.cc:171:execute$365, rval = 1'0).
Adding SRST signal on $flatten\u475_dfrtp_2.$procdff$342 ($dff) from module puzzle_extracted (D = \u475_dfrtp_2.D, Q = $auto$async2sync.cc:171:execute$367, rval = 1'0).
Adding SRST signal on $flatten\u600_dfrtp_2.$procdff$342 ($dff) from module puzzle_extracted (D = \u600_dfrtp_2.D, Q = $auto$async2sync.cc:171:execute$363, rval = 1'0).
Adding SRST signal on $flatten\u447_dfrtp_2.$procdff$342 ($dff) from module puzzle_extracted (D = \u447_dfrtp_2.D, Q = $auto$async2sync.cc:171:execute$389, rval = 1'0).
Adding SRST signal on $flatten\u449_dfrtp_2.$procdff$342 ($dff) from module puzzle_extracted (D = \u449_dfrtp_2.D, Q = $auto$async2sync.cc:171:execute$387, rval = 1'0).
Adding SRST signal on $flatten\u451_dfrtp_2.$procdff$342 ($dff) from module puzzle_extracted (D = \u451_dfrtp_2.D, Q = $auto$async2sync.cc:171:execute$385, rval = 1'0).
Adding SRST signal on $flatten\u454_dfrtp_2.$procdff$342 ($dff) from module puzzle_extracted (D = \u454_dfrtp_2.D, Q = $auto$async2sync.cc:171:execute$381, rval = 1'0).
Adding SRST signal on $flatten\u404_dfrtp_2.$procdff$342 ($dff) from module puzzle_extracted (D = \u404_dfrtp_2.D, Q = $auto$async2sync.cc:171:execute$395, rval = 1'0).
Adding SRST signal on $flatten\u117_dfrtp_2.$procdff$342 ($dff) from module puzzle_extracted (D = \u117_dfrtp_2.D, Q = $auto$async2sync.cc:171:execute$487, rval = 1'0).
Adding SRST signal on $flatten\u118_dfrtp_2.$procdff$342 ($dff) from module puzzle_extracted (D = \u118_dfrtp_2.D, Q = $auto$async2sync.cc:171:execute$485, rval = 1'0).
Adding SRST signal on $flatten\u121_dfrtp_2.$procdff$342 ($dff) from module puzzle_extracted (D = \u121_dfrtp_2.D, Q = $auto$async2sync.cc:171:execute$483, rval = 1'0).
Adding SRST signal on $flatten\u122_dfrtp_2.$procdff$342 ($dff) from module puzzle_extracted (D = \u122_dfrtp_2.D, Q = $auto$async2sync.cc:171:execute$481, rval = 1'0).
Adding SRST signal on $flatten\u468_dfrtp_2.$procdff$342 ($dff) from module puzzle_extracted (D = \u468_dfrtp_2.D, Q = $auto$async2sync.cc:171:execute$371, rval = 1'0).
Adding SRST signal on $flatten\u467_dfrtp_2.$procdff$342 ($dff) from module puzzle_extracted (D = \u467_dfrtp_2.D, Q = $auto$async2sync.cc:171:execute$373, rval = 1'0).
Adding SRST signal on $flatten\u614_dfrtp_2.$procdff$342 ($dff) from module puzzle_extracted (D = \u614_dfrtp_2.D, Q = $auto$async2sync.cc:171:execute$355, rval = 1'0).
Adding SRST signal on $flatten\u126_dfrtp_2.$procdff$342 ($dff) from module puzzle_extracted (D = \u126_dfrtp_2.D, Q = $auto$async2sync.cc:171:execute$517, rval = 1'0).
Adding SRST signal on $flatten\u153_dfrtp_2.$procdff$342 ($dff) from module puzzle_extracted (D = \u153_dfrtp_2.D, Q = $auto$async2sync.cc:171:execute$515, rval = 1'0).
Adding SRST signal on $flatten\u198_dfrtp_2.$procdff$342 ($dff) from module puzzle_extracted (D = \u198_dfrtp_2.D, Q = $auto$async2sync.cc:171:execute$513, rval = 1'0).
Adding SRST signal on $flatten\u647_dfrtp_2.$procdff$342 ($dff) from module puzzle_extracted (D = \u647_dfrtp_2.D, Q = $auto$async2sync.cc:171:execute$347, rval = 1'0).
Adding SRST signal on $flatten\u371_dfrtp_2.$procdff$342 ($dff) from module puzzle_extracted (D = \u371_dfrtp_2.D, Q = $auto$async2sync.cc:171:execute$511, rval = 1'0).
Adding SRST signal on $flatten\u379_dfrtp_2.$procdff$342 ($dff) from module puzzle_extracted (D = \u379_dfrtp_2.D, Q = $auto$async2sync.cc:171:execute$509, rval = 1'0).

8.7. Executing OPT_CLEAN pass (remove unused cells and wires).
Finding unused cells or wires in module \puzzle_extracted..
Removed 91 unused cells and 1535 unused wires.
<suppressed ~96 debug messages>

8.8. Executing OPT_EXPR pass (perform const folding).
Optimizing module puzzle_extracted.

8.9. Rerunning OPT passes. (Maybe there is more to do..)

8.10. Executing OPT_MUXTREE pass (detect dead branches in mux trees).
Running muxtree optimizer on module \puzzle_extracted..
  Creating internal representation of mux trees.
  Evaluating internal representation of mux trees.
  Analyzing evaluation results.
Removed 0 multiplexer ports.
<suppressed ~88 debug messages>

8.11. Executing OPT_REDUCE pass (consolidate $*mux and $reduce_* inputs).
  Optimizing cells in module \puzzle_extracted.
Performed a total of 0 changes.

8.12. Executing OPT_MERGE pass (detect identical cells).
Finding identical cells in module `\puzzle_extracted'.
Removed a total of 0 cells.

8.13. Executing OPT_DFF pass (perform DFF optimizations).

8.14. Executing OPT_CLEAN pass (remove unused cells and wires).
Finding unused cells or wires in module \puzzle_extracted..

8.15. Executing OPT_EXPR pass (perform const folding).
Optimizing module puzzle_extracted.

8.16. Finished OPT passes. (There is nothing left to do.)

9. Executing SAT pass (solving SAT problems in the circuit).

Setting up time step 1:
Import set-constraint: \enable = 1'1
Final constraint equation: \enable = 1'1
Imported 1770 cells to SAT database.
Import set-constraint from init attribute: $auto$async2sync.cc:171:execute$343 = 1'0
Import set-constraint from init attribute: $auto$async2sync.cc:171:execute$345 = 1'0
Import set-constraint from init attribute: $auto$async2sync.cc:171:execute$347 = 1'0
Import set-constraint from init attribute: $auto$async2sync.cc:171:execute$349 = 1'0
Import set-constraint from init attribute: $auto$async2sync.cc:171:execute$351 = 1'0
Import set-constraint from init attribute: $auto$async2sync.cc:171:execute$353 = 1'0
Import set-constraint from init attribute: $auto$async2sync.cc:171:execute$355 = 1'0
Import set-constraint from init attribute: $auto$async2sync.cc:171:execute$357 = 1'0
Import set-constraint from init attribute: $auto$async2sync.cc:171:execute$359 = 1'0
Import set-constraint from init attribute: $auto$async2sync.cc:171:execute$361 = 1'0
Import set-constraint from init attribute: $auto$async2sync.cc:171:execute$363 = 1'0
Import set-constraint from init attribute: $auto$async2sync.cc:171:execute$365 = 1'0
Import set-constraint from init attribute: $auto$async2sync.cc:171:execute$367 = 1'0
Import set-constraint from init attribute: $auto$async2sync.cc:171:execute$369 = 1'0
Import set-constraint from init attribute: $auto$async2sync.cc:171:execute$371 = 1'0
Import set-constraint from init attribute: $auto$async2sync.cc:171:execute$373 = 1'0
Import set-constraint from init attribute: $auto$async2sync.cc:171:execute$375 = 1'0
Import set-constraint from init attribute: $auto$async2sync.cc:171:execute$377 = 1'0
Import set-constraint from init attribute: $auto$async2sync.cc:171:execute$379 = 1'0
Import set-constraint from init attribute: $auto$async2sync.cc:171:execute$381 = 1'0
Import set-constraint from init attribute: $auto$async2sync.cc:171:execute$383 = 1'0
Import set-constraint from init attribute: $auto$async2sync.cc:171:execute$385 = 1'0
Import set-constraint from init attribute: $auto$async2sync.cc:171:execute$387 = 1'0
Import set-constraint from init attribute: $auto$async2sync.cc:171:execute$389 = 1'0
Import set-constraint from init attribute: $auto$async2sync.cc:171:execute$391 = 1'0
Import set-constraint from init attribute: $auto$async2sync.cc:171:execute$393 = 1'0
Import set-constraint from init attribute: $auto$async2sync.cc:171:execute$395 = 1'0
Import set-constraint from init attribute: $auto$async2sync.cc:171:execute$397 = 1'0
Import set-constraint from init attribute: $auto$async2sync.cc:171:execute$399 = 1'0
Import set-constraint from init attribute: $auto$async2sync.cc:171:execute$401 = 1'0
Import set-constraint from init attribute: $auto$async2sync.cc:171:execute$403 = 1'0
Import set-constraint from init attribute: $auto$async2sync.cc:171:execute$405 = 1'0
Import set-constraint from init attribute: $auto$async2sync.cc:171:execute$407 = 1'0
Import set-constraint from init attribute: $auto$async2sync.cc:171:execute$409 = 1'0
Import set-constraint from init attribute: $auto$async2sync.cc:171:execute$411 = 1'0
Import set-constraint from init attribute: $auto$async2sync.cc:171:execute$413 = 1'0
Import set-constraint from init attribute: $auto$async2sync.cc:171:execute$415 = 1'0
Import set-constraint from init attribute: $auto$async2sync.cc:171:execute$417 = 1'0
Import set-constraint from init attribute: $auto$async2sync.cc:171:execute$419 = 1'0
Import set-constraint from init attribute: $auto$async2sync.cc:171:execute$421 = 1'0
Import set-constraint from init attribute: $auto$async2sync.cc:171:execute$423 = 1'0
Import set-constraint from init attribute: $auto$async2sync.cc:171:execute$425 = 1'0
Import set-constraint from init attribute: $auto$async2sync.cc:171:execute$427 = 1'1
Import set-constraint from init attribute: $auto$async2sync.cc:171:execute$429 = 1'1
Import set-constraint from init attribute: $auto$async2sync.cc:171:execute$431 = 1'1
Import set-constraint from init attribute: $auto$async2sync.cc:171:execute$433 = 1'1
Import set-constraint from init attribute: $auto$async2sync.cc:171:execute$435 = 1'0
Import set-constraint from init attribute: $auto$async2sync.cc:171:execute$437 = 1'0
Import set-constraint from init attribute: $auto$async2sync.cc:171:execute$439 = 1'0
Import set-constraint from init attribute: $auto$async2sync.cc:171:execute$441 = 1'0
Import set-constraint from init attribute: $auto$async2sync.cc:171:execute$443 = 1'0
Import set-constraint from init attribute: $auto$async2sync.cc:171:execute$445 = 1'0
Import set-constraint from init attribute: $auto$async2sync.cc:171:execute$447 = 1'0
Import set-constraint from init attribute: $auto$async2sync.cc:171:execute$449 = 1'0
Import set-constraint from init attribute: $auto$async2sync.cc:171:execute$451 = 1'0
Import set-constraint from init attribute: $auto$async2sync.cc:171:execute$453 = 1'0
Import set-constraint from init attribute: $auto$async2sync.cc:171:execute$455 = 1'0
Import set-constraint from init attribute: $auto$async2sync.cc:171:execute$457 = 1'0
Import set-constraint from init attribute: $auto$async2sync.cc:171:execute$459 = 1'0
Import set-constraint from init attribute: $auto$async2sync.cc:171:execute$461 = 1'0
Import set-constraint from init attribute: $auto$async2sync.cc:171:execute$463 = 1'0
Import set-constraint from init attribute: $auto$async2sync.cc:171:execute$465 = 1'0
Import set-constraint from init attribute: $auto$async2sync.cc:171:execute$467 = 1'0
Import set-constraint from init attribute: $auto$async2sync.cc:171:execute$469 = 1'0
Import set-constraint from init attribute: $auto$async2sync.cc:171:execute$471 = 1'0
Import set-constraint from init attribute: $auto$async2sync.cc:171:execute$473 = 1'0
Import set-constraint from init attribute: $auto$async2sync.cc:171:execute$475 = 1'0
Import set-constraint from init attribute: $auto$async2sync.cc:171:execute$477 = 1'0
Import set-constraint from init attribute: $auto$async2sync.cc:171:execute$479 = 1'0
Import set-constraint from init attribute: $auto$async2sync.cc:171:execute$481 = 1'0
Import set-constraint from init attribute: $auto$async2sync.cc:171:execute$483 = 1'0
Import set-constraint from init attribute: $auto$async2sync.cc:171:execute$485 = 1'0
Import set-constraint from init attribute: $auto$async2sync.cc:171:execute$487 = 1'0
Import set-constraint from init attribute: $auto$async2sync.cc:171:execute$489 = 1'0
Import set-constraint from init attribute: $auto$async2sync.cc:171:execute$491 = 1'0
Import set-constraint from init attribute: $auto$async2sync.cc:171:execute$493 = 1'0
Import set-constraint from init attribute: $auto$async2sync.cc:171:execute$495 = 1'0
Import set-constraint from init attribute: $auto$async2sync.cc:171:execute$497 = 1'0
Import set-constraint from init attribute: $auto$async2sync.cc:171:execute$499 = 1'0
Import set-constraint from init attribute: $auto$async2sync.cc:171:execute$501 = 1'0
Import set-constraint from init attribute: $auto$async2sync.cc:171:execute$503 = 1'0
Import set-constraint from init attribute: $auto$async2sync.cc:171:execute$505 = 1'0
Import set-constraint from init attribute: $auto$async2sync.cc:171:execute$507 = 1'0
Import set-constraint from init attribute: $auto$async2sync.cc:171:execute$509 = 1'0
Import set-constraint from init attribute: $auto$async2sync.cc:171:execute$511 = 1'0
Import set-constraint from init attribute: $auto$async2sync.cc:171:execute$513 = 1'0
Import set-constraint from init attribute: $auto$async2sync.cc:171:execute$515 = 1'0
Import set-constraint from init attribute: $auto$async2sync.cc:171:execute$517 = 1'0
Final init constraint equation: { $auto$async2sync.cc:171:execute$517 $auto$async2sync.cc:171:execute$515 $auto$async2sync.cc:171:execute$513 $auto$async2sync.cc:171:execute$511 $auto$async2sync.cc:171:execute$509 $auto$async2sync.cc:171:execute$507 $auto$async2sync.cc:171:execute$505 $auto$async2sync.cc:171:execute$503 $auto$async2sync.cc:171:execute$501 $auto$async2sync.cc:171:execute$499 $auto$async2sync.cc:171:execute$497 $auto$async2sync.cc:171:execute$495 $auto$async2sync.cc:171:execute$493 $auto$async2sync.cc:171:execute$491 $auto$async2sync.cc:171:execute$489 $auto$async2sync.cc:171:execute$487 $auto$async2sync.cc:171:execute$485 $auto$async2sync.cc:171:execute$483 $auto$async2sync.cc:171:execute$481 $auto$async2sync.cc:171:execute$479 $auto$async2sync.cc:171:execute$477 $auto$async2sync.cc:171:execute$475 $auto$async2sync.cc:171:execute$473 $auto$async2sync.cc:171:execute$471 $auto$async2sync.cc:171:execute$469 $auto$async2sync.cc:171:execute$467 $auto$async2sync.cc:171:execute$465 $auto$async2sync.cc:171:execute$463 $auto$async2sync.cc:171:execute$461 $auto$async2sync.cc:171:execute$459 $auto$async2sync.cc:171:execute$457 $auto$async2sync.cc:171:execute$455 $auto$async2sync.cc:171:execute$453 $auto$async2sync.cc:171:execute$451 $auto$async2sync.cc:171:execute$449 $auto$async2sync.cc:171:execute$447 $auto$async2sync.cc:171:execute$445 $auto$async2sync.cc:171:execute$443 $auto$async2sync.cc:171:execute$441 $auto$async2sync.cc:171:execute$439 $auto$async2sync.cc:171:execute$437 $auto$async2sync.cc:171:execute$435 $auto$async2sync.cc:171:execute$433 $auto$async2sync.cc:171:execute$431 $auto$async2sync.cc:171:execute$429 $auto$async2sync.cc:171:execute$427 $auto$async2sync.cc:171:execute$425 $auto$async2sync.cc:171:execute$423 $auto$async2sync.cc:171:execute$421 $auto$async2sync.cc:171:execute$419 $auto$async2sync.cc:171:execute$417 $auto$async2sync.cc:171:execute$415 $auto$async2sync.cc:171:execute$413 $auto$async2sync.cc:171:execute$411 $auto$async2sync.cc:171:execute$409 $auto$async2sync.cc:171:execute$407 $auto$async2sync.cc:171:execute$405 $auto$async2sync.cc:171:execute$403 $auto$async2sync.cc:171:execute$401 $auto$async2sync.cc:171:execute$399 $auto$async2sync.cc:171:execute$397 $auto$async2sync.cc:171:execute$395 $auto$async2sync.cc:171:execute$393 $auto$async2sync.cc:171:execute$391 $auto$async2sync.cc:171:execute$389 $auto$async2sync.cc:171:execute$387 $auto$async2sync.cc:171:execute$385 $auto$async2sync.cc:171:execute$383 $auto$async2sync.cc:171:execute$381 $auto$async2sync.cc:171:execute$379 $auto$async2sync.cc:171:execute$377 $auto$async2sync.cc:171:execute$375 $auto$async2sync.cc:171:execute$373 $auto$async2sync.cc:171:execute$371 $auto$async2sync.cc:171:execute$369 $auto$async2sync.cc:171:execute$367 $auto$async2sync.cc:171:execute$365 $auto$async2sync.cc:171:execute$363 $auto$async2sync.cc:171:execute$361 $auto$async2sync.cc:171:execute$359 $auto$async2sync.cc:171:execute$357 $auto$async2sync.cc:171:execute$355 $auto$async2sync.cc:171:execute$353 $auto$async2sync.cc:171:execute$351 $auto$async2sync.cc:171:execute$349 $auto$async2sync.cc:171:execute$347 $auto$async2sync.cc:171:execute$345 $auto$async2sync.cc:171:execute$343 } = 88'0000000000000000000000000000000000000000001111000000000000000000000000000000000000000000

Setting up time step 2:
Import set-constraint: \enable = 1'1
Final constraint equation: \enable = 1'1
Imported 1770 cells to SAT database.

Setting up time step 3:
Import set-constraint: \enable = 1'1
Final constraint equation: \enable = 1'1
Imported 1770 cells to SAT database.

Setting up time step 4:
Import set-constraint: \enable = 1'1
Final constraint equation: \enable = 1'1
Imported 1770 cells to SAT database.

Setting up time step 5:
Import set-constraint: \enable = 1'1
Final constraint equation: \enable = 1'1
Imported 1770 cells to SAT database.

Setting up time step 6:
Import set-constraint: \enable = 1'1
Final constraint equation: \enable = 1'1
Imported 1770 cells to SAT database.

Setting up time step 7:
Import set-constraint: \enable = 1'1
Final constraint equation: \enable = 1'1
Imported 1770 cells to SAT database.

Setting up time step 8:
Import set-constraint: \enable = 1'1
Final constraint equation: \enable = 1'1
Imported 1770 cells to SAT database.

Setting up time step 9:
Import set-constraint: \enable = 1'1
Final constraint equation: \enable = 1'1
Imported 1770 cells to SAT database.

Setting up time step 10:
Import set-constraint: \enable = 1'1
Final constraint equation: \enable = 1'1
Imported 1770 cells to SAT database.

Setting up time step 11:
Import set-constraint: \enable = 1'1
Final constraint equation: \enable = 1'1
Imported 1770 cells to SAT database.

Setting up time step 12:
Import set-constraint: \enable = 1'1
Final constraint equation: \enable = 1'1
Imported 1770 cells to SAT database.

Setting up time step 13:
Import set-constraint: \enable = 1'1
Final constraint equation: \enable = 1'1
Imported 1770 cells to SAT database.

Setting up time step 14:
Import set-constraint: \enable = 1'1
Final constraint equation: \enable = 1'1
Imported 1770 cells to SAT database.

Setting up time step 15:
Import set-constraint: \enable = 1'1
Final constraint equation: \enable = 1'1
Imported 1770 cells to SAT database.

Setting up time step 16:
Import set-constraint: \enable = 1'1
Final constraint equation: \enable = 1'1
Imported 1770 cells to SAT database.

Setting up time step 17:
Import set-constraint: \enable = 1'1
Final constraint equation: \enable = 1'1
Imported 1770 cells to SAT database.

Setting up time step 18:
Import set-constraint: \enable = 1'1
Final constraint equation: \enable = 1'1
Imported 1770 cells to SAT database.

Setting up time step 19:
Import set-constraint: \enable = 1'1
Final constraint equation: \enable = 1'1
Imported 1770 cells to SAT database.

Setting up time step 20:
Import set-constraint: \enable = 1'1
Final constraint equation: \enable = 1'1
Imported 1770 cells to SAT database.

Setting up time step 21:
Import set-constraint: \enable = 1'1
Final constraint equation: \enable = 1'1
Imported 1770 cells to SAT database.

Setting up time step 22:
Import set-constraint: \enable = 1'1
Final constraint equation: \enable = 1'1
Imported 1770 cells to SAT database.

Setting up time step 23:
Import set-constraint: \enable = 1'1
Final constraint equation: \enable = 1'1
Imported 1770 cells to SAT database.

Setting up time step 24:
Import set-constraint: \enable = 1'1
Final constraint equation: \enable = 1'1
Imported 1770 cells to SAT database.

Setting up time step 25:
Import set-constraint: \enable = 1'1
Final constraint equation: \enable = 1'1
Imported 1770 cells to SAT database.

Setting up time step 26:
Import set-constraint: \enable = 1'1
Final constraint equation: \enable = 1'1
Imported 1770 cells to SAT database.

Setting up time step 27:
Import set-constraint: \enable = 1'1
Final constraint equation: \enable = 1'1
Imported 1770 cells to SAT database.

Setting up time step 28:
Import set-constraint: \enable = 1'1
Final constraint equation: \enable = 1'1
Imported 1770 cells to SAT database.

Setting up time step 29:
Import set-constraint: \enable = 1'1
Final constraint equation: \enable = 1'1
Imported 1770 cells to SAT database.

Setting up time step 30:
Import set-constraint: \enable = 1'1
Final constraint equation: \enable = 1'1
Imported 1770 cells to SAT database.

Setting up time step 31:
Import set-constraint: \enable = 1'1
Final constraint equation: \enable = 1'1
Imported 1770 cells to SAT database.

Setting up time step 32:
Import set-constraint: \enable = 1'1
Final constraint equation: \enable = 1'1
Imported 1770 cells to SAT database.

Setting up time step 33:
Import set-constraint: \enable = 1'1
Final constraint equation: \enable = 1'1
Imported 1770 cells to SAT database.

Setting up time step 34:
Import set-constraint: \enable = 1'1
Final constraint equation: \enable = 1'1
Imported 1770 cells to SAT database.

Setting up time step 35:
Import set-constraint: \enable = 1'1
Final constraint equation: \enable = 1'1
Imported 1770 cells to SAT database.

Setting up time step 36:
Import set-constraint: \enable = 1'1
Final constraint equation: \enable = 1'1
Imported 1770 cells to SAT database.

Setting up time step 37:
Import set-constraint: \enable = 1'1
Final constraint equation: \enable = 1'1
Imported 1770 cells to SAT database.

Setting up time step 38:
Import set-constraint: \enable = 1'1
Final constraint equation: \enable = 1'1
Imported 1770 cells to SAT database.

Setting up time step 39:
Import set-constraint: \enable = 1'1
Final constraint equation: \enable = 1'1
Imported 1770 cells to SAT database.

Setting up time step 40:
Import set-constraint: \enable = 1'1
Final constraint equation: \enable = 1'1
Imported 1770 cells to SAT database.

Setting up time step 41:
Import set-constraint: \enable = 1'1
Final constraint equation: \enable = 1'1
Imported 1770 cells to SAT database.

Setting up time step 42:
Import set-constraint: \enable = 1'1
Final constraint equation: \enable = 1'1
Imported 1770 cells to SAT database.

Setting up time step 43:
Import set-constraint: \enable = 1'1
Final constraint equation: \enable = 1'1
Imported 1770 cells to SAT database.

Setting up time step 44:
Import set-constraint: \enable = 1'1
Final constraint equation: \enable = 1'1
Imported 1770 cells to SAT database.

Setting up time step 45:
Import set-constraint: \enable = 1'1
Final constraint equation: \enable = 1'1
Imported 1770 cells to SAT database.

Setting up time step 46:
Import set-constraint: \enable = 1'1
Final constraint equation: \enable = 1'1
Imported 1770 cells to SAT database.

Setting up time step 47:
Import set-constraint: \enable = 1'1
Final constraint equation: \enable = 1'1
Imported 1770 cells to SAT database.

Setting up time step 48:
Import set-constraint: \enable = 1'1
Final constraint equation: \enable = 1'1
Imported 1770 cells to SAT database.

Setting up time step 49:
Import set-constraint: \enable = 1'1
Final constraint equation: \enable = 1'1
Imported 1770 cells to SAT database.

Setting up time step 50:
Import set-constraint: \enable = 1'1
Final constraint equation: \enable = 1'1
Imported 1770 cells to SAT database.

Setting up time step 51:
Import set-constraint: \enable = 1'1
Final constraint equation: \enable = 1'1
Imported 1770 cells to SAT database.

Setting up time step 52:
Import set-constraint: \enable = 1'1
Final constraint equation: \enable = 1'1
Imported 1770 cells to SAT database.

Setting up time step 53:
Import set-constraint: \enable = 1'1
Final constraint equation: \enable = 1'1
Imported 1770 cells to SAT database.

Setting up time step 54:
Import set-constraint: \enable = 1'1
Final constraint equation: \enable = 1'1
Imported 1770 cells to SAT database.

Setting up time step 55:
Import set-constraint: \enable = 1'1
Final constraint equation: \enable = 1'1
Imported 1770 cells to SAT database.

Setting up time step 56:
Import set-constraint: \enable = 1'1
Final constraint equation: \enable = 1'1
Imported 1770 cells to SAT database.

Setting up time step 57:
Import set-constraint: \enable = 1'1
Final constraint equation: \enable = 1'1
Imported 1770 cells to SAT database.

Setting up time step 58:
Import set-constraint: \enable = 1'1
Final constraint equation: \enable = 1'1
Imported 1770 cells to SAT database.

Setting up time step 59:
Import set-constraint: \enable = 1'1
Final constraint equation: \enable = 1'1
Imported 1770 cells to SAT database.

Setting up time step 60:
Import set-constraint: \enable = 1'1
Final constraint equation: \enable = 1'1
Imported 1770 cells to SAT database.

Setting up time step 61:
Import set-constraint: \enable = 1'1
Final constraint equation: \enable = 1'1
Imported 1770 cells to SAT database.

Setting up time step 62:
Import set-constraint: \enable = 1'1
Final constraint equation: \enable = 1'1
Imported 1770 cells to SAT database.

Setting up time step 63:
Import set-constraint: \enable = 1'1
Final constraint equation: \enable = 1'1
Imported 1770 cells to SAT database.

Setting up time step 64:
Import set-constraint: \enable = 1'1
Final constraint equation: \enable = 1'1
Imported 1770 cells to SAT database.

Setting up time step 65:
Import set-constraint: \enable = 1'1
Final constraint equation: \enable = 1'1
Imported 1770 cells to SAT database.

Setting up time step 66:
Import set-constraint: \enable = 1'1
Final constraint equation: \enable = 1'1
Imported 1770 cells to SAT database.

Setting up time step 67:
Import set-constraint: \enable = 1'1
Final constraint equation: \enable = 1'1
Imported 1770 cells to SAT database.

Setting up time step 68:
Import set-constraint: \enable = 1'1
Final constraint equation: \enable = 1'1
Imported 1770 cells to SAT database.

Setting up time step 69:
Import set-constraint: \enable = 1'1
Final constraint equation: \enable = 1'1
Imported 1770 cells to SAT database.

Setting up time step 70:
Import set-constraint: \enable = 1'1
Final constraint equation: \enable = 1'1
Imported 1770 cells to SAT database.

Setting up time step 71:
Import set-constraint: \enable = 1'1
Final constraint equation: \enable = 1'1
Imported 1770 cells to SAT database.

Setting up time step 72:
Import set-constraint: \enable = 1'1
Final constraint equation: \enable = 1'1
Imported 1770 cells to SAT database.

Setting up time step 73:
Import set-constraint: \enable = 1'1
Final constraint equation: \enable = 1'1
Imported 1770 cells to SAT database.

Setting up time step 74:
Import set-constraint: \enable = 1'1
Final constraint equation: \enable = 1'1
Imported 1770 cells to SAT database.

Setting up time step 75:
Import set-constraint: \enable = 1'1
Final constraint equation: \enable = 1'1
Imported 1770 cells to SAT database.

Setting up time step 76:
Import set-constraint: \enable = 1'1
Final constraint equation: \enable = 1'1
Imported 1770 cells to SAT database.

Setting up time step 77:
Import set-constraint: \enable = 1'1
Final constraint equation: \enable = 1'1
Imported 1770 cells to SAT database.

Setting up time step 78:
Import set-constraint: \enable = 1'1
Final constraint equation: \enable = 1'1
Imported 1770 cells to SAT database.

Setting up time step 79:
Import set-constraint: \enable = 1'1
Final constraint equation: \enable = 1'1
Imported 1770 cells to SAT database.

Setting up time step 80:
Import set-constraint: \enable = 1'1
Final constraint equation: \enable = 1'1
Imported 1770 cells to SAT database.

Setting up time step 81:
Import set-constraint: \enable = 1'1
Final constraint equation: \enable = 1'1
Imported 1770 cells to SAT database.

Setting up time step 82:
Import set-constraint: \enable = 1'1
Final constraint equation: \enable = 1'1
Imported 1770 cells to SAT database.

Setting up time step 83:
Import set-constraint: \enable = 1'1
Final constraint equation: \enable = 1'1
Imported 1770 cells to SAT database.

Setting up time step 84:
Import set-constraint: \enable = 1'1
Final constraint equation: \enable = 1'1
Imported 1770 cells to SAT database.

Setting up time step 85:
Import set-constraint: \enable = 1'1
Final constraint equation: \enable = 1'1
Imported 1770 cells to SAT database.

Setting up time step 86:
Import set-constraint: \enable = 1'1
Final constraint equation: \enable = 1'1
Imported 1770 cells to SAT database.

Setting up time step 87:
Import set-constraint: \enable = 1'1
Final constraint equation: \enable = 1'1
Imported 1770 cells to SAT database.

Setting up time step 88:
Import set-constraint: \enable = 1'1
Final constraint equation: \enable = 1'1
Imported 1770 cells to SAT database.

Setting up time step 89:
Import set-constraint: \enable = 1'1
Final constraint equation: \enable = 1'1
Imported 1770 cells to SAT database.

Setting up time step 90:
Import set-constraint: \enable = 1'1
Final constraint equation: \enable = 1'1
Imported 1770 cells to SAT database.

Setting up time step 91:
Import set-constraint: \enable = 1'1
Final constraint equation: \enable = 1'1
Imported 1770 cells to SAT database.

Setting up time step 92:
Import set-constraint: \enable = 1'1
Final constraint equation: \enable = 1'1
Imported 1770 cells to SAT database.

Setting up time step 93:
Import set-constraint: \enable = 1'1
Final constraint equation: \enable = 1'1
Imported 1770 cells to SAT database.

Setting up time step 94:
Import set-constraint: \enable = 1'1
Final constraint equation: \enable = 1'1
Imported 1770 cells to SAT database.

Setting up time step 95:
Import set-constraint: \enable = 1'1
Final constraint equation: \enable = 1'1
Imported 1770 cells to SAT database.

Setting up time step 96:
Import set-constraint: \enable = 1'1
Final constraint equation: \enable = 1'1
Imported 1770 cells to SAT database.

Setting up time step 97:
Import set-constraint: \enable = 1'1
Final constraint equation: \enable = 1'1
Imported 1770 cells to SAT database.

Setting up time step 98:
Import set-constraint: \enable = 1'1
Final constraint equation: \enable = 1'1
Imported 1770 cells to SAT database.

Setting up time step 99:
Import set-constraint: \enable = 1'1
Final constraint equation: \enable = 1'1
Imported 1770 cells to SAT database.

Setting up time step 100:
Import set-constraint: \enable = 1'1
Final constraint equation: \enable = 1'1
Imported 1770 cells to SAT database.

Setting up time step 101:
Import set-constraint: \enable = 1'1
Final constraint equation: \enable = 1'1
Imported 1770 cells to SAT database.

Setting up time step 102:
Import set-constraint: \enable = 1'1
Final constraint equation: \enable = 1'1
Imported 1770 cells to SAT database.

Setting up time step 103:
Import set-constraint: \enable = 1'1
Final constraint equation: \enable = 1'1
Imported 1770 cells to SAT database.

Setting up time step 104:
Import set-constraint: \enable = 1'1
Final constraint equation: \enable = 1'1
Imported 1770 cells to SAT database.

Setting up time step 105:
Import set-constraint: \enable = 1'1
Final constraint equation: \enable = 1'1
Imported 1770 cells to SAT database.

Setting up time step 106:
Import set-constraint: \enable = 1'1
Final constraint equation: \enable = 1'1
Imported 1770 cells to SAT database.

Setting up time step 107:
Import set-constraint: \enable = 1'1
Final constraint equation: \enable = 1'1
Imported 1770 cells to SAT database.

Setting up time step 108:
Import set-constraint: \enable = 1'1
Final constraint equation: \enable = 1'1
Imported 1770 cells to SAT database.

Setting up time step 109:
Import set-constraint: \enable = 1'1
Final constraint equation: \enable = 1'1
Imported 1770 cells to SAT database.

Setting up time step 110:
Import set-constraint: \enable = 1'1
Final constraint equation: \enable = 1'1
Imported 1770 cells to SAT database.

Setting up time step 111:
Import set-constraint: \enable = 1'1
Final constraint equation: \enable = 1'1
Imported 1770 cells to SAT database.

Setting up time step 112:
Import set-constraint: \enable = 1'1
Final constraint equation: \enable = 1'1
Imported 1770 cells to SAT database.

Setting up time step 113:
Import set-constraint: \enable = 1'1
Final constraint equation: \enable = 1'1
Imported 1770 cells to SAT database.

Setting up time step 114:
Import set-constraint: \enable = 1'1
Final constraint equation: \enable = 1'1
Imported 1770 cells to SAT database.

Setting up time step 115:
Import set-constraint: \enable = 1'1
Final constraint equation: \enable = 1'1
Imported 1770 cells to SAT database.

Setting up time step 116:
Import set-constraint: \enable = 1'1
Final constraint equation: \enable = 1'1
Imported 1770 cells to SAT database.

Setting up time step 117:
Import set-constraint: \enable = 1'1
Final constraint equation: \enable = 1'1
Imported 1770 cells to SAT database.

Setting up time step 118:
Import set-constraint: \enable = 1'1
Final constraint equation: \enable = 1'1
Imported 1770 cells to SAT database.

Setting up time step 119:
Import set-constraint: \enable = 1'1
Final constraint equation: \enable = 1'1
Imported 1770 cells to SAT database.

Setting up time step 120:
Import set-constraint: \enable = 1'1
Final constraint equation: \enable = 1'1
Imported 1770 cells to SAT database.

Setting up time step 121:
Import set-constraint: \enable = 1'1
Final constraint equation: \enable = 1'1
Imported 1770 cells to SAT database.

Setting up time step 122:
Import set-constraint: \enable = 1'1
Final constraint equation: \enable = 1'1
Imported 1770 cells to SAT database.

Setting up time step 123:
Import set-constraint: \enable = 1'1
Import set-constraint for this timestep: \success = 1'1
Final constraint equation: { \success \enable } = 2'11
Imported 1770 cells to SAT database.
Import show expression: \I

Solving problem with 1078561 variables and 2799272 clauses..
SAT solving finished - model found:

  Time Signal Name                                      Dec       Hex           Bin
  ---- ---------------------------------------- ----------- --------- -------------
  init $auto$async2sync.cc:171:execute$343                0         0             0
  init $auto$async2sync.cc:171:execute$345                0         0             0
  init $auto$async2sync.cc:171:execute$347                0         0             0
  init $auto$async2sync.cc:171:execute$349                0         0             0
  init $auto$async2sync.cc:171:execute$351                0         0             0
  init $auto$async2sync.cc:171:execute$353                0         0             0
  init $auto$async2sync.cc:171:execute$355                0         0             0
  init $auto$async2sync.cc:171:execute$357                0         0             0
  init $auto$async2sync.cc:171:execute$359                0         0             0
  init $auto$async2sync.cc:171:execute$361                0         0             0
  init $auto$async2sync.cc:171:execute$363                0         0             0
  init $auto$async2sync.cc:171:execute$365                0         0             0
  init $auto$async2sync.cc:171:execute$367                0         0             0
  init $auto$async2sync.cc:171:execute$369                0         0             0
  init $auto$async2sync.cc:171:execute$371                0         0             0
  init $auto$async2sync.cc:171:execute$373                0         0             0
  init $auto$async2sync.cc:171:execute$375                0         0             0
  init $auto$async2sync.cc:171:execute$377                0         0             0
  init $auto$async2sync.cc:171:execute$379                0         0             0
  init $auto$async2sync.cc:171:execute$381                0         0             0
  init $auto$async2sync.cc:171:execute$383                0         0             0
  init $auto$async2sync.cc:171:execute$385                0         0             0
  init $auto$async2sync.cc:171:execute$387                0         0             0
  init $auto$async2sync.cc:171:execute$389                0         0             0
  init $auto$async2sync.cc:171:execute$391                0         0             0
  init $auto$async2sync.cc:171:execute$393                0         0             0
  init $auto$async2sync.cc:171:execute$395                0         0             0
  init $auto$async2sync.cc:171:execute$397                0         0             0
  init $auto$async2sync.cc:171:execute$399                0         0             0
  init $auto$async2sync.cc:171:execute$401                0         0             0
  init $auto$async2sync.cc:171:execute$403                0         0             0
  init $auto$async2sync.cc:171:execute$405                0         0             0
  init $auto$async2sync.cc:171:execute$407                0         0             0
  init $auto$async2sync.cc:171:execute$409                0         0             0
  init $auto$async2sync.cc:171:execute$411                0         0             0
  init $auto$async2sync.cc:171:execute$413                0         0             0
  init $auto$async2sync.cc:171:execute$415                0         0             0
  init $auto$async2sync.cc:171:execute$417                0         0             0
  init $auto$async2sync.cc:171:execute$419                0         0             0
  init $auto$async2sync.cc:171:execute$421                0         0             0
  init $auto$async2sync.cc:171:execute$423                0         0             0
  init $auto$async2sync.cc:171:execute$425                0         0             0
  init $auto$async2sync.cc:171:execute$427                1         1             1
  init $auto$async2sync.cc:171:execute$429                1         1             1
  init $auto$async2sync.cc:171:execute$431                1         1             1
  init $auto$async2sync.cc:171:execute$433                1         1             1
  init $auto$async2sync.cc:171:execute$435                0         0             0
  init $auto$async2sync.cc:171:execute$437                0         0             0
  init $auto$async2sync.cc:171:execute$439                0         0             0
  init $auto$async2sync.cc:171:execute$441                0         0             0
  init $auto$async2sync.cc:171:execute$443                0         0             0
  init $auto$async2sync.cc:171:execute$445                0         0             0
  init $auto$async2sync.cc:171:execute$447                0         0             0
  init $auto$async2sync.cc:171:execute$449                0         0             0
  init $auto$async2sync.cc:171:execute$451                0         0             0
  init $auto$async2sync.cc:171:execute$453                0         0             0
  init $auto$async2sync.cc:171:execute$455                0         0             0
  init $auto$async2sync.cc:171:execute$457                0         0             0
  init $auto$async2sync.cc:171:execute$459                0         0             0
  init $auto$async2sync.cc:171:execute$461                0         0             0
  init $auto$async2sync.cc:171:execute$463                0         0             0
  init $auto$async2sync.cc:171:execute$465                0         0             0
  init $auto$async2sync.cc:171:execute$467                0         0             0
  init $auto$async2sync.cc:171:execute$469                0         0             0
  init $auto$async2sync.cc:171:execute$471                0         0             0
  init $auto$async2sync.cc:171:execute$473                0         0             0
  init $auto$async2sync.cc:171:execute$475                0         0             0
  init $auto$async2sync.cc:171:execute$477                0         0             0
  init $auto$async2sync.cc:171:execute$479                0         0             0
  init $auto$async2sync.cc:171:execute$481                0         0             0
  init $auto$async2sync.cc:171:execute$483                0         0             0
  init $auto$async2sync.cc:171:execute$485                0         0             0
  init $auto$async2sync.cc:171:execute$487                0         0             0
  init $auto$async2sync.cc:171:execute$489                0         0             0
  init $auto$async2sync.cc:171:execute$491                0         0             0
  init $auto$async2sync.cc:171:execute$493                0         0             0
  init $auto$async2sync.cc:171:execute$495                0         0             0
  init $auto$async2sync.cc:171:execute$497                0         0             0
  init $auto$async2sync.cc:171:execute$499                0         0             0
  init $auto$async2sync.cc:171:execute$501                0         0             0
  init $auto$async2sync.cc:171:execute$503                0         0             0
  init $auto$async2sync.cc:171:execute$505                0         0             0
  init $auto$async2sync.cc:171:execute$507                0         0             0
  init $auto$async2sync.cc:171:execute$509                0         0             0
  init $auto$async2sync.cc:171:execute$511                0         0             0
  init $auto$async2sync.cc:171:execute$513                0         0             0
  init $auto$async2sync.cc:171:execute$515                0         0             0
  init $auto$async2sync.cc:171:execute$517                0         0             0
  init \u34_dfxtp_2.q_int                                 0         0             0
  init \u35_dfxtp_2.q_int                                 0         0             0
  init \u36_dfxtp_2.q_int                                 1         1             1
  init \u37_dfxtp_2.q_int                                 1         1             1
  ---- ---------------------------------------- ----------- --------- -------------
     1 \I                                                 0         0             0
  ---- ---------------------------------------- ----------- --------- -------------
     2 \I                                                 0         0             0
  ---- ---------------------------------------- ----------- --------- -------------
     3 \I                                                 0         0             0
  ---- ---------------------------------------- ----------- --------- -------------
     4 \I                                                 0         0             0
  ---- ---------------------------------------- ----------- --------- -------------
     5 \I                                                 0         0             0
  ---- ---------------------------------------- ----------- --------- -------------
     6 \I                                                 0         0             0
  ---- ---------------------------------------- ----------- --------- -------------
     7 \I                                                 0         0             0
  ---- ---------------------------------------- ----------- --------- -------------
     8 \I                                                 1         1             1
  ---- ---------------------------------------- ----------- --------- -------------
     9 \I                                                 0         0             0
  ---- ---------------------------------------- ----------- --------- -------------
    10 \I                                                 1         1             1
  ---- ---------------------------------------- ----------- --------- -------------
    11 \I                                                 0         0             0
  ---- ---------------------------------------- ----------- --------- -------------
    12 \I                                                 1         1             1
  ---- ---------------------------------------- ----------- --------- -------------
    13 \I                                                 0         0             0
  ---- ---------------------------------------- ----------- --------- -------------
    14 \I                                                 0         0             0
  ---- ---------------------------------------- ----------- --------- -------------
    15 \I                                                 0         0             0
  ---- ---------------------------------------- ----------- --------- -------------
    16 \I                                                 0         0             0
  ---- ---------------------------------------- ----------- --------- -------------
    17 \I                                                 1         1             1
  ---- ---------------------------------------- ----------- --------- -------------
    18 \I                                                 0         0             0
  ---- ---------------------------------------- ----------- --------- -------------
    19 \I                                                 0         0             0
  ---- ---------------------------------------- ----------- --------- -------------
    20 \I                                                 0         0             0
  ---- ---------------------------------------- ----------- --------- -------------
    21 \I                                                 0         0             0
  ---- ---------------------------------------- ----------- --------- -------------
    22 \I                                                 0         0             0
  ---- ---------------------------------------- ----------- --------- -------------
    23 \I                                                 0         0             0
  ---- ---------------------------------------- ----------- --------- -------------
    24 \I                                                 0         0             0
  ---- ---------------------------------------- ----------- --------- -------------
    25 \I                                                 0         0             0
  ---- ---------------------------------------- ----------- --------- -------------
    26 \I                                                 0         0             0
  ---- ---------------------------------------- ----------- --------- -------------
    27 \I                                                 0         0             0
  ---- ---------------------------------------- ----------- --------- -------------
    28 \I                                                 0         0             0
  ---- ---------------------------------------- ----------- --------- -------------
    29 \I                                                 0         0             0
  ---- ---------------------------------------- ----------- --------- -------------
    30 \I                                                 1         1             1
  ---- ---------------------------------------- ----------- --------- -------------
    31 \I                                                 0         0             0
  ---- ---------------------------------------- ----------- --------- -------------
    32 \I                                                 1         1             1
  ---- ---------------------------------------- ----------- --------- -------------
    33 \I                                                 0         0             0
  ---- ---------------------------------------- ----------- --------- -------------
    34 \I                                                 1         1             1
  ---- ---------------------------------------- ----------- --------- -------------
    35 \I                                                 0         0             0
  ---- ---------------------------------------- ----------- --------- -------------
    36 \I                                                 1         1             1
  ---- ---------------------------------------- ----------- --------- -------------
    37 \I                                                 0         0             0
  ---- ---------------------------------------- ----------- --------- -------------
    38 \I                                                 0         0             0
  ---- ---------------------------------------- ----------- --------- -------------
    39 \I                                                 0         0             0
  ---- ---------------------------------------- ----------- --------- -------------
    40 \I                                                 0         0             0
  ---- ---------------------------------------- ----------- --------- -------------
    41 \I                                                 0         0             0
  ---- ---------------------------------------- ----------- --------- -------------
    42 \I                                                 0         0             0
  ---- ---------------------------------------- ----------- --------- -------------
    43 \I                                                 0         0             0
  ---- ---------------------------------------- ----------- --------- -------------
    44 \I                                                 0         0             0
  ---- ---------------------------------------- ----------- --------- -------------
    45 \I                                                 0         0             0
  ---- ---------------------------------------- ----------- --------- -------------
    46 \I                                                 0         0             0
  ---- ---------------------------------------- ----------- --------- -------------
    47 \I                                                 0         0             0
  ---- ---------------------------------------- ----------- --------- -------------
    48 \I                                                 0         0             0
  ---- ---------------------------------------- ----------- --------- -------------
    49 \I                                                 1         1             1
  ---- ---------------------------------------- ----------- --------- -------------
    50 \I                                                 0         0             0
  ---- ---------------------------------------- ----------- --------- -------------
    51 \I                                                 1         1             1
  ---- ---------------------------------------- ----------- --------- -------------
    52 \I                                                 0         0             0
  ---- ---------------------------------------- ----------- --------- -------------
    53 \I                                                 0         0             0
  ---- ---------------------------------------- ----------- --------- -------------
    54 \I                                                 0         0             0
  ---- ---------------------------------------- ----------- --------- -------------
    55 \I                                                 0         0             0
  ---- ---------------------------------------- ----------- --------- -------------
    56 \I                                                 0         0             0
  ---- ---------------------------------------- ----------- --------- -------------
    57 \I                                                 0         0             0
  ---- ---------------------------------------- ----------- --------- -------------
    58 \I                                                 1         1             1
  ---- ---------------------------------------- ----------- --------- -------------
    59 \I                                                 0         0             0
  ---- ---------------------------------------- ----------- --------- -------------
    60 \I                                                 0         0             0
  ---- ---------------------------------------- ----------- --------- -------------
    61 \I                                                 0         0             0
  ---- ---------------------------------------- ----------- --------- -------------
    62 \I                                                 0         0             0
  ---- ---------------------------------------- ----------- --------- -------------
    63 \I                                                 0         0             0
  ---- ---------------------------------------- ----------- --------- -------------
    64 \I                                                 1         1             1
  ---- ---------------------------------------- ----------- --------- -------------
    65 \I                                                 0         0             0
  ---- ---------------------------------------- ----------- --------- -------------
    66 \I                                                 0         0             0
  ---- ---------------------------------------- ----------- --------- -------------
    67 \I                                                 0         0             0
  ---- ---------------------------------------- ----------- --------- -------------
    68 \I                                                 0         0             0
  ---- ---------------------------------------- ----------- --------- -------------
    69 \I                                                 0         0             0
  ---- ---------------------------------------- ----------- --------- -------------
    70 \I                                                 0         0             0
  ---- ---------------------------------------- ----------- --------- -------------
    71 \I                                                 1         1             1
  ---- ---------------------------------------- ----------- --------- -------------
    72 \I                                                 0         0             0
  ---- ---------------------------------------- ----------- --------- -------------
    73 \I                                                 0         0             0
  ---- ---------------------------------------- ----------- --------- -------------
    74 \I                                                 0         0             0
  ---- ---------------------------------------- ----------- --------- -------------
    75 \I                                                 0         0             0
  ---- ---------------------------------------- ----------- --------- -------------
    76 \I                                                 0         0             0
  ---- ---------------------------------------- ----------- --------- -------------
    77 \I                                                 1         1             1
  ---- ---------------------------------------- ----------- --------- -------------
    78 \I                                                 0         0             0
  ---- ---------------------------------------- ----------- --------- -------------
    79 \I                                                 1         1             1
  ---- ---------------------------------------- ----------- --------- -------------
    80 \I                                                 0         0             0
  ---- ---------------------------------------- ----------- --------- -------------
    81 \I                                                 0         0             0
  ---- ---------------------------------------- ----------- --------- -------------
    82 \I                                                 0         0             0
  ---- ---------------------------------------- ----------- --------- -------------
    83 \I                                                 0         0             0
  ---- ---------------------------------------- ----------- --------- -------------
    84 \I                                                 1         1             1
  ---- ---------------------------------------- ----------- --------- -------------
    85 \I                                                 0         0             0
  ---- ---------------------------------------- ----------- --------- -------------
    86 \I                                                 0         0             0
  ---- ---------------------------------------- ----------- --------- -------------
    87 \I                                                 0         0             0
  ---- ---------------------------------------- ----------- --------- -------------
    88 \I                                                 0         0             0
  ---- ---------------------------------------- ----------- --------- -------------
    89 \I                                                 0         0             0
  ---- ---------------------------------------- ----------- --------- -------------
    90 \I                                                 0         0             0
  ---- ---------------------------------------- ----------- --------- -------------
    91 \I                                                 0         0             0
  ---- ---------------------------------------- ----------- --------- -------------
    92 \I                                                 1         1             1
  ---- ---------------------------------------- ----------- --------- -------------
    93 \I                                                 0         0             0
  ---- ---------------------------------------- ----------- --------- -------------
    94 \I                                                 0         0             0
  ---- ---------------------------------------- ----------- --------- -------------
    95 \I                                                 0         0             0
  ---- ---------------------------------------- ----------- --------- -------------
    96 \I                                                 0         0             0
  ---- ---------------------------------------- ----------- --------- -------------
    97 \I                                                 0         0             0
  ---- ---------------------------------------- ----------- --------- -------------
    98 \I                                                 0         0             0
  ---- ---------------------------------------- ----------- --------- -------------
    99 \I                                                 1         1             1
  ---- ---------------------------------------- ----------- --------- -------------
   100 \I                                                 0         0             0
  ---- ---------------------------------------- ----------- --------- -------------
   101 \I                                                 0         0             0
  ---- ---------------------------------------- ----------- --------- -------------
   102 \I                                                 0         0             0
  ---- ---------------------------------------- ----------- --------- -------------
   103 \I                                                 0         0             0
  ---- ---------------------------------------- ----------- --------- -------------
   104 \I                                                 0         0             0
  ---- ---------------------------------------- ----------- --------- -------------
   105 \I                                                 1         1             1
  ---- ---------------------------------------- ----------- --------- -------------
   106 \I                                                 0         0             0
  ---- ---------------------------------------- ----------- --------- -------------
   107 \I                                                 0         0             0
  ---- ---------------------------------------- ----------- --------- -------------
   108 \I                                                 1         1             1
  ---- ---------------------------------------- ----------- --------- -------------
   109 \I                                                 0         0             0
  ---- ---------------------------------------- ----------- --------- -------------
   110 \I                                                 0         0             0
  ---- ---------------------------------------- ----------- --------- -------------
   111 \I                                                 0         0             0
  ---- ---------------------------------------- ----------- --------- -------------
   112 \I                                                 1         1             1
  ---- ---------------------------------------- ----------- --------- -------------
   113 \I                                                 0         0             0
  ---- ---------------------------------------- ----------- --------- -------------
   114 \I                                                 1         1             1
  ---- ---------------------------------------- ----------- --------- -------------
   115 \I                                                 0         0             0
  ---- ---------------------------------------- ----------- --------- -------------
   116 \I                                                 0         0             0
  ---- ---------------------------------------- ----------- --------- -------------
   117 \I                                                 0         0             0
  ---- ---------------------------------------- ----------- --------- -------------
   118 \I                                                 0         0             0
  ---- ---------------------------------------- ----------- --------- -------------
   119 \I                                                 0         0             0
  ---- ---------------------------------------- ----------- --------- -------------
   120 \I                                                 0         0             0
  ---- ---------------------------------------- ----------- --------- -------------
   121 \I                                                 0         0             0
  ---- ---------------------------------------- ----------- --------- -------------
   122 \I                                                 1         1             1
  ---- ---------------------------------------- ----------- --------- -------------
   123 \I                                                 1         1             1

End of script. Logfile hash: 3c8a4eb1e8, CPU: user 16.42s system 0.64s, MEM: 953.71 MB peak
Yosys 0.33 (git sha1 2584903a060)
Time spent: 97% 1x sat (16 sec), 0% 4x opt_expr (0 sec), ...
